/*
SQLyog Community v12.5.0 (64 bit)
MySQL - 5.7.19 : Database - real_jongeto
*********************************************************************
*/

/*!40101 SET NAMES utf8 */;

/*!40101 SET SQL_MODE=''*/;

/*!40014 SET @OLD_UNIQUE_CHECKS=@@UNIQUE_CHECKS, UNIQUE_CHECKS=0 */;
/*!40014 SET @OLD_FOREIGN_KEY_CHECKS=@@FOREIGN_KEY_CHECKS, FOREIGN_KEY_CHECKS=0 */;
/*!40101 SET @OLD_SQL_MODE=@@SQL_MODE, SQL_MODE='NO_AUTO_VALUE_ON_ZERO' */;
/*!40111 SET @OLD_SQL_NOTES=@@SQL_NOTES, SQL_NOTES=0 */;
CREATE DATABASE /*!32312 IF NOT EXISTS*/`real_jongeto` /*!40100 DEFAULT CHARACTER SET latin1 */;

USE `real_jongeto`;

/*Table structure for table `re_account_chart` */

DROP TABLE IF EXISTS `re_account_chart`;

CREATE TABLE `re_account_chart` (
  `id` int(11) NOT NULL AUTO_INCREMENT,
  `code` int(11) NOT NULL,
  `name` varchar(255) NOT NULL DEFAULT '',
  `fk_re_account_type` int(11) DEFAULT NULL,
  `status` int(11) DEFAULT NULL,
  `description` text,
  `created_by` int(11) DEFAULT NULL,
  `modified_by` int(11) DEFAULT NULL,
  `created_on` int(11) DEFAULT NULL,
  `modified_on` int(11) DEFAULT NULL,
  PRIMARY KEY (`id`),
  KEY `fk_re_account_type` (`fk_re_account_type`),
  CONSTRAINT `re_account_chart_ibfk_1` FOREIGN KEY (`fk_re_account_type`) REFERENCES `re_account_type` (`id`)
) ENGINE=InnoDB AUTO_INCREMENT=47 DEFAULT CHARSET=utf8;

/*Data for the table `re_account_chart` */

insert  into `re_account_chart`(`id`,`code`,`name`,`fk_re_account_type`,`status`,`description`,`created_by`,`modified_by`,`created_on`,`modified_on`) values 
(32,1101,'Cash',1,1,'Cash Account',1,NULL,NULL,NULL),
(33,1102,'Bank',1,1,'Bank Account',1,NULL,NULL,NULL),
(34,1103,'Accounts Receivable',1,1,'Accounts Receivable\r\n',1,NULL,NULL,NULL),
(35,1104,'Accounts Payable',2,1,'Accounts Payable\r\n',1,NULL,NULL,NULL),
(36,1105,'Rent Income',4,1,NULL,1,NULL,NULL,NULL),
(38,1107,'Disbursement',2,1,'Disbursement account',1,NULL,NULL,NULL),
(39,1108,'Imprest',2,1,'Imprest paid to landlords',1,NULL,NULL,NULL),
(40,1109,'Commission',4,1,NULL,1,NULL,NULL,NULL),
(41,1110,'Transport',5,1,NULL,1,NULL,NULL,NULL),
(42,1111,'Lunch',5,1,NULL,1,NULL,NULL,NULL),
(43,1112,'Bank Charges',5,1,NULL,1,NULL,NULL,NULL),
(44,1113,'Salary',5,1,NULL,1,NULL,NULL,NULL),
(45,1114,'Salary Advance',5,1,NULL,1,NULL,NULL,NULL),
(46,1115,'Penalty Waiver',5,1,NULL,1,NULL,NULL,NULL);

/*Table structure for table `re_account_entries` */

DROP TABLE IF EXISTS `re_account_entries`;

CREATE TABLE `re_account_entries` (
  `id` int(11) NOT NULL AUTO_INCREMENT,
  `fk_account_chart` int(11) NOT NULL,
  `trasaction_type` enum('credit','debit') NOT NULL,
  `particulars` varchar(200) DEFAULT NULL,
  `amount` double NOT NULL,
  `entry_date` date NOT NULL,
  `created_on` datetime DEFAULT NULL,
  `created_by` int(11) DEFAULT NULL,
  `origin_id` int(11) DEFAULT NULL,
  `origin_model` varchar(30) DEFAULT NULL,
  PRIMARY KEY (`id`)
) ENGINE=InnoDB AUTO_INCREMENT=1137 DEFAULT CHARSET=utf8;

/*Data for the table `re_account_entries` */

insert  into `re_account_entries`(`id`,`fk_account_chart`,`trasaction_type`,`particulars`,`amount`,`entry_date`,`created_on`,`created_by`,`origin_id`,`origin_model`) values 
(1,32,'debit',NULL,7000,'2018-03-08','2018-03-08 00:31:36',1,11,'app\\models\\OccupancyPayments'),
(2,36,'credit',NULL,7000,'2018-03-08','2018-03-08 00:31:36',1,11,'app\\models\\OccupancyPayments'),
(3,40,'debit',NULL,1400,'2018-03-08','2018-03-08 00:33:49',1,18,'app\\models\\OccupancyRent'),
(4,36,'credit',NULL,1400,'2018-03-08','2018-03-08 00:33:49',1,18,'app\\models\\OccupancyRent'),
(5,36,'debit',NULL,7000,'2018-03-08','2018-03-08 00:43:04',1,351,'app\\models\\OccupancyRent'),
(6,34,'credit',NULL,7000,'2018-03-08','2018-03-08 00:43:04',1,351,'app\\models\\OccupancyRent'),
(7,40,'debit',NULL,1400,'2018-03-08','2018-03-08 00:46:07',1,351,'app\\models\\OccupancyRent'),
(8,36,'credit',NULL,1400,'2018-03-08','2018-03-08 00:46:07',1,351,'app\\models\\OccupancyRent'),
(9,36,'debit',NULL,7500,'2018-03-08','2018-03-08 01:03:32',1,352,'app\\models\\OccupancyRent'),
(10,34,'credit',NULL,7500,'2018-03-08','2018-03-08 01:03:32',1,352,'app\\models\\OccupancyRent'),
(11,36,'debit',NULL,7000,'2018-03-08','2018-03-08 01:03:33',1,353,'app\\models\\OccupancyRent'),
(12,34,'credit',NULL,7000,'2018-03-08','2018-03-08 01:03:33',1,353,'app\\models\\OccupancyRent'),
(13,36,'debit',NULL,7000,'2018-03-08','2018-03-08 01:03:33',1,354,'app\\models\\OccupancyRent'),
(14,34,'credit',NULL,7000,'2018-03-08','2018-03-08 01:03:33',1,354,'app\\models\\OccupancyRent'),
(15,36,'debit',NULL,7000,'2018-03-08','2018-03-08 01:03:33',1,355,'app\\models\\OccupancyRent'),
(16,34,'credit',NULL,7000,'2018-03-08','2018-03-08 01:03:33',1,355,'app\\models\\OccupancyRent'),
(17,36,'debit',NULL,2300,'2018-03-08','2018-03-08 01:03:33',1,356,'app\\models\\OccupancyRent'),
(18,34,'credit',NULL,2300,'2018-03-08','2018-03-08 01:03:33',1,356,'app\\models\\OccupancyRent'),
(19,36,'debit',NULL,2300,'2018-03-08','2018-03-08 01:03:33',1,357,'app\\models\\OccupancyRent'),
(20,34,'credit',NULL,2300,'2018-03-08','2018-03-08 01:03:33',1,357,'app\\models\\OccupancyRent'),
(21,36,'debit',NULL,2300,'2018-03-08','2018-03-08 01:03:33',1,358,'app\\models\\OccupancyRent'),
(22,34,'credit',NULL,2300,'2018-03-08','2018-03-08 01:03:33',1,358,'app\\models\\OccupancyRent'),
(23,36,'debit',NULL,2300,'2018-03-08','2018-03-08 01:03:33',1,359,'app\\models\\OccupancyRent'),
(24,34,'credit',NULL,2300,'2018-03-08','2018-03-08 01:03:33',1,359,'app\\models\\OccupancyRent'),
(25,36,'debit',NULL,2300,'2018-03-08','2018-03-08 01:03:33',1,360,'app\\models\\OccupancyRent'),
(26,34,'credit',NULL,2300,'2018-03-08','2018-03-08 01:03:33',1,360,'app\\models\\OccupancyRent'),
(27,36,'debit',NULL,2300,'2018-03-08','2018-03-08 01:03:33',1,361,'app\\models\\OccupancyRent'),
(28,34,'credit',NULL,2300,'2018-03-08','2018-03-08 01:03:33',1,361,'app\\models\\OccupancyRent'),
(29,36,'debit',NULL,2300,'2018-03-08','2018-03-08 01:03:33',1,362,'app\\models\\OccupancyRent'),
(30,34,'credit',NULL,2300,'2018-03-08','2018-03-08 01:03:33',1,362,'app\\models\\OccupancyRent'),
(31,36,'debit',NULL,2300,'2018-03-08','2018-03-08 01:03:33',1,363,'app\\models\\OccupancyRent'),
(32,34,'credit',NULL,2300,'2018-03-08','2018-03-08 01:03:33',1,363,'app\\models\\OccupancyRent'),
(33,36,'debit',NULL,2300,'2018-03-08','2018-03-08 01:03:33',1,364,'app\\models\\OccupancyRent'),
(34,34,'credit',NULL,2300,'2018-03-08','2018-03-08 01:03:33',1,364,'app\\models\\OccupancyRent'),
(35,36,'debit',NULL,2300,'2018-03-08','2018-03-08 01:03:33',1,365,'app\\models\\OccupancyRent'),
(36,34,'credit',NULL,2300,'2018-03-08','2018-03-08 01:03:33',1,365,'app\\models\\OccupancyRent'),
(37,36,'debit',NULL,2300,'2018-03-08','2018-03-08 01:03:34',1,366,'app\\models\\OccupancyRent'),
(38,34,'credit',NULL,2300,'2018-03-08','2018-03-08 01:03:34',1,366,'app\\models\\OccupancyRent'),
(39,36,'debit',NULL,1500,'2018-03-08','2018-03-08 01:03:34',1,367,'app\\models\\OccupancyRent'),
(40,34,'credit',NULL,1500,'2018-03-08','2018-03-08 01:03:34',1,367,'app\\models\\OccupancyRent'),
(41,36,'debit',NULL,1500,'2018-03-08','2018-03-08 01:03:34',1,368,'app\\models\\OccupancyRent'),
(42,34,'credit',NULL,1500,'2018-03-08','2018-03-08 01:03:34',1,368,'app\\models\\OccupancyRent'),
(43,36,'debit',NULL,1500,'2018-03-08','2018-03-08 01:03:34',1,369,'app\\models\\OccupancyRent'),
(44,34,'credit',NULL,1500,'2018-03-08','2018-03-08 01:03:34',1,369,'app\\models\\OccupancyRent'),
(45,36,'debit',NULL,700,'2018-03-08','2018-03-08 01:03:34',1,370,'app\\models\\OccupancyRent'),
(46,34,'credit',NULL,700,'2018-03-08','2018-03-08 01:03:34',1,370,'app\\models\\OccupancyRent'),
(47,36,'debit',NULL,700,'2018-03-08','2018-03-08 01:03:34',1,371,'app\\models\\OccupancyRent'),
(48,34,'credit',NULL,700,'2018-03-08','2018-03-08 01:03:34',1,371,'app\\models\\OccupancyRent'),
(49,36,'debit',NULL,700,'2018-03-08','2018-03-08 01:03:34',1,372,'app\\models\\OccupancyRent'),
(50,34,'credit',NULL,700,'2018-03-08','2018-03-08 01:03:34',1,372,'app\\models\\OccupancyRent'),
(51,36,'debit',NULL,700,'2018-03-08','2018-03-08 01:03:34',1,373,'app\\models\\OccupancyRent'),
(52,34,'credit',NULL,700,'2018-03-08','2018-03-08 01:03:34',1,373,'app\\models\\OccupancyRent'),
(53,36,'debit',NULL,700,'2018-03-08','2018-03-08 01:03:34',1,374,'app\\models\\OccupancyRent'),
(54,34,'credit',NULL,700,'2018-03-08','2018-03-08 01:03:34',1,374,'app\\models\\OccupancyRent'),
(55,36,'debit',NULL,700,'2018-03-08','2018-03-08 01:03:34',1,375,'app\\models\\OccupancyRent'),
(56,34,'credit',NULL,700,'2018-03-08','2018-03-08 01:03:34',1,375,'app\\models\\OccupancyRent'),
(57,36,'debit',NULL,1300,'2018-03-08','2018-03-08 01:03:34',1,376,'app\\models\\OccupancyRent'),
(58,34,'credit',NULL,1300,'2018-03-08','2018-03-08 01:03:34',1,376,'app\\models\\OccupancyRent'),
(59,36,'debit',NULL,1300,'2018-03-08','2018-03-08 01:03:34',1,377,'app\\models\\OccupancyRent'),
(60,34,'credit',NULL,1300,'2018-03-08','2018-03-08 01:03:34',1,377,'app\\models\\OccupancyRent'),
(61,36,'debit',NULL,1300,'2018-03-08','2018-03-08 01:03:34',1,378,'app\\models\\OccupancyRent'),
(62,34,'credit',NULL,1300,'2018-03-08','2018-03-08 01:03:34',1,378,'app\\models\\OccupancyRent'),
(63,36,'debit',NULL,1300,'2018-03-08','2018-03-08 01:03:34',1,379,'app\\models\\OccupancyRent'),
(64,34,'credit',NULL,1300,'2018-03-08','2018-03-08 01:03:34',1,379,'app\\models\\OccupancyRent'),
(65,36,'debit',NULL,1300,'2018-03-08','2018-03-08 01:03:34',1,380,'app\\models\\OccupancyRent'),
(66,34,'credit',NULL,1300,'2018-03-08','2018-03-08 01:03:34',1,380,'app\\models\\OccupancyRent'),
(67,36,'debit',NULL,1300,'2018-03-08','2018-03-08 01:03:35',1,381,'app\\models\\OccupancyRent'),
(68,34,'credit',NULL,1300,'2018-03-08','2018-03-08 01:03:35',1,381,'app\\models\\OccupancyRent'),
(69,36,'debit',NULL,1300,'2018-03-08','2018-03-08 01:03:35',1,382,'app\\models\\OccupancyRent'),
(70,34,'credit',NULL,1300,'2018-03-08','2018-03-08 01:03:35',1,382,'app\\models\\OccupancyRent'),
(71,36,'debit',NULL,1300,'2018-03-08','2018-03-08 01:03:35',1,383,'app\\models\\OccupancyRent'),
(72,34,'credit',NULL,1300,'2018-03-08','2018-03-08 01:03:35',1,383,'app\\models\\OccupancyRent'),
(73,36,'debit',NULL,1300,'2018-03-08','2018-03-08 01:03:35',1,384,'app\\models\\OccupancyRent'),
(74,34,'credit',NULL,1300,'2018-03-08','2018-03-08 01:03:35',1,384,'app\\models\\OccupancyRent'),
(75,36,'debit',NULL,1300,'2018-03-08','2018-03-08 01:03:35',1,385,'app\\models\\OccupancyRent'),
(76,34,'credit',NULL,1300,'2018-03-08','2018-03-08 01:03:35',1,385,'app\\models\\OccupancyRent'),
(77,36,'debit',NULL,1300,'2018-03-08','2018-03-08 01:03:35',1,386,'app\\models\\OccupancyRent'),
(78,34,'credit',NULL,1300,'2018-03-08','2018-03-08 01:03:35',1,386,'app\\models\\OccupancyRent'),
(79,36,'debit',NULL,1300,'2018-03-08','2018-03-08 01:03:35',1,387,'app\\models\\OccupancyRent'),
(80,34,'credit',NULL,1300,'2018-03-08','2018-03-08 01:03:35',1,387,'app\\models\\OccupancyRent'),
(81,36,'debit',NULL,2000,'2018-03-08','2018-03-08 01:03:35',1,388,'app\\models\\OccupancyRent'),
(82,34,'credit',NULL,2000,'2018-03-08','2018-03-08 01:03:35',1,388,'app\\models\\OccupancyRent'),
(83,36,'debit',NULL,2000,'2018-03-08','2018-03-08 01:03:35',1,389,'app\\models\\OccupancyRent'),
(84,34,'credit',NULL,2000,'2018-03-08','2018-03-08 01:03:35',1,389,'app\\models\\OccupancyRent'),
(85,36,'debit',NULL,2000,'2018-03-08','2018-03-08 01:03:35',1,390,'app\\models\\OccupancyRent'),
(86,34,'credit',NULL,2000,'2018-03-08','2018-03-08 01:03:35',1,390,'app\\models\\OccupancyRent'),
(87,36,'debit',NULL,2000,'2018-03-08','2018-03-08 01:03:35',1,391,'app\\models\\OccupancyRent'),
(88,34,'credit',NULL,2000,'2018-03-08','2018-03-08 01:03:35',1,391,'app\\models\\OccupancyRent'),
(89,36,'debit',NULL,2000,'2018-03-08','2018-03-08 01:03:35',1,392,'app\\models\\OccupancyRent'),
(90,34,'credit',NULL,2000,'2018-03-08','2018-03-08 01:03:35',1,392,'app\\models\\OccupancyRent'),
(91,36,'debit',NULL,2000,'2018-03-08','2018-03-08 01:03:35',1,393,'app\\models\\OccupancyRent'),
(92,34,'credit',NULL,2000,'2018-03-08','2018-03-08 01:03:35',1,393,'app\\models\\OccupancyRent'),
(93,36,'debit',NULL,1500,'2018-03-08','2018-03-08 01:03:35',1,394,'app\\models\\OccupancyRent'),
(94,34,'credit',NULL,1500,'2018-03-08','2018-03-08 01:03:35',1,394,'app\\models\\OccupancyRent'),
(95,36,'debit',NULL,5000,'2018-03-08','2018-03-08 01:03:35',1,395,'app\\models\\OccupancyRent'),
(96,34,'credit',NULL,5000,'2018-03-08','2018-03-08 01:03:35',1,395,'app\\models\\OccupancyRent'),
(97,36,'debit',NULL,1000,'2018-03-08','2018-03-08 01:03:36',1,396,'app\\models\\OccupancyRent'),
(98,34,'credit',NULL,1000,'2018-03-08','2018-03-08 01:03:36',1,396,'app\\models\\OccupancyRent'),
(99,36,'debit',NULL,1000,'2018-03-08','2018-03-08 01:03:36',1,397,'app\\models\\OccupancyRent'),
(100,34,'credit',NULL,1000,'2018-03-08','2018-03-08 01:03:36',1,397,'app\\models\\OccupancyRent'),
(101,36,'debit',NULL,1000,'2018-03-08','2018-03-08 01:03:36',1,398,'app\\models\\OccupancyRent'),
(102,34,'credit',NULL,1000,'2018-03-08','2018-03-08 01:03:36',1,398,'app\\models\\OccupancyRent'),
(103,36,'debit',NULL,1000,'2018-03-08','2018-03-08 01:03:36',1,399,'app\\models\\OccupancyRent'),
(104,34,'credit',NULL,1000,'2018-03-08','2018-03-08 01:03:36',1,399,'app\\models\\OccupancyRent'),
(105,36,'debit',NULL,1500,'2018-03-08','2018-03-08 01:03:36',1,400,'app\\models\\OccupancyRent'),
(106,34,'credit',NULL,1500,'2018-03-08','2018-03-08 01:03:36',1,400,'app\\models\\OccupancyRent'),
(107,36,'debit',NULL,1500,'2018-03-08','2018-03-08 01:03:36',1,401,'app\\models\\OccupancyRent'),
(108,34,'credit',NULL,1500,'2018-03-08','2018-03-08 01:03:36',1,401,'app\\models\\OccupancyRent'),
(109,36,'debit',NULL,1500,'2018-03-08','2018-03-08 01:03:36',1,402,'app\\models\\OccupancyRent'),
(110,34,'credit',NULL,1500,'2018-03-08','2018-03-08 01:03:36',1,402,'app\\models\\OccupancyRent'),
(111,36,'debit',NULL,1500,'2018-03-08','2018-03-08 01:03:36',1,403,'app\\models\\OccupancyRent'),
(112,34,'credit',NULL,1500,'2018-03-08','2018-03-08 01:03:36',1,403,'app\\models\\OccupancyRent'),
(113,36,'debit',NULL,1500,'2018-03-08','2018-03-08 01:03:36',1,404,'app\\models\\OccupancyRent'),
(114,34,'credit',NULL,1500,'2018-03-08','2018-03-08 01:03:36',1,404,'app\\models\\OccupancyRent'),
(115,36,'debit',NULL,1500,'2018-03-08','2018-03-08 01:03:36',1,405,'app\\models\\OccupancyRent'),
(116,34,'credit',NULL,1500,'2018-03-08','2018-03-08 01:03:36',1,405,'app\\models\\OccupancyRent'),
(117,36,'debit',NULL,1500,'2018-03-08','2018-03-08 01:03:36',1,406,'app\\models\\OccupancyRent'),
(118,34,'credit',NULL,1500,'2018-03-08','2018-03-08 01:03:36',1,406,'app\\models\\OccupancyRent'),
(119,36,'debit',NULL,1500,'2018-03-08','2018-03-08 01:03:36',1,407,'app\\models\\OccupancyRent'),
(120,34,'credit',NULL,1500,'2018-03-08','2018-03-08 01:03:36',1,407,'app\\models\\OccupancyRent'),
(121,36,'debit',NULL,1500,'2018-03-08','2018-03-08 01:03:36',1,408,'app\\models\\OccupancyRent'),
(122,34,'credit',NULL,1500,'2018-03-08','2018-03-08 01:03:36',1,408,'app\\models\\OccupancyRent'),
(123,36,'debit',NULL,1500,'2018-03-08','2018-03-08 01:03:36',1,409,'app\\models\\OccupancyRent'),
(124,34,'credit',NULL,1500,'2018-03-08','2018-03-08 01:03:36',1,409,'app\\models\\OccupancyRent'),
(125,36,'debit',NULL,1500,'2018-03-08','2018-03-08 01:03:36',1,410,'app\\models\\OccupancyRent'),
(126,34,'credit',NULL,1500,'2018-03-08','2018-03-08 01:03:36',1,410,'app\\models\\OccupancyRent'),
(127,36,'debit',NULL,2000,'2018-03-08','2018-03-08 01:03:37',1,411,'app\\models\\OccupancyRent'),
(128,34,'credit',NULL,2000,'2018-03-08','2018-03-08 01:03:37',1,411,'app\\models\\OccupancyRent'),
(129,36,'debit',NULL,2000,'2018-03-08','2018-03-08 01:03:37',1,412,'app\\models\\OccupancyRent'),
(130,34,'credit',NULL,2000,'2018-03-08','2018-03-08 01:03:37',1,412,'app\\models\\OccupancyRent'),
(131,36,'debit',NULL,2000,'2018-03-08','2018-03-08 01:03:37',1,413,'app\\models\\OccupancyRent'),
(132,34,'credit',NULL,2000,'2018-03-08','2018-03-08 01:03:37',1,413,'app\\models\\OccupancyRent'),
(133,36,'debit',NULL,2000,'2018-03-08','2018-03-08 01:03:37',1,414,'app\\models\\OccupancyRent'),
(134,34,'credit',NULL,2000,'2018-03-08','2018-03-08 01:03:37',1,414,'app\\models\\OccupancyRent'),
(135,36,'debit',NULL,2000,'2018-03-08','2018-03-08 01:03:37',1,415,'app\\models\\OccupancyRent'),
(136,34,'credit',NULL,2000,'2018-03-08','2018-03-08 01:03:37',1,415,'app\\models\\OccupancyRent'),
(137,36,'debit',NULL,2000,'2018-03-08','2018-03-08 01:03:37',1,416,'app\\models\\OccupancyRent'),
(138,34,'credit',NULL,2000,'2018-03-08','2018-03-08 01:03:37',1,416,'app\\models\\OccupancyRent'),
(139,36,'debit',NULL,2000,'2018-03-08','2018-03-08 01:03:37',1,417,'app\\models\\OccupancyRent'),
(140,34,'credit',NULL,2000,'2018-03-08','2018-03-08 01:03:37',1,417,'app\\models\\OccupancyRent'),
(141,36,'debit',NULL,2000,'2018-03-08','2018-03-08 01:03:37',1,418,'app\\models\\OccupancyRent'),
(142,34,'credit',NULL,2000,'2018-03-08','2018-03-08 01:03:37',1,418,'app\\models\\OccupancyRent'),
(143,36,'debit',NULL,2000,'2018-03-08','2018-03-08 01:03:37',1,419,'app\\models\\OccupancyRent'),
(144,34,'credit',NULL,2000,'2018-03-08','2018-03-08 01:03:37',1,419,'app\\models\\OccupancyRent'),
(145,36,'debit',NULL,2000,'2018-03-08','2018-03-08 01:03:37',1,420,'app\\models\\OccupancyRent'),
(146,34,'credit',NULL,2000,'2018-03-08','2018-03-08 01:03:37',1,420,'app\\models\\OccupancyRent'),
(147,36,'debit',NULL,2000,'2018-03-08','2018-03-08 01:03:37',1,421,'app\\models\\OccupancyRent'),
(148,34,'credit',NULL,2000,'2018-03-08','2018-03-08 01:03:37',1,421,'app\\models\\OccupancyRent'),
(149,36,'debit',NULL,1800,'2018-03-08','2018-03-08 01:03:37',1,422,'app\\models\\OccupancyRent'),
(150,34,'credit',NULL,1800,'2018-03-08','2018-03-08 01:03:37',1,422,'app\\models\\OccupancyRent'),
(151,36,'debit',NULL,1800,'2018-03-08','2018-03-08 01:03:37',1,423,'app\\models\\OccupancyRent'),
(152,34,'credit',NULL,1800,'2018-03-08','2018-03-08 01:03:37',1,423,'app\\models\\OccupancyRent'),
(153,36,'debit',NULL,1800,'2018-03-08','2018-03-08 01:03:37',1,424,'app\\models\\OccupancyRent'),
(154,34,'credit',NULL,1800,'2018-03-08','2018-03-08 01:03:37',1,424,'app\\models\\OccupancyRent'),
(155,36,'debit',NULL,1800,'2018-03-08','2018-03-08 01:03:37',1,425,'app\\models\\OccupancyRent'),
(156,34,'credit',NULL,1800,'2018-03-08','2018-03-08 01:03:37',1,425,'app\\models\\OccupancyRent'),
(157,36,'debit',NULL,1800,'2018-03-08','2018-03-08 01:03:38',1,426,'app\\models\\OccupancyRent'),
(158,34,'credit',NULL,1800,'2018-03-08','2018-03-08 01:03:38',1,426,'app\\models\\OccupancyRent'),
(159,36,'debit',NULL,1800,'2018-03-08','2018-03-08 01:03:38',1,427,'app\\models\\OccupancyRent'),
(160,34,'credit',NULL,1800,'2018-03-08','2018-03-08 01:03:38',1,427,'app\\models\\OccupancyRent'),
(161,36,'debit',NULL,1800,'2018-03-08','2018-03-08 01:03:38',1,428,'app\\models\\OccupancyRent'),
(162,34,'credit',NULL,1800,'2018-03-08','2018-03-08 01:03:38',1,428,'app\\models\\OccupancyRent'),
(163,36,'debit',NULL,1800,'2018-03-08','2018-03-08 01:03:38',1,429,'app\\models\\OccupancyRent'),
(164,34,'credit',NULL,1800,'2018-03-08','2018-03-08 01:03:38',1,429,'app\\models\\OccupancyRent'),
(165,36,'debit',NULL,1200,'2018-03-08','2018-03-08 01:03:38',1,430,'app\\models\\OccupancyRent'),
(166,34,'credit',NULL,1200,'2018-03-08','2018-03-08 01:03:38',1,430,'app\\models\\OccupancyRent'),
(167,36,'debit',NULL,1200,'2018-03-08','2018-03-08 01:03:38',1,431,'app\\models\\OccupancyRent'),
(168,34,'credit',NULL,1200,'2018-03-08','2018-03-08 01:03:38',1,431,'app\\models\\OccupancyRent'),
(169,36,'debit',NULL,1200,'2018-03-08','2018-03-08 01:03:38',1,432,'app\\models\\OccupancyRent'),
(170,34,'credit',NULL,1200,'2018-03-08','2018-03-08 01:03:38',1,432,'app\\models\\OccupancyRent'),
(171,36,'debit',NULL,1200,'2018-03-08','2018-03-08 01:03:38',1,433,'app\\models\\OccupancyRent'),
(172,34,'credit',NULL,1200,'2018-03-08','2018-03-08 01:03:38',1,433,'app\\models\\OccupancyRent'),
(173,36,'debit',NULL,1200,'2018-03-08','2018-03-08 01:03:38',1,434,'app\\models\\OccupancyRent'),
(174,34,'credit',NULL,1200,'2018-03-08','2018-03-08 01:03:38',1,434,'app\\models\\OccupancyRent'),
(175,36,'debit',NULL,1200,'2018-03-08','2018-03-08 01:03:38',1,435,'app\\models\\OccupancyRent'),
(176,34,'credit',NULL,1200,'2018-03-08','2018-03-08 01:03:38',1,435,'app\\models\\OccupancyRent'),
(177,36,'debit',NULL,1200,'2018-03-08','2018-03-08 01:03:38',1,436,'app\\models\\OccupancyRent'),
(178,34,'credit',NULL,1200,'2018-03-08','2018-03-08 01:03:38',1,436,'app\\models\\OccupancyRent'),
(179,36,'debit',NULL,1200,'2018-03-08','2018-03-08 01:03:38',1,437,'app\\models\\OccupancyRent'),
(180,34,'credit',NULL,1200,'2018-03-08','2018-03-08 01:03:38',1,437,'app\\models\\OccupancyRent'),
(181,36,'debit',NULL,1000,'2018-03-08','2018-03-08 01:03:38',1,438,'app\\models\\OccupancyRent'),
(182,34,'credit',NULL,1000,'2018-03-08','2018-03-08 01:03:38',1,438,'app\\models\\OccupancyRent'),
(183,36,'debit',NULL,1000,'2018-03-08','2018-03-08 01:03:38',1,439,'app\\models\\OccupancyRent'),
(184,34,'credit',NULL,1000,'2018-03-08','2018-03-08 01:03:38',1,439,'app\\models\\OccupancyRent'),
(185,36,'debit',NULL,1000,'2018-03-08','2018-03-08 01:03:38',1,440,'app\\models\\OccupancyRent'),
(186,34,'credit',NULL,1000,'2018-03-08','2018-03-08 01:03:38',1,440,'app\\models\\OccupancyRent'),
(187,36,'debit',NULL,800,'2018-03-08','2018-03-08 01:03:39',1,441,'app\\models\\OccupancyRent'),
(188,34,'credit',NULL,800,'2018-03-08','2018-03-08 01:03:39',1,441,'app\\models\\OccupancyRent'),
(189,36,'debit',NULL,800,'2018-03-08','2018-03-08 01:03:39',1,442,'app\\models\\OccupancyRent'),
(190,34,'credit',NULL,800,'2018-03-08','2018-03-08 01:03:39',1,442,'app\\models\\OccupancyRent'),
(191,36,'debit',NULL,800,'2018-03-08','2018-03-08 01:03:39',1,443,'app\\models\\OccupancyRent'),
(192,34,'credit',NULL,800,'2018-03-08','2018-03-08 01:03:39',1,443,'app\\models\\OccupancyRent'),
(193,36,'debit',NULL,800,'2018-03-08','2018-03-08 01:03:39',1,444,'app\\models\\OccupancyRent'),
(194,34,'credit',NULL,800,'2018-03-08','2018-03-08 01:03:39',1,444,'app\\models\\OccupancyRent'),
(195,36,'debit',NULL,800,'2018-03-08','2018-03-08 01:03:39',1,445,'app\\models\\OccupancyRent'),
(196,34,'credit',NULL,800,'2018-03-08','2018-03-08 01:03:39',1,445,'app\\models\\OccupancyRent'),
(197,36,'debit',NULL,800,'2018-03-08','2018-03-08 01:03:39',1,446,'app\\models\\OccupancyRent'),
(198,34,'credit',NULL,800,'2018-03-08','2018-03-08 01:03:39',1,446,'app\\models\\OccupancyRent'),
(199,36,'debit',NULL,1000,'2018-03-08','2018-03-08 01:03:39',1,447,'app\\models\\OccupancyRent'),
(200,34,'credit',NULL,1000,'2018-03-08','2018-03-08 01:03:39',1,447,'app\\models\\OccupancyRent'),
(201,36,'debit',NULL,1000,'2018-03-08','2018-03-08 01:03:39',1,448,'app\\models\\OccupancyRent'),
(202,34,'credit',NULL,1000,'2018-03-08','2018-03-08 01:03:39',1,448,'app\\models\\OccupancyRent'),
(203,36,'debit',NULL,1000,'2018-03-08','2018-03-08 01:03:39',1,449,'app\\models\\OccupancyRent'),
(204,34,'credit',NULL,1000,'2018-03-08','2018-03-08 01:03:39',1,449,'app\\models\\OccupancyRent'),
(205,36,'debit',NULL,2500,'2018-03-08','2018-03-08 01:03:39',1,450,'app\\models\\OccupancyRent'),
(206,34,'credit',NULL,2500,'2018-03-08','2018-03-08 01:03:39',1,450,'app\\models\\OccupancyRent'),
(207,36,'debit',NULL,2500,'2018-03-08','2018-03-08 01:03:39',1,451,'app\\models\\OccupancyRent'),
(208,34,'credit',NULL,2500,'2018-03-08','2018-03-08 01:03:39',1,451,'app\\models\\OccupancyRent'),
(209,36,'debit',NULL,2500,'2018-03-08','2018-03-08 01:03:39',1,452,'app\\models\\OccupancyRent'),
(210,34,'credit',NULL,2500,'2018-03-08','2018-03-08 01:03:39',1,452,'app\\models\\OccupancyRent'),
(211,36,'debit',NULL,2500,'2018-03-08','2018-03-08 01:03:39',1,453,'app\\models\\OccupancyRent'),
(212,34,'credit',NULL,2500,'2018-03-08','2018-03-08 01:03:39',1,453,'app\\models\\OccupancyRent'),
(213,36,'debit',NULL,1500,'2018-03-08','2018-03-08 01:03:39',1,454,'app\\models\\OccupancyRent'),
(214,34,'credit',NULL,1500,'2018-03-08','2018-03-08 01:03:39',1,454,'app\\models\\OccupancyRent'),
(215,36,'debit',NULL,1500,'2018-03-08','2018-03-08 01:03:39',1,455,'app\\models\\OccupancyRent'),
(216,34,'credit',NULL,1500,'2018-03-08','2018-03-08 01:03:39',1,455,'app\\models\\OccupancyRent'),
(217,36,'debit',NULL,1500,'2018-03-08','2018-03-08 01:03:40',1,456,'app\\models\\OccupancyRent'),
(218,34,'credit',NULL,1500,'2018-03-08','2018-03-08 01:03:40',1,456,'app\\models\\OccupancyRent'),
(219,36,'debit',NULL,1500,'2018-03-08','2018-03-08 01:03:40',1,457,'app\\models\\OccupancyRent'),
(220,34,'credit',NULL,1500,'2018-03-08','2018-03-08 01:03:40',1,457,'app\\models\\OccupancyRent'),
(221,36,'debit',NULL,1500,'2018-03-08','2018-03-08 01:03:40',1,458,'app\\models\\OccupancyRent'),
(222,34,'credit',NULL,1500,'2018-03-08','2018-03-08 01:03:40',1,458,'app\\models\\OccupancyRent'),
(223,36,'debit',NULL,1500,'2018-03-08','2018-03-08 01:03:40',1,459,'app\\models\\OccupancyRent'),
(224,34,'credit',NULL,1500,'2018-03-08','2018-03-08 01:03:40',1,459,'app\\models\\OccupancyRent'),
(225,36,'debit',NULL,1500,'2018-03-08','2018-03-08 01:03:40',1,460,'app\\models\\OccupancyRent'),
(226,34,'credit',NULL,1500,'2018-03-08','2018-03-08 01:03:40',1,460,'app\\models\\OccupancyRent'),
(227,36,'debit',NULL,2500,'2018-03-08','2018-03-08 01:03:40',1,461,'app\\models\\OccupancyRent'),
(228,34,'credit',NULL,2500,'2018-03-08','2018-03-08 01:03:40',1,461,'app\\models\\OccupancyRent'),
(229,36,'debit',NULL,2500,'2018-03-08','2018-03-08 01:03:40',1,462,'app\\models\\OccupancyRent'),
(230,34,'credit',NULL,2500,'2018-03-08','2018-03-08 01:03:40',1,462,'app\\models\\OccupancyRent'),
(231,36,'debit',NULL,2500,'2018-03-08','2018-03-08 01:03:40',1,463,'app\\models\\OccupancyRent'),
(232,34,'credit',NULL,2500,'2018-03-08','2018-03-08 01:03:40',1,463,'app\\models\\OccupancyRent'),
(233,36,'debit',NULL,2500,'2018-03-08','2018-03-08 01:03:40',1,464,'app\\models\\OccupancyRent'),
(234,34,'credit',NULL,2500,'2018-03-08','2018-03-08 01:03:40',1,464,'app\\models\\OccupancyRent'),
(235,36,'debit',NULL,2500,'2018-03-08','2018-03-08 01:03:40',1,465,'app\\models\\OccupancyRent'),
(236,34,'credit',NULL,2500,'2018-03-08','2018-03-08 01:03:40',1,465,'app\\models\\OccupancyRent'),
(237,36,'debit',NULL,2500,'2018-03-08','2018-03-08 01:03:40',1,466,'app\\models\\OccupancyRent'),
(238,34,'credit',NULL,2500,'2018-03-08','2018-03-08 01:03:40',1,466,'app\\models\\OccupancyRent'),
(239,36,'debit',NULL,2500,'2018-03-08','2018-03-08 01:03:40',1,467,'app\\models\\OccupancyRent'),
(240,34,'credit',NULL,2500,'2018-03-08','2018-03-08 01:03:40',1,467,'app\\models\\OccupancyRent'),
(241,36,'debit',NULL,2500,'2018-03-08','2018-03-08 01:03:40',1,468,'app\\models\\OccupancyRent'),
(242,34,'credit',NULL,2500,'2018-03-08','2018-03-08 01:03:40',1,468,'app\\models\\OccupancyRent'),
(243,36,'debit',NULL,2500,'2018-03-08','2018-03-08 01:03:40',1,469,'app\\models\\OccupancyRent'),
(244,34,'credit',NULL,2500,'2018-03-08','2018-03-08 01:03:40',1,469,'app\\models\\OccupancyRent'),
(245,36,'debit',NULL,1800,'2018-03-08','2018-03-08 01:03:40',1,470,'app\\models\\OccupancyRent'),
(246,34,'credit',NULL,1800,'2018-03-08','2018-03-08 01:03:40',1,470,'app\\models\\OccupancyRent'),
(247,36,'debit',NULL,1800,'2018-03-08','2018-03-08 01:03:41',1,471,'app\\models\\OccupancyRent'),
(248,34,'credit',NULL,1800,'2018-03-08','2018-03-08 01:03:41',1,471,'app\\models\\OccupancyRent'),
(249,36,'debit',NULL,1800,'2018-03-08','2018-03-08 01:03:41',1,472,'app\\models\\OccupancyRent'),
(250,34,'credit',NULL,1800,'2018-03-08','2018-03-08 01:03:41',1,472,'app\\models\\OccupancyRent'),
(251,36,'debit',NULL,1000,'2018-03-08','2018-03-08 01:03:41',1,473,'app\\models\\OccupancyRent'),
(252,34,'credit',NULL,1000,'2018-03-08','2018-03-08 01:03:41',1,473,'app\\models\\OccupancyRent'),
(253,36,'debit',NULL,1000,'2018-03-08','2018-03-08 01:03:41',1,474,'app\\models\\OccupancyRent'),
(254,34,'credit',NULL,1000,'2018-03-08','2018-03-08 01:03:41',1,474,'app\\models\\OccupancyRent'),
(255,36,'debit',NULL,1000,'2018-03-08','2018-03-08 01:03:41',1,475,'app\\models\\OccupancyRent'),
(256,34,'credit',NULL,1000,'2018-03-08','2018-03-08 01:03:41',1,475,'app\\models\\OccupancyRent'),
(257,36,'debit',NULL,1000,'2018-03-08','2018-03-08 01:03:41',1,476,'app\\models\\OccupancyRent'),
(258,34,'credit',NULL,1000,'2018-03-08','2018-03-08 01:03:41',1,476,'app\\models\\OccupancyRent'),
(259,36,'debit',NULL,1000,'2018-03-08','2018-03-08 01:03:41',1,477,'app\\models\\OccupancyRent'),
(260,34,'credit',NULL,1000,'2018-03-08','2018-03-08 01:03:41',1,477,'app\\models\\OccupancyRent'),
(261,36,'debit',NULL,1000,'2018-03-08','2018-03-08 01:03:41',1,478,'app\\models\\OccupancyRent'),
(262,34,'credit',NULL,1000,'2018-03-08','2018-03-08 01:03:41',1,478,'app\\models\\OccupancyRent'),
(263,36,'debit',NULL,1000,'2018-03-08','2018-03-08 01:03:41',1,479,'app\\models\\OccupancyRent'),
(264,34,'credit',NULL,1000,'2018-03-08','2018-03-08 01:03:41',1,479,'app\\models\\OccupancyRent'),
(265,36,'debit',NULL,1000,'2018-03-08','2018-03-08 01:03:41',1,480,'app\\models\\OccupancyRent'),
(266,34,'credit',NULL,1000,'2018-03-08','2018-03-08 01:03:41',1,480,'app\\models\\OccupancyRent'),
(267,36,'debit',NULL,1000,'2018-03-08','2018-03-08 01:03:41',1,481,'app\\models\\OccupancyRent'),
(268,34,'credit',NULL,1000,'2018-03-08','2018-03-08 01:03:41',1,481,'app\\models\\OccupancyRent'),
(269,36,'debit',NULL,1000,'2018-03-08','2018-03-08 01:03:41',1,482,'app\\models\\OccupancyRent'),
(270,34,'credit',NULL,1000,'2018-03-08','2018-03-08 01:03:41',1,482,'app\\models\\OccupancyRent'),
(271,36,'debit',NULL,1000,'2018-03-08','2018-03-08 01:03:41',1,483,'app\\models\\OccupancyRent'),
(272,34,'credit',NULL,1000,'2018-03-08','2018-03-08 01:03:41',1,483,'app\\models\\OccupancyRent'),
(273,36,'debit',NULL,1000,'2018-03-08','2018-03-08 01:03:41',1,484,'app\\models\\OccupancyRent'),
(274,34,'credit',NULL,1000,'2018-03-08','2018-03-08 01:03:41',1,484,'app\\models\\OccupancyRent'),
(275,36,'debit',NULL,1000,'2018-03-08','2018-03-08 01:03:42',1,485,'app\\models\\OccupancyRent'),
(276,34,'credit',NULL,1000,'2018-03-08','2018-03-08 01:03:42',1,485,'app\\models\\OccupancyRent'),
(277,36,'debit',NULL,3000,'2018-03-08','2018-03-08 01:03:42',1,486,'app\\models\\OccupancyRent'),
(278,34,'credit',NULL,3000,'2018-03-08','2018-03-08 01:03:42',1,486,'app\\models\\OccupancyRent'),
(279,36,'debit',NULL,2000,'2018-03-08','2018-03-08 01:03:42',1,487,'app\\models\\OccupancyRent'),
(280,34,'credit',NULL,2000,'2018-03-08','2018-03-08 01:03:42',1,487,'app\\models\\OccupancyRent'),
(281,36,'debit',NULL,2500,'2018-03-08','2018-03-08 01:03:42',1,488,'app\\models\\OccupancyRent'),
(282,34,'credit',NULL,2500,'2018-03-08','2018-03-08 01:03:42',1,488,'app\\models\\OccupancyRent'),
(283,36,'debit',NULL,2500,'2018-03-08','2018-03-08 01:03:42',1,489,'app\\models\\OccupancyRent'),
(284,34,'credit',NULL,2500,'2018-03-08','2018-03-08 01:03:42',1,489,'app\\models\\OccupancyRent'),
(285,36,'debit',NULL,2500,'2018-03-08','2018-03-08 01:03:42',1,490,'app\\models\\OccupancyRent'),
(286,34,'credit',NULL,2500,'2018-03-08','2018-03-08 01:03:42',1,490,'app\\models\\OccupancyRent'),
(287,36,'debit',NULL,2500,'2018-03-08','2018-03-08 01:03:42',1,491,'app\\models\\OccupancyRent'),
(288,34,'credit',NULL,2500,'2018-03-08','2018-03-08 01:03:42',1,491,'app\\models\\OccupancyRent'),
(289,36,'debit',NULL,2500,'2018-03-08','2018-03-08 01:03:42',1,492,'app\\models\\OccupancyRent'),
(290,34,'credit',NULL,2500,'2018-03-08','2018-03-08 01:03:42',1,492,'app\\models\\OccupancyRent'),
(291,36,'debit',NULL,2500,'2018-03-08','2018-03-08 01:03:42',1,493,'app\\models\\OccupancyRent'),
(292,34,'credit',NULL,2500,'2018-03-08','2018-03-08 01:03:42',1,493,'app\\models\\OccupancyRent'),
(293,36,'debit',NULL,2000,'2018-03-08','2018-03-08 01:03:42',1,494,'app\\models\\OccupancyRent'),
(294,34,'credit',NULL,2000,'2018-03-08','2018-03-08 01:03:42',1,494,'app\\models\\OccupancyRent'),
(295,36,'debit',NULL,2000,'2018-03-08','2018-03-08 01:03:42',1,495,'app\\models\\OccupancyRent'),
(296,34,'credit',NULL,2000,'2018-03-08','2018-03-08 01:03:42',1,495,'app\\models\\OccupancyRent'),
(297,36,'debit',NULL,2000,'2018-03-08','2018-03-08 01:03:42',1,496,'app\\models\\OccupancyRent'),
(298,34,'credit',NULL,2000,'2018-03-08','2018-03-08 01:03:42',1,496,'app\\models\\OccupancyRent'),
(299,36,'debit',NULL,2000,'2018-03-08','2018-03-08 01:03:42',1,497,'app\\models\\OccupancyRent'),
(300,34,'credit',NULL,2000,'2018-03-08','2018-03-08 01:03:42',1,497,'app\\models\\OccupancyRent'),
(301,36,'debit',NULL,2000,'2018-03-08','2018-03-08 01:03:42',1,498,'app\\models\\OccupancyRent'),
(302,34,'credit',NULL,2000,'2018-03-08','2018-03-08 01:03:42',1,498,'app\\models\\OccupancyRent'),
(303,36,'debit',NULL,2000,'2018-03-08','2018-03-08 01:03:42',1,499,'app\\models\\OccupancyRent'),
(304,34,'credit',NULL,2000,'2018-03-08','2018-03-08 01:03:42',1,499,'app\\models\\OccupancyRent'),
(305,36,'debit',NULL,2000,'2018-03-08','2018-03-08 01:03:43',1,500,'app\\models\\OccupancyRent'),
(306,34,'credit',NULL,2000,'2018-03-08','2018-03-08 01:03:43',1,500,'app\\models\\OccupancyRent'),
(307,36,'debit',NULL,8000,'2018-03-08','2018-03-08 01:03:43',1,501,'app\\models\\OccupancyRent'),
(308,34,'credit',NULL,8000,'2018-03-08','2018-03-08 01:03:43',1,501,'app\\models\\OccupancyRent'),
(309,36,'debit',NULL,1800,'2018-03-08','2018-03-08 01:03:43',1,502,'app\\models\\OccupancyRent'),
(310,34,'credit',NULL,1800,'2018-03-08','2018-03-08 01:03:43',1,502,'app\\models\\OccupancyRent'),
(311,36,'debit',NULL,2200,'2018-03-08','2018-03-08 01:03:43',1,503,'app\\models\\OccupancyRent'),
(312,34,'credit',NULL,2200,'2018-03-08','2018-03-08 01:03:43',1,503,'app\\models\\OccupancyRent'),
(313,36,'debit',NULL,2200,'2018-03-08','2018-03-08 01:03:43',1,504,'app\\models\\OccupancyRent'),
(314,34,'credit',NULL,2200,'2018-03-08','2018-03-08 01:03:43',1,504,'app\\models\\OccupancyRent'),
(315,36,'debit',NULL,2200,'2018-03-08','2018-03-08 01:03:43',1,505,'app\\models\\OccupancyRent'),
(316,34,'credit',NULL,2200,'2018-03-08','2018-03-08 01:03:43',1,505,'app\\models\\OccupancyRent'),
(317,36,'debit',NULL,2200,'2018-03-08','2018-03-08 01:03:43',1,506,'app\\models\\OccupancyRent'),
(318,34,'credit',NULL,2200,'2018-03-08','2018-03-08 01:03:43',1,506,'app\\models\\OccupancyRent'),
(319,36,'debit',NULL,2200,'2018-03-08','2018-03-08 01:03:43',1,507,'app\\models\\OccupancyRent'),
(320,34,'credit',NULL,2200,'2018-03-08','2018-03-08 01:03:43',1,507,'app\\models\\OccupancyRent'),
(321,36,'debit',NULL,2200,'2018-03-08','2018-03-08 01:03:43',1,508,'app\\models\\OccupancyRent'),
(322,34,'credit',NULL,2200,'2018-03-08','2018-03-08 01:03:43',1,508,'app\\models\\OccupancyRent'),
(323,36,'debit',NULL,2200,'2018-03-08','2018-03-08 01:03:43',1,509,'app\\models\\OccupancyRent'),
(324,34,'credit',NULL,2200,'2018-03-08','2018-03-08 01:03:43',1,509,'app\\models\\OccupancyRent'),
(325,36,'debit',NULL,2200,'2018-03-08','2018-03-08 01:03:43',1,510,'app\\models\\OccupancyRent'),
(326,34,'credit',NULL,2200,'2018-03-08','2018-03-08 01:03:43',1,510,'app\\models\\OccupancyRent'),
(327,36,'debit',NULL,2800,'2018-03-08','2018-03-08 01:03:43',1,511,'app\\models\\OccupancyRent'),
(328,34,'credit',NULL,2800,'2018-03-08','2018-03-08 01:03:43',1,511,'app\\models\\OccupancyRent'),
(329,36,'debit',NULL,2800,'2018-03-08','2018-03-08 01:03:43',1,512,'app\\models\\OccupancyRent'),
(330,34,'credit',NULL,2800,'2018-03-08','2018-03-08 01:03:43',1,512,'app\\models\\OccupancyRent'),
(331,36,'debit',NULL,2800,'2018-03-08','2018-03-08 01:03:43',1,513,'app\\models\\OccupancyRent'),
(332,34,'credit',NULL,2800,'2018-03-08','2018-03-08 01:03:43',1,513,'app\\models\\OccupancyRent'),
(333,36,'debit',NULL,2800,'2018-03-08','2018-03-08 01:03:43',1,514,'app\\models\\OccupancyRent'),
(334,34,'credit',NULL,2800,'2018-03-08','2018-03-08 01:03:43',1,514,'app\\models\\OccupancyRent'),
(335,36,'debit',NULL,2800,'2018-03-08','2018-03-08 01:03:44',1,515,'app\\models\\OccupancyRent'),
(336,34,'credit',NULL,2800,'2018-03-08','2018-03-08 01:03:44',1,515,'app\\models\\OccupancyRent'),
(337,36,'debit',NULL,2800,'2018-03-08','2018-03-08 01:03:44',1,516,'app\\models\\OccupancyRent'),
(338,34,'credit',NULL,2800,'2018-03-08','2018-03-08 01:03:44',1,516,'app\\models\\OccupancyRent'),
(339,36,'debit',NULL,2800,'2018-03-08','2018-03-08 01:03:44',1,517,'app\\models\\OccupancyRent'),
(340,34,'credit',NULL,2800,'2018-03-08','2018-03-08 01:03:44',1,517,'app\\models\\OccupancyRent'),
(341,36,'debit',NULL,2800,'2018-03-08','2018-03-08 01:03:44',1,518,'app\\models\\OccupancyRent'),
(342,34,'credit',NULL,2800,'2018-03-08','2018-03-08 01:03:44',1,518,'app\\models\\OccupancyRent'),
(343,36,'debit',NULL,2800,'2018-03-08','2018-03-08 01:03:44',1,519,'app\\models\\OccupancyRent'),
(344,34,'credit',NULL,2800,'2018-03-08','2018-03-08 01:03:44',1,519,'app\\models\\OccupancyRent'),
(345,36,'debit',NULL,2800,'2018-03-08','2018-03-08 01:03:44',1,520,'app\\models\\OccupancyRent'),
(346,34,'credit',NULL,2800,'2018-03-08','2018-03-08 01:03:44',1,520,'app\\models\\OccupancyRent'),
(347,38,'debit',NULL,1500,'2018-03-08','2018-03-08 01:06:33',1,37,'app\\models\\Disbursements'),
(348,35,'credit',NULL,1500,'2018-03-08','2018-03-08 01:06:33',1,37,'app\\models\\Disbursements'),
(349,38,'debit',NULL,1400,'2018-03-08','2018-03-08 01:06:33',1,38,'app\\models\\Disbursements'),
(350,35,'credit',NULL,1400,'2018-03-08','2018-03-08 01:06:33',1,38,'app\\models\\Disbursements'),
(351,38,'debit',NULL,1400,'2018-03-08','2018-03-08 01:06:33',1,39,'app\\models\\Disbursements'),
(352,35,'credit',NULL,1400,'2018-03-08','2018-03-08 01:06:33',1,39,'app\\models\\Disbursements'),
(353,38,'debit',NULL,1400,'2018-03-08','2018-03-08 01:06:33',1,40,'app\\models\\Disbursements'),
(354,35,'credit',NULL,1400,'2018-03-08','2018-03-08 01:06:33',1,40,'app\\models\\Disbursements'),
(355,38,'debit',NULL,300,'2018-03-08','2018-03-08 01:06:33',1,41,'app\\models\\Disbursements'),
(356,35,'credit',NULL,300,'2018-03-08','2018-03-08 01:06:33',1,41,'app\\models\\Disbursements'),
(357,38,'debit',NULL,300,'2018-03-08','2018-03-08 01:06:33',1,42,'app\\models\\Disbursements'),
(358,35,'credit',NULL,300,'2018-03-08','2018-03-08 01:06:33',1,42,'app\\models\\Disbursements'),
(359,38,'debit',NULL,300,'2018-03-08','2018-03-08 01:06:34',1,43,'app\\models\\Disbursements'),
(360,35,'credit',NULL,300,'2018-03-08','2018-03-08 01:06:34',1,43,'app\\models\\Disbursements'),
(361,38,'debit',NULL,140,'2018-03-08','2018-03-08 01:06:34',1,44,'app\\models\\Disbursements'),
(362,35,'credit',NULL,140,'2018-03-08','2018-03-08 01:06:34',1,44,'app\\models\\Disbursements'),
(363,38,'debit',NULL,140,'2018-03-08','2018-03-08 01:06:34',1,45,'app\\models\\Disbursements'),
(364,35,'credit',NULL,140,'2018-03-08','2018-03-08 01:06:34',1,45,'app\\models\\Disbursements'),
(365,38,'debit',NULL,140,'2018-03-08','2018-03-08 01:06:34',1,46,'app\\models\\Disbursements'),
(366,35,'credit',NULL,140,'2018-03-08','2018-03-08 01:06:34',1,46,'app\\models\\Disbursements'),
(367,38,'debit',NULL,140,'2018-03-08','2018-03-08 01:06:34',1,47,'app\\models\\Disbursements'),
(368,35,'credit',NULL,140,'2018-03-08','2018-03-08 01:06:34',1,47,'app\\models\\Disbursements'),
(369,38,'debit',NULL,140,'2018-03-08','2018-03-08 01:06:34',1,48,'app\\models\\Disbursements'),
(370,35,'credit',NULL,140,'2018-03-08','2018-03-08 01:06:34',1,48,'app\\models\\Disbursements'),
(371,38,'debit',NULL,140,'2018-03-08','2018-03-08 01:06:34',1,49,'app\\models\\Disbursements'),
(372,35,'credit',NULL,140,'2018-03-08','2018-03-08 01:06:34',1,49,'app\\models\\Disbursements'),
(373,38,'debit',NULL,260,'2018-03-08','2018-03-08 01:06:34',1,50,'app\\models\\Disbursements'),
(374,35,'credit',NULL,260,'2018-03-08','2018-03-08 01:06:34',1,50,'app\\models\\Disbursements'),
(375,38,'debit',NULL,260,'2018-03-08','2018-03-08 01:06:34',1,51,'app\\models\\Disbursements'),
(376,35,'credit',NULL,260,'2018-03-08','2018-03-08 01:06:34',1,51,'app\\models\\Disbursements'),
(377,38,'debit',NULL,260,'2018-03-08','2018-03-08 01:06:34',1,52,'app\\models\\Disbursements'),
(378,35,'credit',NULL,260,'2018-03-08','2018-03-08 01:06:34',1,52,'app\\models\\Disbursements'),
(379,38,'debit',NULL,260,'2018-03-08','2018-03-08 01:06:34',1,53,'app\\models\\Disbursements'),
(380,35,'credit',NULL,260,'2018-03-08','2018-03-08 01:06:34',1,53,'app\\models\\Disbursements'),
(381,38,'debit',NULL,260,'2018-03-08','2018-03-08 01:06:34',1,54,'app\\models\\Disbursements'),
(382,35,'credit',NULL,260,'2018-03-08','2018-03-08 01:06:34',1,54,'app\\models\\Disbursements'),
(383,38,'debit',NULL,260,'2018-03-08','2018-03-08 01:06:34',1,55,'app\\models\\Disbursements'),
(384,35,'credit',NULL,260,'2018-03-08','2018-03-08 01:06:34',1,55,'app\\models\\Disbursements'),
(385,38,'debit',NULL,260,'2018-03-08','2018-03-08 01:06:34',1,56,'app\\models\\Disbursements'),
(386,35,'credit',NULL,260,'2018-03-08','2018-03-08 01:06:34',1,56,'app\\models\\Disbursements'),
(387,38,'debit',NULL,260,'2018-03-08','2018-03-08 01:06:34',1,57,'app\\models\\Disbursements'),
(388,35,'credit',NULL,260,'2018-03-08','2018-03-08 01:06:34',1,57,'app\\models\\Disbursements'),
(389,38,'debit',NULL,260,'2018-03-08','2018-03-08 01:06:34',1,58,'app\\models\\Disbursements'),
(390,35,'credit',NULL,260,'2018-03-08','2018-03-08 01:06:34',1,58,'app\\models\\Disbursements'),
(391,38,'debit',NULL,260,'2018-03-08','2018-03-08 01:06:34',1,59,'app\\models\\Disbursements'),
(392,35,'credit',NULL,260,'2018-03-08','2018-03-08 01:06:34',1,59,'app\\models\\Disbursements'),
(393,38,'debit',NULL,260,'2018-03-08','2018-03-08 01:06:34',1,60,'app\\models\\Disbursements'),
(394,35,'credit',NULL,260,'2018-03-08','2018-03-08 01:06:34',1,60,'app\\models\\Disbursements'),
(395,38,'debit',NULL,260,'2018-03-08','2018-03-08 01:06:34',1,61,'app\\models\\Disbursements'),
(396,35,'credit',NULL,260,'2018-03-08','2018-03-08 01:06:34',1,61,'app\\models\\Disbursements'),
(397,38,'debit',NULL,400,'2018-03-08','2018-03-08 01:06:34',1,62,'app\\models\\Disbursements'),
(398,35,'credit',NULL,400,'2018-03-08','2018-03-08 01:06:34',1,62,'app\\models\\Disbursements'),
(399,38,'debit',NULL,400,'2018-03-08','2018-03-08 01:06:34',1,63,'app\\models\\Disbursements'),
(400,35,'credit',NULL,400,'2018-03-08','2018-03-08 01:06:34',1,63,'app\\models\\Disbursements'),
(401,38,'debit',NULL,400,'2018-03-08','2018-03-08 01:06:34',1,64,'app\\models\\Disbursements'),
(402,35,'credit',NULL,400,'2018-03-08','2018-03-08 01:06:34',1,64,'app\\models\\Disbursements'),
(403,38,'debit',NULL,400,'2018-03-08','2018-03-08 01:06:34',1,65,'app\\models\\Disbursements'),
(404,35,'credit',NULL,400,'2018-03-08','2018-03-08 01:06:34',1,65,'app\\models\\Disbursements'),
(405,38,'debit',NULL,400,'2018-03-08','2018-03-08 01:06:34',1,66,'app\\models\\Disbursements'),
(406,35,'credit',NULL,400,'2018-03-08','2018-03-08 01:06:34',1,66,'app\\models\\Disbursements'),
(407,38,'debit',NULL,400,'2018-03-08','2018-03-08 01:06:35',1,67,'app\\models\\Disbursements'),
(408,35,'credit',NULL,400,'2018-03-08','2018-03-08 01:06:35',1,67,'app\\models\\Disbursements'),
(409,35,'debit',NULL,5000,'2018-03-01','2018-03-08 15:50:11',1,12,'app\\models\\LandlordImprest'),
(410,32,'credit',NULL,5000,'2018-03-01','2018-03-08 15:50:11',1,12,'app\\models\\LandlordImprest'),
(411,42,'debit','field tip',500,'2018-03-11','2018-03-11 17:17:24',1,NULL,''),
(412,32,'credit','field tip',500,'2018-03-11','2018-03-11 17:17:24',1,NULL,''),
(413,42,'debit','Luncheon',500,'2018-03-11','2018-03-11 17:19:43',1,NULL,''),
(414,32,'credit','Luncheon',500,'2018-03-11','2018-03-11 17:19:43',1,NULL,''),
(415,43,'debit','bank charge',500,'2018-03-11','2018-03-11 20:22:51',1,NULL,''),
(416,32,'credit','bank charge',500,'2018-03-11','2018-03-11 20:22:51',1,NULL,''),
(417,42,'debit','Luncheon',500,'2018-03-11','2018-03-11 20:24:58',1,NULL,''),
(418,32,'credit','Luncheon',500,'2018-03-11','2018-03-11 20:24:58',1,NULL,''),
(419,32,'debit','',500,'2018-03-13','2018-03-13 16:43:37',1,12,'app\\models\\OccupancyPayments'),
(420,36,'credit','',500,'2018-03-13','2018-03-13 16:43:37',1,12,'app\\models\\OccupancyPayments'),
(421,42,'debit','lunch',100,'2018-03-13','2018-03-13 16:47:48',1,NULL,''),
(422,32,'credit','lunch',100,'2018-03-13','2018-03-13 16:47:48',1,NULL,''),
(423,32,'debit','',7000,'2018-03-19','2018-03-19 05:43:14',1,13,'app\\models\\OccupancyPayments'),
(424,36,'credit','',7000,'2018-03-19','2018-03-19 05:43:14',1,13,'app\\models\\OccupancyPayments'),
(425,40,'debit','',1400,'2018-03-19','2018-03-19 19:19:16',1,354,'app\\models\\OccupancyRent'),
(426,36,'credit','',1400,'2018-03-19','2018-03-19 19:19:16',1,354,'app\\models\\OccupancyRent'),
(427,40,'debit','',1400,'2018-03-13','2018-03-19 19:44:18',1,17,'app\\models\\OccupancyRent'),
(428,36,'credit','',1400,'2018-03-13','2018-03-19 19:44:18',1,17,'app\\models\\OccupancyRent'),
(429,32,'debit','',500,'2018-03-19','2018-03-19 19:45:58',1,14,'app\\models\\OccupancyPayments'),
(430,36,'credit','',500,'2018-03-19','2018-03-19 19:45:58',1,14,'app\\models\\OccupancyPayments'),
(431,32,'debit','',5000,'2018-03-19','2018-03-19 19:48:09',1,15,'app\\models\\OccupancyPayments'),
(432,36,'credit','',5000,'2018-03-19','2018-03-19 19:48:09',1,15,'app\\models\\OccupancyPayments'),
(433,32,'debit','',6000,'2018-03-19','2018-03-19 19:50:36',1,16,'app\\models\\OccupancyPayments'),
(434,36,'credit','',6000,'2018-03-19','2018-03-19 19:50:36',1,16,'app\\models\\OccupancyPayments'),
(435,40,'debit','',1400,'2018-03-19','2018-03-19 19:52:23',1,19,'app\\models\\OccupancyRent'),
(436,36,'credit','',1400,'2018-03-19','2018-03-19 19:52:23',1,19,'app\\models\\OccupancyRent'),
(437,32,'debit','',500,'2018-03-19','2018-03-19 19:56:11',1,17,'app\\models\\OccupancyPayments'),
(438,36,'credit','',500,'2018-03-19','2018-03-19 19:56:11',1,17,'app\\models\\OccupancyPayments'),
(439,40,'debit','',1400,'2018-03-19','2018-03-19 20:13:14',1,355,'app\\models\\OccupancyRent'),
(440,36,'credit','',1400,'2018-03-19','2018-03-19 20:13:14',1,355,'app\\models\\OccupancyRent'),
(441,32,'debit','',1000,'2018-03-19','2018-03-19 20:15:06',1,18,'app\\models\\OccupancyPayments'),
(442,36,'credit','',1000,'2018-03-19','2018-03-19 20:15:06',1,18,'app\\models\\OccupancyPayments'),
(443,42,'debit','Lunch aten',100,'2018-03-19','2018-03-19 20:52:08',1,NULL,''),
(444,32,'credit','Lunch aten',100,'2018-03-19','2018-03-19 20:52:08',1,NULL,''),
(445,41,'debit','bofa bodaa',100,'2018-03-19','2018-03-19 21:12:03',1,21,'app\\models\\Term'),
(446,32,'credit','bofa bodaa',100,'2018-03-19','2018-03-19 21:12:03',1,21,'app\\models\\Term'),
(447,44,'debit','Salaries',100,'2018-03-19','2018-03-19 21:20:16',1,24,'app\\models\\Term'),
(448,32,'credit','Salaries',100,'2018-03-19','2018-03-19 21:20:16',1,24,'app\\models\\Term'),
(449,39,'debit','',4000,'2018-03-15','2018-03-20 18:52:13',1,13,'app\\models\\LandlordImprest'),
(450,32,'credit','',4000,'2018-03-15','2018-03-20 18:52:13',1,13,'app\\models\\LandlordImprest'),
(451,38,'debit','',1840,'2018-03-20','2018-03-20 18:56:19',1,68,'app\\models\\Disbursements'),
(452,35,'credit','',1840,'2018-03-20','2018-03-20 18:56:19',1,68,'app\\models\\Disbursements'),
(453,38,'debit','',1840,'2018-03-20','2018-03-20 18:56:19',1,69,'app\\models\\Disbursements'),
(454,35,'credit','',1840,'2018-03-20','2018-03-20 18:56:19',1,69,'app\\models\\Disbursements'),
(455,38,'debit','',1840,'2018-03-20','2018-03-20 18:56:19',1,70,'app\\models\\Disbursements'),
(456,35,'credit','',1840,'2018-03-20','2018-03-20 18:56:19',1,70,'app\\models\\Disbursements'),
(457,38,'debit','',1840,'2018-03-20','2018-03-20 18:56:20',1,71,'app\\models\\Disbursements'),
(458,35,'credit','',1840,'2018-03-20','2018-03-20 18:56:20',1,71,'app\\models\\Disbursements'),
(459,38,'debit','',1840,'2018-03-20','2018-03-20 18:56:20',1,72,'app\\models\\Disbursements'),
(460,35,'credit','',1840,'2018-03-20','2018-03-20 18:56:20',1,72,'app\\models\\Disbursements'),
(461,38,'debit','',1840,'2018-03-20','2018-03-20 18:56:20',1,73,'app\\models\\Disbursements'),
(462,35,'credit','',1840,'2018-03-20','2018-03-20 18:56:20',1,73,'app\\models\\Disbursements'),
(463,38,'debit','',1840,'2018-03-20','2018-03-20 18:56:20',1,74,'app\\models\\Disbursements'),
(464,35,'credit','',1840,'2018-03-20','2018-03-20 18:56:20',1,74,'app\\models\\Disbursements'),
(465,38,'debit','',1840,'2018-03-20','2018-03-20 18:56:20',1,75,'app\\models\\Disbursements'),
(466,35,'credit','',1840,'2018-03-20','2018-03-20 18:56:20',1,75,'app\\models\\Disbursements'),
(467,38,'debit','',1840,'2018-03-20','2018-03-20 18:56:20',1,76,'app\\models\\Disbursements'),
(468,35,'credit','',1840,'2018-03-20','2018-03-20 18:56:20',1,76,'app\\models\\Disbursements'),
(469,38,'debit','',1840,'2018-03-20','2018-03-20 18:56:20',1,77,'app\\models\\Disbursements'),
(470,35,'credit','',1840,'2018-03-20','2018-03-20 18:56:20',1,77,'app\\models\\Disbursements'),
(471,38,'debit','',1840,'2018-03-20','2018-03-20 18:56:20',1,78,'app\\models\\Disbursements'),
(472,35,'credit','',1840,'2018-03-20','2018-03-20 18:56:20',1,78,'app\\models\\Disbursements'),
(473,38,'debit','',1200,'2018-03-20','2018-03-20 18:56:21',1,79,'app\\models\\Disbursements'),
(474,35,'credit','',1200,'2018-03-20','2018-03-20 18:56:21',1,79,'app\\models\\Disbursements'),
(475,38,'debit','',4000,'2018-03-20','2018-03-20 18:56:21',1,80,'app\\models\\Disbursements'),
(476,35,'credit','',4000,'2018-03-20','2018-03-20 18:56:21',1,80,'app\\models\\Disbursements'),
(477,38,'debit','',800,'2018-03-20','2018-03-20 18:56:21',1,81,'app\\models\\Disbursements'),
(478,35,'credit','',800,'2018-03-20','2018-03-20 18:56:21',1,81,'app\\models\\Disbursements'),
(479,38,'debit','',800,'2018-03-20','2018-03-20 18:56:21',1,82,'app\\models\\Disbursements'),
(480,35,'credit','',800,'2018-03-20','2018-03-20 18:56:21',1,82,'app\\models\\Disbursements'),
(481,38,'debit','',800,'2018-03-20','2018-03-20 18:56:21',1,83,'app\\models\\Disbursements'),
(482,35,'credit','',800,'2018-03-20','2018-03-20 18:56:21',1,83,'app\\models\\Disbursements'),
(483,38,'debit','',800,'2018-03-20','2018-03-20 18:56:21',1,84,'app\\models\\Disbursements'),
(484,35,'credit','',800,'2018-03-20','2018-03-20 18:56:21',1,84,'app\\models\\Disbursements'),
(485,38,'debit','',1200,'2018-03-20','2018-03-20 18:56:21',1,85,'app\\models\\Disbursements'),
(486,35,'credit','',1200,'2018-03-20','2018-03-20 18:56:21',1,85,'app\\models\\Disbursements'),
(487,38,'debit','',1200,'2018-03-20','2018-03-20 18:56:21',1,86,'app\\models\\Disbursements'),
(488,35,'credit','',1200,'2018-03-20','2018-03-20 18:56:21',1,86,'app\\models\\Disbursements'),
(489,38,'debit','',1200,'2018-03-20','2018-03-20 18:56:21',1,87,'app\\models\\Disbursements'),
(490,35,'credit','',1200,'2018-03-20','2018-03-20 18:56:21',1,87,'app\\models\\Disbursements'),
(491,38,'debit','',1200,'2018-03-20','2018-03-20 18:56:21',1,88,'app\\models\\Disbursements'),
(492,35,'credit','',1200,'2018-03-20','2018-03-20 18:56:21',1,88,'app\\models\\Disbursements'),
(493,38,'debit','',1200,'2018-03-20','2018-03-20 18:56:21',1,89,'app\\models\\Disbursements'),
(494,35,'credit','',1200,'2018-03-20','2018-03-20 18:56:21',1,89,'app\\models\\Disbursements'),
(495,38,'debit','',1200,'2018-03-20','2018-03-20 18:56:22',1,90,'app\\models\\Disbursements'),
(496,35,'credit','',1200,'2018-03-20','2018-03-20 18:56:22',1,90,'app\\models\\Disbursements'),
(497,38,'debit','',1200,'2018-03-20','2018-03-20 18:56:22',1,91,'app\\models\\Disbursements'),
(498,35,'credit','',1200,'2018-03-20','2018-03-20 18:56:22',1,91,'app\\models\\Disbursements'),
(499,38,'debit','',1200,'2018-03-20','2018-03-20 18:56:22',1,92,'app\\models\\Disbursements'),
(500,35,'credit','',1200,'2018-03-20','2018-03-20 18:56:22',1,92,'app\\models\\Disbursements'),
(501,38,'debit','',1200,'2018-03-20','2018-03-20 18:56:22',1,93,'app\\models\\Disbursements'),
(502,35,'credit','',1200,'2018-03-20','2018-03-20 18:56:22',1,93,'app\\models\\Disbursements'),
(503,38,'debit','',1200,'2018-03-20','2018-03-20 18:56:22',1,94,'app\\models\\Disbursements'),
(504,35,'credit','',1200,'2018-03-20','2018-03-20 18:56:22',1,94,'app\\models\\Disbursements'),
(505,38,'debit','',1200,'2018-03-20','2018-03-20 18:56:22',1,95,'app\\models\\Disbursements'),
(506,35,'credit','',1200,'2018-03-20','2018-03-20 18:56:22',1,95,'app\\models\\Disbursements'),
(507,38,'debit','',1600,'2018-03-20','2018-03-20 18:56:22',1,96,'app\\models\\Disbursements'),
(508,35,'credit','',1600,'2018-03-20','2018-03-20 18:56:22',1,96,'app\\models\\Disbursements'),
(509,38,'debit','',1600,'2018-03-20','2018-03-20 18:56:22',1,97,'app\\models\\Disbursements'),
(510,35,'credit','',1600,'2018-03-20','2018-03-20 18:56:22',1,97,'app\\models\\Disbursements'),
(511,38,'debit','',1600,'2018-03-20','2018-03-20 18:56:22',1,98,'app\\models\\Disbursements'),
(512,35,'credit','',1600,'2018-03-20','2018-03-20 18:56:22',1,98,'app\\models\\Disbursements'),
(513,38,'debit','',1600,'2018-03-20','2018-03-20 18:56:22',1,99,'app\\models\\Disbursements'),
(514,35,'credit','',1600,'2018-03-20','2018-03-20 18:56:22',1,99,'app\\models\\Disbursements'),
(515,38,'debit','',1600,'2018-03-20','2018-03-20 18:56:22',1,100,'app\\models\\Disbursements'),
(516,35,'credit','',1600,'2018-03-20','2018-03-20 18:56:22',1,100,'app\\models\\Disbursements'),
(517,38,'debit','',1600,'2018-03-20','2018-03-20 18:56:22',1,101,'app\\models\\Disbursements'),
(518,35,'credit','',1600,'2018-03-20','2018-03-20 18:56:22',1,101,'app\\models\\Disbursements'),
(519,38,'debit','',1600,'2018-03-20','2018-03-20 18:56:23',1,102,'app\\models\\Disbursements'),
(520,35,'credit','',1600,'2018-03-20','2018-03-20 18:56:23',1,102,'app\\models\\Disbursements'),
(521,38,'debit','',1600,'2018-03-20','2018-03-20 18:56:23',1,103,'app\\models\\Disbursements'),
(522,35,'credit','',1600,'2018-03-20','2018-03-20 18:56:23',1,103,'app\\models\\Disbursements'),
(523,38,'debit','',1600,'2018-03-20','2018-03-20 18:56:23',1,104,'app\\models\\Disbursements'),
(524,35,'credit','',1600,'2018-03-20','2018-03-20 18:56:23',1,104,'app\\models\\Disbursements'),
(525,38,'debit','',1600,'2018-03-20','2018-03-20 18:56:23',1,105,'app\\models\\Disbursements'),
(526,35,'credit','',1600,'2018-03-20','2018-03-20 18:56:23',1,105,'app\\models\\Disbursements'),
(527,38,'debit','',1600,'2018-03-20','2018-03-20 18:56:23',1,106,'app\\models\\Disbursements'),
(528,35,'credit','',1600,'2018-03-20','2018-03-20 18:56:23',1,106,'app\\models\\Disbursements'),
(529,38,'debit','',1440,'2018-03-20','2018-03-20 18:56:23',1,107,'app\\models\\Disbursements'),
(530,35,'credit','',1440,'2018-03-20','2018-03-20 18:56:23',1,107,'app\\models\\Disbursements'),
(531,38,'debit','',1440,'2018-03-20','2018-03-20 18:56:23',1,108,'app\\models\\Disbursements'),
(532,35,'credit','',1440,'2018-03-20','2018-03-20 18:56:23',1,108,'app\\models\\Disbursements'),
(533,38,'debit','',1440,'2018-03-20','2018-03-20 18:56:23',1,109,'app\\models\\Disbursements'),
(534,35,'credit','',1440,'2018-03-20','2018-03-20 18:56:23',1,109,'app\\models\\Disbursements'),
(535,38,'debit','',1440,'2018-03-20','2018-03-20 18:56:23',1,110,'app\\models\\Disbursements'),
(536,35,'credit','',1440,'2018-03-20','2018-03-20 18:56:23',1,110,'app\\models\\Disbursements'),
(537,38,'debit','',1440,'2018-03-20','2018-03-20 18:56:23',1,111,'app\\models\\Disbursements'),
(538,35,'credit','',1440,'2018-03-20','2018-03-20 18:56:23',1,111,'app\\models\\Disbursements'),
(539,38,'debit','',1440,'2018-03-20','2018-03-20 18:56:23',1,112,'app\\models\\Disbursements'),
(540,35,'credit','',1440,'2018-03-20','2018-03-20 18:56:23',1,112,'app\\models\\Disbursements'),
(541,38,'debit','',1440,'2018-03-20','2018-03-20 18:56:23',1,113,'app\\models\\Disbursements'),
(542,35,'credit','',1440,'2018-03-20','2018-03-20 18:56:23',1,113,'app\\models\\Disbursements'),
(543,38,'debit','',1440,'2018-03-20','2018-03-20 18:56:23',1,114,'app\\models\\Disbursements'),
(544,35,'credit','',1440,'2018-03-20','2018-03-20 18:56:23',1,114,'app\\models\\Disbursements'),
(545,38,'debit','',960,'2018-03-20','2018-03-20 18:56:24',1,115,'app\\models\\Disbursements'),
(546,35,'credit','',960,'2018-03-20','2018-03-20 18:56:24',1,115,'app\\models\\Disbursements'),
(547,38,'debit','',960,'2018-03-20','2018-03-20 18:56:24',1,116,'app\\models\\Disbursements'),
(548,35,'credit','',960,'2018-03-20','2018-03-20 18:56:24',1,116,'app\\models\\Disbursements'),
(549,38,'debit','',960,'2018-03-20','2018-03-20 18:56:24',1,117,'app\\models\\Disbursements'),
(550,35,'credit','',960,'2018-03-20','2018-03-20 18:56:24',1,117,'app\\models\\Disbursements'),
(551,38,'debit','',960,'2018-03-20','2018-03-20 18:56:24',1,118,'app\\models\\Disbursements'),
(552,35,'credit','',960,'2018-03-20','2018-03-20 18:56:24',1,118,'app\\models\\Disbursements'),
(553,38,'debit','',960,'2018-03-20','2018-03-20 18:56:24',1,119,'app\\models\\Disbursements'),
(554,35,'credit','',960,'2018-03-20','2018-03-20 18:56:24',1,119,'app\\models\\Disbursements'),
(555,38,'debit','',960,'2018-03-20','2018-03-20 18:56:24',1,120,'app\\models\\Disbursements'),
(556,35,'credit','',960,'2018-03-20','2018-03-20 18:56:24',1,120,'app\\models\\Disbursements'),
(557,38,'debit','',960,'2018-03-20','2018-03-20 18:56:24',1,121,'app\\models\\Disbursements'),
(558,35,'credit','',960,'2018-03-20','2018-03-20 18:56:24',1,121,'app\\models\\Disbursements'),
(559,38,'debit','',960,'2018-03-20','2018-03-20 18:56:24',1,122,'app\\models\\Disbursements'),
(560,35,'credit','',960,'2018-03-20','2018-03-20 18:56:24',1,122,'app\\models\\Disbursements'),
(561,38,'debit','',800,'2018-03-20','2018-03-20 18:56:24',1,123,'app\\models\\Disbursements'),
(562,35,'credit','',800,'2018-03-20','2018-03-20 18:56:24',1,123,'app\\models\\Disbursements'),
(563,38,'debit','',800,'2018-03-20','2018-03-20 18:56:24',1,124,'app\\models\\Disbursements'),
(564,35,'credit','',800,'2018-03-20','2018-03-20 18:56:24',1,124,'app\\models\\Disbursements'),
(565,38,'debit','',800,'2018-03-20','2018-03-20 18:56:24',1,125,'app\\models\\Disbursements'),
(566,35,'credit','',800,'2018-03-20','2018-03-20 18:56:24',1,125,'app\\models\\Disbursements'),
(567,38,'debit','',640,'2018-03-20','2018-03-20 18:56:24',1,126,'app\\models\\Disbursements'),
(568,35,'credit','',640,'2018-03-20','2018-03-20 18:56:24',1,126,'app\\models\\Disbursements'),
(569,38,'debit','',640,'2018-03-20','2018-03-20 18:56:24',1,127,'app\\models\\Disbursements'),
(570,35,'credit','',640,'2018-03-20','2018-03-20 18:56:24',1,127,'app\\models\\Disbursements'),
(571,38,'debit','',640,'2018-03-20','2018-03-20 18:56:24',1,128,'app\\models\\Disbursements'),
(572,35,'credit','',640,'2018-03-20','2018-03-20 18:56:24',1,128,'app\\models\\Disbursements'),
(573,38,'debit','',640,'2018-03-20','2018-03-20 18:56:25',1,129,'app\\models\\Disbursements'),
(574,35,'credit','',640,'2018-03-20','2018-03-20 18:56:25',1,129,'app\\models\\Disbursements'),
(575,38,'debit','',640,'2018-03-20','2018-03-20 18:56:25',1,130,'app\\models\\Disbursements'),
(576,35,'credit','',640,'2018-03-20','2018-03-20 18:56:25',1,130,'app\\models\\Disbursements'),
(577,38,'debit','',640,'2018-03-20','2018-03-20 18:56:25',1,131,'app\\models\\Disbursements'),
(578,35,'credit','',640,'2018-03-20','2018-03-20 18:56:25',1,131,'app\\models\\Disbursements'),
(579,38,'debit','',800,'2018-03-20','2018-03-20 18:56:25',1,132,'app\\models\\Disbursements'),
(580,35,'credit','',800,'2018-03-20','2018-03-20 18:56:25',1,132,'app\\models\\Disbursements'),
(581,38,'debit','',800,'2018-03-20','2018-03-20 18:56:25',1,133,'app\\models\\Disbursements'),
(582,35,'credit','',800,'2018-03-20','2018-03-20 18:56:25',1,133,'app\\models\\Disbursements'),
(583,38,'debit','',800,'2018-03-20','2018-03-20 18:56:25',1,134,'app\\models\\Disbursements'),
(584,35,'credit','',800,'2018-03-20','2018-03-20 18:56:25',1,134,'app\\models\\Disbursements'),
(585,38,'debit','',2000,'2018-03-20','2018-03-20 18:56:25',1,135,'app\\models\\Disbursements'),
(586,35,'credit','',2000,'2018-03-20','2018-03-20 18:56:25',1,135,'app\\models\\Disbursements'),
(587,38,'debit','',2000,'2018-03-20','2018-03-20 18:56:25',1,136,'app\\models\\Disbursements'),
(588,35,'credit','',2000,'2018-03-20','2018-03-20 18:56:25',1,136,'app\\models\\Disbursements'),
(589,38,'debit','',2000,'2018-03-20','2018-03-20 18:56:25',1,137,'app\\models\\Disbursements'),
(590,35,'credit','',2000,'2018-03-20','2018-03-20 18:56:25',1,137,'app\\models\\Disbursements'),
(591,38,'debit','',2000,'2018-03-20','2018-03-20 18:56:25',1,138,'app\\models\\Disbursements'),
(592,35,'credit','',2000,'2018-03-20','2018-03-20 18:56:25',1,138,'app\\models\\Disbursements'),
(593,38,'debit','',1200,'2018-03-20','2018-03-20 18:56:25',1,139,'app\\models\\Disbursements'),
(594,35,'credit','',1200,'2018-03-20','2018-03-20 18:56:25',1,139,'app\\models\\Disbursements'),
(595,38,'debit','',1200,'2018-03-20','2018-03-20 18:56:25',1,140,'app\\models\\Disbursements'),
(596,35,'credit','',1200,'2018-03-20','2018-03-20 18:56:25',1,140,'app\\models\\Disbursements'),
(597,38,'debit','',1200,'2018-03-20','2018-03-20 18:56:26',1,141,'app\\models\\Disbursements'),
(598,35,'credit','',1200,'2018-03-20','2018-03-20 18:56:26',1,141,'app\\models\\Disbursements'),
(599,38,'debit','',1200,'2018-03-20','2018-03-20 18:56:26',1,142,'app\\models\\Disbursements'),
(600,35,'credit','',1200,'2018-03-20','2018-03-20 18:56:26',1,142,'app\\models\\Disbursements'),
(601,38,'debit','',1200,'2018-03-20','2018-03-20 18:56:26',1,143,'app\\models\\Disbursements'),
(602,35,'credit','',1200,'2018-03-20','2018-03-20 18:56:26',1,143,'app\\models\\Disbursements'),
(603,38,'debit','',1200,'2018-03-20','2018-03-20 18:56:26',1,144,'app\\models\\Disbursements'),
(604,35,'credit','',1200,'2018-03-20','2018-03-20 18:56:26',1,144,'app\\models\\Disbursements'),
(605,38,'debit','',1200,'2018-03-20','2018-03-20 18:56:26',1,145,'app\\models\\Disbursements'),
(606,35,'credit','',1200,'2018-03-20','2018-03-20 18:56:26',1,145,'app\\models\\Disbursements'),
(607,38,'debit','',2000,'2018-03-20','2018-03-20 18:56:26',1,146,'app\\models\\Disbursements'),
(608,35,'credit','',2000,'2018-03-20','2018-03-20 18:56:26',1,146,'app\\models\\Disbursements'),
(609,38,'debit','',2000,'2018-03-20','2018-03-20 18:56:26',1,147,'app\\models\\Disbursements'),
(610,35,'credit','',2000,'2018-03-20','2018-03-20 18:56:26',1,147,'app\\models\\Disbursements'),
(611,38,'debit','',2000,'2018-03-20','2018-03-20 18:56:26',1,148,'app\\models\\Disbursements'),
(612,35,'credit','',2000,'2018-03-20','2018-03-20 18:56:26',1,148,'app\\models\\Disbursements'),
(613,38,'debit','',2000,'2018-03-20','2018-03-20 18:56:26',1,149,'app\\models\\Disbursements'),
(614,35,'credit','',2000,'2018-03-20','2018-03-20 18:56:26',1,149,'app\\models\\Disbursements'),
(615,38,'debit','',2000,'2018-03-20','2018-03-20 18:56:26',1,150,'app\\models\\Disbursements'),
(616,35,'credit','',2000,'2018-03-20','2018-03-20 18:56:26',1,150,'app\\models\\Disbursements'),
(617,38,'debit','',2000,'2018-03-20','2018-03-20 18:56:26',1,151,'app\\models\\Disbursements'),
(618,35,'credit','',2000,'2018-03-20','2018-03-20 18:56:26',1,151,'app\\models\\Disbursements'),
(619,38,'debit','',2000,'2018-03-20','2018-03-20 18:56:27',1,152,'app\\models\\Disbursements'),
(620,35,'credit','',2000,'2018-03-20','2018-03-20 18:56:27',1,152,'app\\models\\Disbursements'),
(621,38,'debit','',2000,'2018-03-20','2018-03-20 18:56:27',1,153,'app\\models\\Disbursements'),
(622,35,'credit','',2000,'2018-03-20','2018-03-20 18:56:27',1,153,'app\\models\\Disbursements'),
(623,38,'debit','',2000,'2018-03-20','2018-03-20 18:56:27',1,154,'app\\models\\Disbursements'),
(624,35,'credit','',2000,'2018-03-20','2018-03-20 18:56:27',1,154,'app\\models\\Disbursements'),
(625,38,'debit','',1440,'2018-03-20','2018-03-20 18:56:27',1,155,'app\\models\\Disbursements'),
(626,35,'credit','',1440,'2018-03-20','2018-03-20 18:56:27',1,155,'app\\models\\Disbursements'),
(627,38,'debit','',1440,'2018-03-20','2018-03-20 18:56:27',1,156,'app\\models\\Disbursements'),
(628,35,'credit','',1440,'2018-03-20','2018-03-20 18:56:27',1,156,'app\\models\\Disbursements'),
(629,38,'debit','',1440,'2018-03-20','2018-03-20 18:56:27',1,157,'app\\models\\Disbursements'),
(630,35,'credit','',1440,'2018-03-20','2018-03-20 18:56:27',1,157,'app\\models\\Disbursements'),
(631,38,'debit','',800,'2018-03-20','2018-03-20 18:56:27',1,158,'app\\models\\Disbursements'),
(632,35,'credit','',800,'2018-03-20','2018-03-20 18:56:27',1,158,'app\\models\\Disbursements'),
(633,38,'debit','',800,'2018-03-20','2018-03-20 18:56:27',1,159,'app\\models\\Disbursements'),
(634,35,'credit','',800,'2018-03-20','2018-03-20 18:56:27',1,159,'app\\models\\Disbursements'),
(635,38,'debit','',800,'2018-03-20','2018-03-20 18:56:27',1,160,'app\\models\\Disbursements'),
(636,35,'credit','',800,'2018-03-20','2018-03-20 18:56:27',1,160,'app\\models\\Disbursements'),
(637,38,'debit','',800,'2018-03-20','2018-03-20 18:56:27',1,161,'app\\models\\Disbursements'),
(638,35,'credit','',800,'2018-03-20','2018-03-20 18:56:27',1,161,'app\\models\\Disbursements'),
(639,38,'debit','',800,'2018-03-20','2018-03-20 18:56:27',1,162,'app\\models\\Disbursements'),
(640,35,'credit','',800,'2018-03-20','2018-03-20 18:56:27',1,162,'app\\models\\Disbursements'),
(641,38,'debit','',800,'2018-03-20','2018-03-20 18:56:28',1,163,'app\\models\\Disbursements'),
(642,35,'credit','',800,'2018-03-20','2018-03-20 18:56:28',1,163,'app\\models\\Disbursements'),
(643,38,'debit','',800,'2018-03-20','2018-03-20 18:56:28',1,164,'app\\models\\Disbursements'),
(644,35,'credit','',800,'2018-03-20','2018-03-20 18:56:28',1,164,'app\\models\\Disbursements'),
(645,38,'debit','',800,'2018-03-20','2018-03-20 18:56:28',1,165,'app\\models\\Disbursements'),
(646,35,'credit','',800,'2018-03-20','2018-03-20 18:56:28',1,165,'app\\models\\Disbursements'),
(647,38,'debit','',800,'2018-03-20','2018-03-20 18:56:28',1,166,'app\\models\\Disbursements'),
(648,35,'credit','',800,'2018-03-20','2018-03-20 18:56:28',1,166,'app\\models\\Disbursements'),
(649,38,'debit','',800,'2018-03-20','2018-03-20 18:56:28',1,167,'app\\models\\Disbursements'),
(650,35,'credit','',800,'2018-03-20','2018-03-20 18:56:28',1,167,'app\\models\\Disbursements'),
(651,38,'debit','',800,'2018-03-20','2018-03-20 18:56:28',1,168,'app\\models\\Disbursements'),
(652,35,'credit','',800,'2018-03-20','2018-03-20 18:56:28',1,168,'app\\models\\Disbursements'),
(653,38,'debit','',800,'2018-03-20','2018-03-20 18:56:28',1,169,'app\\models\\Disbursements'),
(654,35,'credit','',800,'2018-03-20','2018-03-20 18:56:28',1,169,'app\\models\\Disbursements'),
(655,38,'debit','',800,'2018-03-20','2018-03-20 18:56:28',1,170,'app\\models\\Disbursements'),
(656,35,'credit','',800,'2018-03-20','2018-03-20 18:56:28',1,170,'app\\models\\Disbursements'),
(657,38,'debit','',2400,'2018-03-20','2018-03-20 18:56:28',1,171,'app\\models\\Disbursements'),
(658,35,'credit','',2400,'2018-03-20','2018-03-20 18:56:28',1,171,'app\\models\\Disbursements'),
(659,38,'debit','',1600,'2018-03-20','2018-03-20 18:56:28',1,172,'app\\models\\Disbursements'),
(660,35,'credit','',1600,'2018-03-20','2018-03-20 18:56:28',1,172,'app\\models\\Disbursements'),
(661,38,'debit','',2000,'2018-03-20','2018-03-20 18:56:28',1,173,'app\\models\\Disbursements'),
(662,35,'credit','',2000,'2018-03-20','2018-03-20 18:56:28',1,173,'app\\models\\Disbursements'),
(663,38,'debit','',2000,'2018-03-20','2018-03-20 18:56:28',1,174,'app\\models\\Disbursements'),
(664,35,'credit','',2000,'2018-03-20','2018-03-20 18:56:28',1,174,'app\\models\\Disbursements'),
(665,38,'debit','',2000,'2018-03-20','2018-03-20 18:56:28',1,175,'app\\models\\Disbursements'),
(666,35,'credit','',2000,'2018-03-20','2018-03-20 18:56:29',1,175,'app\\models\\Disbursements'),
(667,38,'debit','',2000,'2018-03-20','2018-03-20 18:56:29',1,176,'app\\models\\Disbursements'),
(668,35,'credit','',2000,'2018-03-20','2018-03-20 18:56:29',1,176,'app\\models\\Disbursements'),
(669,38,'debit','',2000,'2018-03-20','2018-03-20 18:56:29',1,177,'app\\models\\Disbursements'),
(670,35,'credit','',2000,'2018-03-20','2018-03-20 18:56:29',1,177,'app\\models\\Disbursements'),
(671,38,'debit','',2000,'2018-03-20','2018-03-20 18:56:29',1,178,'app\\models\\Disbursements'),
(672,35,'credit','',2000,'2018-03-20','2018-03-20 18:56:29',1,178,'app\\models\\Disbursements'),
(673,38,'debit','',1600,'2018-03-20','2018-03-20 18:56:29',1,179,'app\\models\\Disbursements'),
(674,35,'credit','',1600,'2018-03-20','2018-03-20 18:56:29',1,179,'app\\models\\Disbursements'),
(675,38,'debit','',1600,'2018-03-20','2018-03-20 18:56:29',1,180,'app\\models\\Disbursements'),
(676,35,'credit','',1600,'2018-03-20','2018-03-20 18:56:29',1,180,'app\\models\\Disbursements'),
(677,38,'debit','',1600,'2018-03-20','2018-03-20 18:56:29',1,181,'app\\models\\Disbursements'),
(678,35,'credit','',1600,'2018-03-20','2018-03-20 18:56:29',1,181,'app\\models\\Disbursements'),
(679,38,'debit','',1600,'2018-03-20','2018-03-20 18:56:29',1,182,'app\\models\\Disbursements'),
(680,35,'credit','',1600,'2018-03-20','2018-03-20 18:56:29',1,182,'app\\models\\Disbursements'),
(681,38,'debit','',1600,'2018-03-20','2018-03-20 18:56:29',1,183,'app\\models\\Disbursements'),
(682,35,'credit','',1600,'2018-03-20','2018-03-20 18:56:29',1,183,'app\\models\\Disbursements'),
(683,38,'debit','',1600,'2018-03-20','2018-03-20 18:56:29',1,184,'app\\models\\Disbursements'),
(684,35,'credit','',1600,'2018-03-20','2018-03-20 18:56:29',1,184,'app\\models\\Disbursements'),
(685,38,'debit','',1600,'2018-03-20','2018-03-20 18:56:29',1,185,'app\\models\\Disbursements'),
(686,35,'credit','',1600,'2018-03-20','2018-03-20 18:56:29',1,185,'app\\models\\Disbursements'),
(687,38,'debit','',6400,'2018-03-20','2018-03-20 18:56:29',1,186,'app\\models\\Disbursements'),
(688,35,'credit','',6400,'2018-03-20','2018-03-20 18:56:29',1,186,'app\\models\\Disbursements'),
(689,38,'debit','',1440,'2018-03-20','2018-03-20 18:56:30',1,187,'app\\models\\Disbursements'),
(690,35,'credit','',1440,'2018-03-20','2018-03-20 18:56:30',1,187,'app\\models\\Disbursements'),
(691,38,'debit','',1760,'2018-03-20','2018-03-20 18:56:30',1,188,'app\\models\\Disbursements'),
(692,35,'credit','',1760,'2018-03-20','2018-03-20 18:56:30',1,188,'app\\models\\Disbursements'),
(693,38,'debit','',1760,'2018-03-20','2018-03-20 18:56:30',1,189,'app\\models\\Disbursements'),
(694,35,'credit','',1760,'2018-03-20','2018-03-20 18:56:30',1,189,'app\\models\\Disbursements'),
(695,38,'debit','',1760,'2018-03-20','2018-03-20 18:56:30',1,190,'app\\models\\Disbursements'),
(696,35,'credit','',1760,'2018-03-20','2018-03-20 18:56:30',1,190,'app\\models\\Disbursements'),
(697,38,'debit','',1760,'2018-03-20','2018-03-20 18:56:30',1,191,'app\\models\\Disbursements'),
(698,35,'credit','',1760,'2018-03-20','2018-03-20 18:56:30',1,191,'app\\models\\Disbursements'),
(699,38,'debit','',1760,'2018-03-20','2018-03-20 18:56:30',1,192,'app\\models\\Disbursements'),
(700,35,'credit','',1760,'2018-03-20','2018-03-20 18:56:30',1,192,'app\\models\\Disbursements'),
(701,38,'debit','',1760,'2018-03-20','2018-03-20 18:56:30',1,193,'app\\models\\Disbursements'),
(702,35,'credit','',1760,'2018-03-20','2018-03-20 18:56:30',1,193,'app\\models\\Disbursements'),
(703,38,'debit','',1760,'2018-03-20','2018-03-20 18:56:30',1,194,'app\\models\\Disbursements'),
(704,35,'credit','',1760,'2018-03-20','2018-03-20 18:56:30',1,194,'app\\models\\Disbursements'),
(705,38,'debit','',1760,'2018-03-20','2018-03-20 18:56:30',1,195,'app\\models\\Disbursements'),
(706,35,'credit','',1760,'2018-03-20','2018-03-20 18:56:30',1,195,'app\\models\\Disbursements'),
(707,38,'debit','',2240,'2018-03-20','2018-03-20 18:56:30',1,196,'app\\models\\Disbursements'),
(708,35,'credit','',2240,'2018-03-20','2018-03-20 18:56:30',1,196,'app\\models\\Disbursements'),
(709,38,'debit','',2240,'2018-03-20','2018-03-20 18:56:30',1,197,'app\\models\\Disbursements'),
(710,35,'credit','',2240,'2018-03-20','2018-03-20 18:56:30',1,197,'app\\models\\Disbursements'),
(711,38,'debit','',2240,'2018-03-20','2018-03-20 18:56:30',1,198,'app\\models\\Disbursements'),
(712,35,'credit','',2240,'2018-03-20','2018-03-20 18:56:30',1,198,'app\\models\\Disbursements'),
(713,38,'debit','',2240,'2018-03-20','2018-03-20 18:56:31',1,199,'app\\models\\Disbursements'),
(714,35,'credit','',2240,'2018-03-20','2018-03-20 18:56:31',1,199,'app\\models\\Disbursements'),
(715,38,'debit','',2240,'2018-03-20','2018-03-20 18:56:31',1,200,'app\\models\\Disbursements'),
(716,35,'credit','',2240,'2018-03-20','2018-03-20 18:56:31',1,200,'app\\models\\Disbursements'),
(717,38,'debit','',2240,'2018-03-20','2018-03-20 18:56:31',1,201,'app\\models\\Disbursements'),
(718,35,'credit','',2240,'2018-03-20','2018-03-20 18:56:31',1,201,'app\\models\\Disbursements'),
(719,38,'debit','',2240,'2018-03-20','2018-03-20 18:56:31',1,202,'app\\models\\Disbursements'),
(720,35,'credit','',2240,'2018-03-20','2018-03-20 18:56:31',1,202,'app\\models\\Disbursements'),
(721,38,'debit','',2240,'2018-03-20','2018-03-20 18:56:31',1,203,'app\\models\\Disbursements'),
(722,35,'credit','',2240,'2018-03-20','2018-03-20 18:56:31',1,203,'app\\models\\Disbursements'),
(723,38,'debit','',2240,'2018-03-20','2018-03-20 18:56:31',1,204,'app\\models\\Disbursements'),
(724,35,'credit','',2240,'2018-03-20','2018-03-20 18:56:31',1,204,'app\\models\\Disbursements'),
(725,38,'debit','',2240,'2018-03-20','2018-03-20 18:56:31',1,205,'app\\models\\Disbursements'),
(726,35,'credit','',2240,'2018-03-20','2018-03-20 18:56:31',1,205,'app\\models\\Disbursements'),
(727,39,'debit','',21300,'2018-03-20','2018-03-20 19:00:48',1,14,'app\\models\\LandlordImprest'),
(728,32,'credit','',21300,'2018-03-20','2018-03-20 19:00:48',1,14,'app\\models\\LandlordImprest'),
(729,36,'debit','',7000,'2018-03-20','2018-03-20 19:56:06',1,524,'app\\models\\OccupancyRent'),
(730,34,'credit','',7000,'2018-03-20','2018-03-20 19:56:06',1,524,'app\\models\\OccupancyRent'),
(731,36,'debit','',2300,'2018-03-20','2018-03-20 19:56:07',1,526,'app\\models\\OccupancyRent'),
(732,34,'credit','',2300,'2018-03-20','2018-03-20 19:56:07',1,526,'app\\models\\OccupancyRent'),
(733,39,'debit','',4000,'2018-03-16','2018-03-21 14:32:44',1,15,'app\\models\\LandlordImprest'),
(734,32,'credit','',4000,'2018-03-16','2018-03-21 14:32:44',1,15,'app\\models\\LandlordImprest'),
(735,32,'debit','',6000,'2018-03-21','2018-03-21 14:35:01',1,19,'app\\models\\OccupancyPayments'),
(736,36,'credit','',6000,'2018-03-21','2018-03-21 14:35:01',1,19,'app\\models\\OccupancyPayments'),
(737,40,'debit','',460,'2018-03-21','2018-03-21 14:35:54',1,28,'app\\models\\OccupancyRent'),
(738,36,'credit','',460,'2018-03-21','2018-03-21 14:35:54',1,28,'app\\models\\OccupancyRent'),
(739,36,'debit','',10000,'2018-03-21','2018-03-21 20:00:05',1,528,'app\\models\\OccupancyRent'),
(740,34,'credit','',10000,'2018-03-21','2018-03-21 20:00:05',1,528,'app\\models\\OccupancyRent'),
(741,32,'debit','',20000,'2018-03-21','2018-03-21 20:02:53',1,20,'app\\models\\OccupancyPayments'),
(742,36,'credit','',20000,'2018-03-21','2018-03-21 20:02:54',1,20,'app\\models\\OccupancyPayments'),
(743,40,'debit','',2000,'2018-03-21','2018-03-21 20:04:13',1,528,'app\\models\\OccupancyRent'),
(744,36,'credit','',2000,'2018-03-21','2018-03-21 20:04:13',1,528,'app\\models\\OccupancyRent'),
(745,38,'debit','',5600,'2018-03-21','2018-03-21 20:14:39',1,206,'app\\models\\Disbursements'),
(746,35,'credit','',5600,'2018-03-21','2018-03-21 20:14:39',1,206,'app\\models\\Disbursements'),
(747,38,'debit','',1840,'2018-03-21','2018-03-21 20:14:39',1,207,'app\\models\\Disbursements'),
(748,35,'credit','',1840,'2018-03-21','2018-03-21 20:14:39',1,207,'app\\models\\Disbursements'),
(749,38,'debit','',8000,'2018-03-21','2018-03-21 20:14:39',1,208,'app\\models\\Disbursements'),
(750,35,'credit','',8000,'2018-03-21','2018-03-21 20:14:39',1,208,'app\\models\\Disbursements'),
(751,39,'debit','',8000,'2018-03-21','2018-03-21 20:16:48',1,16,'app\\models\\LandlordImprest'),
(752,32,'credit','',8000,'2018-03-21','2018-03-21 20:16:48',1,16,'app\\models\\LandlordImprest'),
(753,36,'debit','',2300,'2018-03-21','2018-03-21 20:24:31',1,530,'app\\models\\OccupancyRent'),
(754,34,'credit','',2300,'2018-03-21','2018-03-21 20:24:31',1,530,'app\\models\\OccupancyRent'),
(755,38,'debit','',1840,'2018-03-21','2018-03-21 20:24:40',1,209,'app\\models\\Disbursements'),
(756,35,'credit','',1840,'2018-03-21','2018-03-21 20:24:40',1,209,'app\\models\\Disbursements'),
(757,39,'debit','',3680,'2018-03-21','2018-03-21 20:25:52',1,17,'app\\models\\LandlordImprest'),
(758,32,'credit','',3680,'2018-03-21','2018-03-21 20:25:52',1,17,'app\\models\\LandlordImprest'),
(759,32,'debit','',5000,'2018-03-24','2018-03-24 06:23:36',1,21,'app\\models\\OccupancyPayments'),
(760,36,'credit','',5000,'2018-03-24','2018-03-24 06:23:36',1,21,'app\\models\\OccupancyPayments'),
(761,36,'debit','',7500,'2017-09-10','2017-09-10 13:07:01',1,532,'app\\models\\OccupancyRent'),
(762,34,'credit','',7500,'2017-09-10','2017-09-10 13:07:01',1,532,'app\\models\\OccupancyRent'),
(763,36,'debit','',7000,'2017-09-10','2017-09-10 13:07:02',1,533,'app\\models\\OccupancyRent'),
(764,34,'credit','',7000,'2017-09-10','2017-09-10 13:07:02',1,533,'app\\models\\OccupancyRent'),
(765,36,'debit','',7000,'2017-09-10','2017-09-10 13:07:02',1,534,'app\\models\\OccupancyRent'),
(766,34,'credit','',7000,'2017-09-10','2017-09-10 13:07:02',1,534,'app\\models\\OccupancyRent'),
(767,36,'debit','',2300,'2017-09-10','2017-09-10 13:07:02',1,535,'app\\models\\OccupancyRent'),
(768,34,'credit','',2300,'2017-09-10','2017-09-10 13:07:02',1,535,'app\\models\\OccupancyRent'),
(769,36,'debit','',2300,'2017-09-10','2017-09-10 13:07:02',1,536,'app\\models\\OccupancyRent'),
(770,34,'credit','',2300,'2017-09-10','2017-09-10 13:07:02',1,536,'app\\models\\OccupancyRent'),
(771,36,'debit','',2300,'2017-09-10','2017-09-10 13:07:02',1,537,'app\\models\\OccupancyRent'),
(772,34,'credit','',2300,'2017-09-10','2017-09-10 13:07:02',1,537,'app\\models\\OccupancyRent'),
(773,36,'debit','',2300,'2017-09-10','2017-09-10 13:07:02',1,538,'app\\models\\OccupancyRent'),
(774,34,'credit','',2300,'2017-09-10','2017-09-10 13:07:02',1,538,'app\\models\\OccupancyRent'),
(775,36,'debit','',2300,'2017-09-10','2017-09-10 13:07:02',1,539,'app\\models\\OccupancyRent'),
(776,34,'credit','',2300,'2017-09-10','2017-09-10 13:07:02',1,539,'app\\models\\OccupancyRent'),
(777,36,'debit','',2300,'2017-09-10','2017-09-10 13:07:02',1,540,'app\\models\\OccupancyRent'),
(778,34,'credit','',2300,'2017-09-10','2017-09-10 13:07:02',1,540,'app\\models\\OccupancyRent'),
(779,36,'debit','',2300,'2017-09-10','2017-09-10 13:07:02',1,541,'app\\models\\OccupancyRent'),
(780,34,'credit','',2300,'2017-09-10','2017-09-10 13:07:02',1,541,'app\\models\\OccupancyRent'),
(781,36,'debit','',2300,'2017-09-10','2017-09-10 13:07:02',1,542,'app\\models\\OccupancyRent'),
(782,34,'credit','',2300,'2017-09-10','2017-09-10 13:07:02',1,542,'app\\models\\OccupancyRent'),
(783,36,'debit','',2300,'2017-09-10','2017-09-10 13:07:02',1,543,'app\\models\\OccupancyRent'),
(784,34,'credit','',2300,'2017-09-10','2017-09-10 13:07:02',1,543,'app\\models\\OccupancyRent'),
(785,36,'debit','',2500,'2017-09-10','2017-09-10 13:07:02',1,544,'app\\models\\OccupancyRent'),
(786,34,'credit','',2500,'2017-09-10','2017-09-10 13:07:02',1,544,'app\\models\\OccupancyRent'),
(787,36,'debit','',2300,'2017-09-10','2017-09-10 13:07:02',1,545,'app\\models\\OccupancyRent'),
(788,34,'credit','',2300,'2017-09-10','2017-09-10 13:07:02',1,545,'app\\models\\OccupancyRent'),
(789,36,'debit','',1500,'2017-09-10','2017-09-10 13:07:03',1,546,'app\\models\\OccupancyRent'),
(790,34,'credit','',1500,'2017-09-10','2017-09-10 13:07:03',1,546,'app\\models\\OccupancyRent'),
(791,36,'debit','',1500,'2017-09-10','2017-09-10 13:07:03',1,547,'app\\models\\OccupancyRent'),
(792,34,'credit','',1500,'2017-09-10','2017-09-10 13:07:03',1,547,'app\\models\\OccupancyRent'),
(793,36,'debit','',1500,'2017-09-10','2017-09-10 13:07:03',1,548,'app\\models\\OccupancyRent'),
(794,34,'credit','',1500,'2017-09-10','2017-09-10 13:07:03',1,548,'app\\models\\OccupancyRent'),
(795,36,'debit','',700,'2017-09-10','2017-09-10 13:07:03',1,549,'app\\models\\OccupancyRent'),
(796,34,'credit','',700,'2017-09-10','2017-09-10 13:07:03',1,549,'app\\models\\OccupancyRent'),
(797,36,'debit','',700,'2017-09-10','2017-09-10 13:07:03',1,550,'app\\models\\OccupancyRent'),
(798,34,'credit','',700,'2017-09-10','2017-09-10 13:07:03',1,550,'app\\models\\OccupancyRent'),
(799,36,'debit','',700,'2017-09-10','2017-09-10 13:07:03',1,551,'app\\models\\OccupancyRent'),
(800,34,'credit','',700,'2017-09-10','2017-09-10 13:07:03',1,551,'app\\models\\OccupancyRent'),
(801,36,'debit','',700,'2017-09-10','2017-09-10 13:07:03',1,552,'app\\models\\OccupancyRent'),
(802,34,'credit','',700,'2017-09-10','2017-09-10 13:07:03',1,552,'app\\models\\OccupancyRent'),
(803,36,'debit','',700,'2017-09-10','2017-09-10 13:07:03',1,553,'app\\models\\OccupancyRent'),
(804,34,'credit','',700,'2017-09-10','2017-09-10 13:07:03',1,553,'app\\models\\OccupancyRent'),
(805,36,'debit','',700,'2017-09-10','2017-09-10 13:07:03',1,554,'app\\models\\OccupancyRent'),
(806,34,'credit','',700,'2017-09-10','2017-09-10 13:07:03',1,554,'app\\models\\OccupancyRent'),
(807,36,'debit','',1300,'2017-09-10','2017-09-10 13:07:03',1,555,'app\\models\\OccupancyRent'),
(808,34,'credit','',1300,'2017-09-10','2017-09-10 13:07:03',1,555,'app\\models\\OccupancyRent'),
(809,36,'debit','',1300,'2017-09-10','2017-09-10 13:07:03',1,556,'app\\models\\OccupancyRent'),
(810,34,'credit','',1300,'2017-09-10','2017-09-10 13:07:03',1,556,'app\\models\\OccupancyRent'),
(811,36,'debit','',1300,'2017-09-10','2017-09-10 13:07:04',1,557,'app\\models\\OccupancyRent'),
(812,34,'credit','',1300,'2017-09-10','2017-09-10 13:07:04',1,557,'app\\models\\OccupancyRent'),
(813,36,'debit','',1300,'2017-09-10','2017-09-10 13:07:04',1,558,'app\\models\\OccupancyRent'),
(814,34,'credit','',1300,'2017-09-10','2017-09-10 13:07:04',1,558,'app\\models\\OccupancyRent'),
(815,36,'debit','',1300,'2017-09-10','2017-09-10 13:07:04',1,559,'app\\models\\OccupancyRent'),
(816,34,'credit','',1300,'2017-09-10','2017-09-10 13:07:04',1,559,'app\\models\\OccupancyRent'),
(817,36,'debit','',1300,'2017-09-10','2017-09-10 13:07:04',1,560,'app\\models\\OccupancyRent'),
(818,34,'credit','',1300,'2017-09-10','2017-09-10 13:07:04',1,560,'app\\models\\OccupancyRent'),
(819,36,'debit','',1300,'2017-09-10','2017-09-10 13:07:04',1,561,'app\\models\\OccupancyRent'),
(820,34,'credit','',1300,'2017-09-10','2017-09-10 13:07:04',1,561,'app\\models\\OccupancyRent'),
(821,36,'debit','',1300,'2017-09-10','2017-09-10 13:07:04',1,562,'app\\models\\OccupancyRent'),
(822,34,'credit','',1300,'2017-09-10','2017-09-10 13:07:04',1,562,'app\\models\\OccupancyRent'),
(823,36,'debit','',1300,'2017-09-10','2017-09-10 13:07:04',1,563,'app\\models\\OccupancyRent'),
(824,34,'credit','',1300,'2017-09-10','2017-09-10 13:07:04',1,563,'app\\models\\OccupancyRent'),
(825,36,'debit','',1300,'2017-09-10','2017-09-10 13:07:04',1,564,'app\\models\\OccupancyRent'),
(826,34,'credit','',1300,'2017-09-10','2017-09-10 13:07:04',1,564,'app\\models\\OccupancyRent'),
(827,36,'debit','',1300,'2017-09-10','2017-09-10 13:07:04',1,565,'app\\models\\OccupancyRent'),
(828,34,'credit','',1300,'2017-09-10','2017-09-10 13:07:04',1,565,'app\\models\\OccupancyRent'),
(829,36,'debit','',1300,'2017-09-10','2017-09-10 13:07:04',1,566,'app\\models\\OccupancyRent'),
(830,34,'credit','',1300,'2017-09-10','2017-09-10 13:07:04',1,566,'app\\models\\OccupancyRent'),
(831,36,'debit','',2000,'2017-09-10','2017-09-10 13:07:04',1,567,'app\\models\\OccupancyRent'),
(832,34,'credit','',2000,'2017-09-10','2017-09-10 13:07:04',1,567,'app\\models\\OccupancyRent'),
(833,36,'debit','',2000,'2017-09-10','2017-09-10 13:07:04',1,568,'app\\models\\OccupancyRent'),
(834,34,'credit','',2000,'2017-09-10','2017-09-10 13:07:04',1,568,'app\\models\\OccupancyRent'),
(835,36,'debit','',2000,'2017-09-10','2017-09-10 13:07:05',1,569,'app\\models\\OccupancyRent'),
(836,34,'credit','',2000,'2017-09-10','2017-09-10 13:07:05',1,569,'app\\models\\OccupancyRent'),
(837,36,'debit','',2000,'2017-09-10','2017-09-10 13:07:05',1,570,'app\\models\\OccupancyRent'),
(838,34,'credit','',2000,'2017-09-10','2017-09-10 13:07:05',1,570,'app\\models\\OccupancyRent'),
(839,36,'debit','',2000,'2017-09-10','2017-09-10 13:07:05',1,571,'app\\models\\OccupancyRent'),
(840,34,'credit','',2000,'2017-09-10','2017-09-10 13:07:05',1,571,'app\\models\\OccupancyRent'),
(841,36,'debit','',2000,'2017-09-10','2017-09-10 13:07:05',1,572,'app\\models\\OccupancyRent'),
(842,34,'credit','',2000,'2017-09-10','2017-09-10 13:07:05',1,572,'app\\models\\OccupancyRent'),
(843,36,'debit','',1500,'2017-09-10','2017-09-10 13:07:05',1,573,'app\\models\\OccupancyRent'),
(844,34,'credit','',1500,'2017-09-10','2017-09-10 13:07:05',1,573,'app\\models\\OccupancyRent'),
(845,36,'debit','',5000,'2017-09-10','2017-09-10 13:07:05',1,574,'app\\models\\OccupancyRent'),
(846,34,'credit','',5000,'2017-09-10','2017-09-10 13:07:05',1,574,'app\\models\\OccupancyRent'),
(847,36,'debit','',1000,'2017-09-10','2017-09-10 13:07:05',1,575,'app\\models\\OccupancyRent'),
(848,34,'credit','',1000,'2017-09-10','2017-09-10 13:07:05',1,575,'app\\models\\OccupancyRent'),
(849,36,'debit','',1000,'2017-09-10','2017-09-10 13:07:05',1,576,'app\\models\\OccupancyRent'),
(850,34,'credit','',1000,'2017-09-10','2017-09-10 13:07:05',1,576,'app\\models\\OccupancyRent'),
(851,36,'debit','',1000,'2017-09-10','2017-09-10 13:07:05',1,577,'app\\models\\OccupancyRent'),
(852,34,'credit','',1000,'2017-09-10','2017-09-10 13:07:05',1,577,'app\\models\\OccupancyRent'),
(853,36,'debit','',1000,'2017-09-10','2017-09-10 13:07:05',1,578,'app\\models\\OccupancyRent'),
(854,34,'credit','',1000,'2017-09-10','2017-09-10 13:07:05',1,578,'app\\models\\OccupancyRent'),
(855,36,'debit','',1500,'2017-09-10','2017-09-10 13:07:05',1,579,'app\\models\\OccupancyRent'),
(856,34,'credit','',1500,'2017-09-10','2017-09-10 13:07:05',1,579,'app\\models\\OccupancyRent'),
(857,36,'debit','',1500,'2017-09-10','2017-09-10 13:07:06',1,580,'app\\models\\OccupancyRent'),
(858,34,'credit','',1500,'2017-09-10','2017-09-10 13:07:06',1,580,'app\\models\\OccupancyRent'),
(859,36,'debit','',1500,'2017-09-10','2017-09-10 13:07:06',1,581,'app\\models\\OccupancyRent'),
(860,34,'credit','',1500,'2017-09-10','2017-09-10 13:07:06',1,581,'app\\models\\OccupancyRent'),
(861,36,'debit','',1500,'2017-09-10','2017-09-10 13:07:06',1,582,'app\\models\\OccupancyRent'),
(862,34,'credit','',1500,'2017-09-10','2017-09-10 13:07:06',1,582,'app\\models\\OccupancyRent'),
(863,36,'debit','',1500,'2017-09-10','2017-09-10 13:07:06',1,583,'app\\models\\OccupancyRent'),
(864,34,'credit','',1500,'2017-09-10','2017-09-10 13:07:06',1,583,'app\\models\\OccupancyRent'),
(865,36,'debit','',1500,'2017-09-10','2017-09-10 13:07:06',1,584,'app\\models\\OccupancyRent'),
(866,34,'credit','',1500,'2017-09-10','2017-09-10 13:07:06',1,584,'app\\models\\OccupancyRent'),
(867,36,'debit','',1500,'2017-09-10','2017-09-10 13:07:06',1,585,'app\\models\\OccupancyRent'),
(868,34,'credit','',1500,'2017-09-10','2017-09-10 13:07:06',1,585,'app\\models\\OccupancyRent'),
(869,36,'debit','',1500,'2017-09-10','2017-09-10 13:07:06',1,586,'app\\models\\OccupancyRent'),
(870,34,'credit','',1500,'2017-09-10','2017-09-10 13:07:06',1,586,'app\\models\\OccupancyRent'),
(871,36,'debit','',1500,'2017-09-10','2017-09-10 13:07:06',1,587,'app\\models\\OccupancyRent'),
(872,34,'credit','',1500,'2017-09-10','2017-09-10 13:07:06',1,587,'app\\models\\OccupancyRent'),
(873,36,'debit','',1500,'2017-09-10','2017-09-10 13:07:06',1,588,'app\\models\\OccupancyRent'),
(874,34,'credit','',1500,'2017-09-10','2017-09-10 13:07:06',1,588,'app\\models\\OccupancyRent'),
(875,36,'debit','',1500,'2017-09-10','2017-09-10 13:07:06',1,589,'app\\models\\OccupancyRent'),
(876,34,'credit','',1500,'2017-09-10','2017-09-10 13:07:06',1,589,'app\\models\\OccupancyRent'),
(877,36,'debit','',2000,'2017-09-10','2017-09-10 13:07:06',1,590,'app\\models\\OccupancyRent'),
(878,34,'credit','',2000,'2017-09-10','2017-09-10 13:07:06',1,590,'app\\models\\OccupancyRent'),
(879,36,'debit','',2000,'2017-09-10','2017-09-10 13:07:07',1,591,'app\\models\\OccupancyRent'),
(880,34,'credit','',2000,'2017-09-10','2017-09-10 13:07:07',1,591,'app\\models\\OccupancyRent'),
(881,36,'debit','',2000,'2017-09-10','2017-09-10 13:07:07',1,592,'app\\models\\OccupancyRent'),
(882,34,'credit','',2000,'2017-09-10','2017-09-10 13:07:07',1,592,'app\\models\\OccupancyRent'),
(883,36,'debit','',2000,'2017-09-10','2017-09-10 13:07:07',1,593,'app\\models\\OccupancyRent'),
(884,34,'credit','',2000,'2017-09-10','2017-09-10 13:07:07',1,593,'app\\models\\OccupancyRent'),
(885,36,'debit','',2000,'2017-09-10','2017-09-10 13:07:07',1,594,'app\\models\\OccupancyRent'),
(886,34,'credit','',2000,'2017-09-10','2017-09-10 13:07:07',1,594,'app\\models\\OccupancyRent'),
(887,36,'debit','',2000,'2017-09-10','2017-09-10 13:07:07',1,595,'app\\models\\OccupancyRent'),
(888,34,'credit','',2000,'2017-09-10','2017-09-10 13:07:07',1,595,'app\\models\\OccupancyRent'),
(889,36,'debit','',2000,'2017-09-10','2017-09-10 13:07:07',1,596,'app\\models\\OccupancyRent'),
(890,34,'credit','',2000,'2017-09-10','2017-09-10 13:07:07',1,596,'app\\models\\OccupancyRent'),
(891,36,'debit','',2000,'2017-09-10','2017-09-10 13:07:07',1,597,'app\\models\\OccupancyRent'),
(892,34,'credit','',2000,'2017-09-10','2017-09-10 13:07:07',1,597,'app\\models\\OccupancyRent'),
(893,36,'debit','',2000,'2017-09-10','2017-09-10 13:07:07',1,598,'app\\models\\OccupancyRent'),
(894,34,'credit','',2000,'2017-09-10','2017-09-10 13:07:07',1,598,'app\\models\\OccupancyRent'),
(895,36,'debit','',2000,'2017-09-10','2017-09-10 13:07:07',1,599,'app\\models\\OccupancyRent'),
(896,34,'credit','',2000,'2017-09-10','2017-09-10 13:07:07',1,599,'app\\models\\OccupancyRent'),
(897,36,'debit','',2000,'2017-09-10','2017-09-10 13:07:07',1,600,'app\\models\\OccupancyRent'),
(898,34,'credit','',2000,'2017-09-10','2017-09-10 13:07:07',1,600,'app\\models\\OccupancyRent'),
(899,36,'debit','',1800,'2017-09-10','2017-09-10 13:07:07',1,601,'app\\models\\OccupancyRent'),
(900,34,'credit','',1800,'2017-09-10','2017-09-10 13:07:07',1,601,'app\\models\\OccupancyRent'),
(901,36,'debit','',1800,'2017-09-10','2017-09-10 13:07:07',1,602,'app\\models\\OccupancyRent'),
(902,34,'credit','',1800,'2017-09-10','2017-09-10 13:07:07',1,602,'app\\models\\OccupancyRent'),
(903,36,'debit','',1800,'2017-09-10','2017-09-10 13:07:08',1,603,'app\\models\\OccupancyRent'),
(904,34,'credit','',1800,'2017-09-10','2017-09-10 13:07:08',1,603,'app\\models\\OccupancyRent'),
(905,36,'debit','',1800,'2017-09-10','2017-09-10 13:07:08',1,604,'app\\models\\OccupancyRent'),
(906,34,'credit','',1800,'2017-09-10','2017-09-10 13:07:08',1,604,'app\\models\\OccupancyRent'),
(907,36,'debit','',1800,'2017-09-10','2017-09-10 13:07:08',1,605,'app\\models\\OccupancyRent'),
(908,34,'credit','',1800,'2017-09-10','2017-09-10 13:07:08',1,605,'app\\models\\OccupancyRent'),
(909,36,'debit','',1800,'2017-09-10','2017-09-10 13:07:08',1,606,'app\\models\\OccupancyRent'),
(910,34,'credit','',1800,'2017-09-10','2017-09-10 13:07:08',1,606,'app\\models\\OccupancyRent'),
(911,36,'debit','',1800,'2017-09-10','2017-09-10 13:07:08',1,607,'app\\models\\OccupancyRent'),
(912,34,'credit','',1800,'2017-09-10','2017-09-10 13:07:08',1,607,'app\\models\\OccupancyRent'),
(913,36,'debit','',1800,'2017-09-10','2017-09-10 13:07:08',1,608,'app\\models\\OccupancyRent'),
(914,34,'credit','',1800,'2017-09-10','2017-09-10 13:07:08',1,608,'app\\models\\OccupancyRent'),
(915,36,'debit','',1200,'2017-09-10','2017-09-10 13:07:08',1,609,'app\\models\\OccupancyRent'),
(916,34,'credit','',1200,'2017-09-10','2017-09-10 13:07:08',1,609,'app\\models\\OccupancyRent'),
(917,36,'debit','',1200,'2017-09-10','2017-09-10 13:07:08',1,610,'app\\models\\OccupancyRent'),
(918,34,'credit','',1200,'2017-09-10','2017-09-10 13:07:08',1,610,'app\\models\\OccupancyRent'),
(919,36,'debit','',1200,'2017-09-10','2017-09-10 13:07:08',1,611,'app\\models\\OccupancyRent'),
(920,34,'credit','',1200,'2017-09-10','2017-09-10 13:07:08',1,611,'app\\models\\OccupancyRent'),
(921,36,'debit','',1200,'2017-09-10','2017-09-10 13:07:08',1,612,'app\\models\\OccupancyRent'),
(922,34,'credit','',1200,'2017-09-10','2017-09-10 13:07:08',1,612,'app\\models\\OccupancyRent'),
(923,36,'debit','',1200,'2017-09-10','2017-09-10 13:07:09',1,613,'app\\models\\OccupancyRent'),
(924,34,'credit','',1200,'2017-09-10','2017-09-10 13:07:09',1,613,'app\\models\\OccupancyRent'),
(925,36,'debit','',1200,'2017-09-10','2017-09-10 13:07:09',1,614,'app\\models\\OccupancyRent'),
(926,34,'credit','',1200,'2017-09-10','2017-09-10 13:07:09',1,614,'app\\models\\OccupancyRent'),
(927,36,'debit','',1200,'2017-09-10','2017-09-10 13:07:09',1,615,'app\\models\\OccupancyRent'),
(928,34,'credit','',1200,'2017-09-10','2017-09-10 13:07:09',1,615,'app\\models\\OccupancyRent'),
(929,36,'debit','',1200,'2017-09-10','2017-09-10 13:07:09',1,616,'app\\models\\OccupancyRent'),
(930,34,'credit','',1200,'2017-09-10','2017-09-10 13:07:09',1,616,'app\\models\\OccupancyRent'),
(931,36,'debit','',1000,'2017-09-10','2017-09-10 13:07:09',1,617,'app\\models\\OccupancyRent'),
(932,34,'credit','',1000,'2017-09-10','2017-09-10 13:07:09',1,617,'app\\models\\OccupancyRent'),
(933,36,'debit','',1000,'2017-09-10','2017-09-10 13:07:09',1,618,'app\\models\\OccupancyRent'),
(934,34,'credit','',1000,'2017-09-10','2017-09-10 13:07:09',1,618,'app\\models\\OccupancyRent'),
(935,36,'debit','',1000,'2017-09-10','2017-09-10 13:07:09',1,619,'app\\models\\OccupancyRent'),
(936,34,'credit','',1000,'2017-09-10','2017-09-10 13:07:09',1,619,'app\\models\\OccupancyRent'),
(937,36,'debit','',800,'2017-09-10','2017-09-10 13:07:09',1,620,'app\\models\\OccupancyRent'),
(938,34,'credit','',800,'2017-09-10','2017-09-10 13:07:09',1,620,'app\\models\\OccupancyRent'),
(939,36,'debit','',800,'2017-09-10','2017-09-10 13:07:09',1,621,'app\\models\\OccupancyRent'),
(940,34,'credit','',800,'2017-09-10','2017-09-10 13:07:09',1,621,'app\\models\\OccupancyRent'),
(941,36,'debit','',800,'2017-09-10','2017-09-10 13:07:09',1,622,'app\\models\\OccupancyRent'),
(942,34,'credit','',800,'2017-09-10','2017-09-10 13:07:09',1,622,'app\\models\\OccupancyRent'),
(943,36,'debit','',800,'2017-09-10','2017-09-10 13:07:09',1,623,'app\\models\\OccupancyRent'),
(944,34,'credit','',800,'2017-09-10','2017-09-10 13:07:09',1,623,'app\\models\\OccupancyRent'),
(945,36,'debit','',800,'2017-09-10','2017-09-10 13:07:10',1,624,'app\\models\\OccupancyRent'),
(946,34,'credit','',800,'2017-09-10','2017-09-10 13:07:10',1,624,'app\\models\\OccupancyRent'),
(947,36,'debit','',800,'2017-09-10','2017-09-10 13:07:10',1,625,'app\\models\\OccupancyRent'),
(948,34,'credit','',800,'2017-09-10','2017-09-10 13:07:10',1,625,'app\\models\\OccupancyRent'),
(949,36,'debit','',1000,'2017-09-10','2017-09-10 13:07:10',1,626,'app\\models\\OccupancyRent'),
(950,34,'credit','',1000,'2017-09-10','2017-09-10 13:07:10',1,626,'app\\models\\OccupancyRent'),
(951,36,'debit','',1000,'2017-09-10','2017-09-10 13:07:10',1,627,'app\\models\\OccupancyRent'),
(952,34,'credit','',1000,'2017-09-10','2017-09-10 13:07:10',1,627,'app\\models\\OccupancyRent'),
(953,36,'debit','',1000,'2017-09-10','2017-09-10 13:07:10',1,628,'app\\models\\OccupancyRent'),
(954,34,'credit','',1000,'2017-09-10','2017-09-10 13:07:10',1,628,'app\\models\\OccupancyRent'),
(955,36,'debit','',2500,'2017-09-10','2017-09-10 13:07:10',1,629,'app\\models\\OccupancyRent'),
(956,34,'credit','',2500,'2017-09-10','2017-09-10 13:07:10',1,629,'app\\models\\OccupancyRent'),
(957,36,'debit','',2500,'2017-09-10','2017-09-10 13:07:10',1,630,'app\\models\\OccupancyRent'),
(958,34,'credit','',2500,'2017-09-10','2017-09-10 13:07:10',1,630,'app\\models\\OccupancyRent'),
(959,36,'debit','',2500,'2017-09-10','2017-09-10 13:07:10',1,631,'app\\models\\OccupancyRent'),
(960,34,'credit','',2500,'2017-09-10','2017-09-10 13:07:10',1,631,'app\\models\\OccupancyRent'),
(961,36,'debit','',2500,'2017-09-10','2017-09-10 13:07:10',1,632,'app\\models\\OccupancyRent'),
(962,34,'credit','',2500,'2017-09-10','2017-09-10 13:07:10',1,632,'app\\models\\OccupancyRent'),
(963,36,'debit','',1500,'2017-09-10','2017-09-10 13:07:10',1,633,'app\\models\\OccupancyRent'),
(964,34,'credit','',1500,'2017-09-10','2017-09-10 13:07:10',1,633,'app\\models\\OccupancyRent'),
(965,36,'debit','',1500,'2017-09-10','2017-09-10 13:07:11',1,634,'app\\models\\OccupancyRent'),
(966,34,'credit','',1500,'2017-09-10','2017-09-10 13:07:11',1,634,'app\\models\\OccupancyRent'),
(967,36,'debit','',1500,'2017-09-10','2017-09-10 13:07:11',1,635,'app\\models\\OccupancyRent'),
(968,34,'credit','',1500,'2017-09-10','2017-09-10 13:07:11',1,635,'app\\models\\OccupancyRent'),
(969,36,'debit','',1500,'2017-09-10','2017-09-10 13:07:11',1,636,'app\\models\\OccupancyRent'),
(970,34,'credit','',1500,'2017-09-10','2017-09-10 13:07:11',1,636,'app\\models\\OccupancyRent'),
(971,36,'debit','',1500,'2017-09-10','2017-09-10 13:07:11',1,637,'app\\models\\OccupancyRent'),
(972,34,'credit','',1500,'2017-09-10','2017-09-10 13:07:11',1,637,'app\\models\\OccupancyRent'),
(973,36,'debit','',1500,'2017-09-10','2017-09-10 13:07:11',1,638,'app\\models\\OccupancyRent'),
(974,34,'credit','',1500,'2017-09-10','2017-09-10 13:07:11',1,638,'app\\models\\OccupancyRent'),
(975,36,'debit','',1500,'2017-09-10','2017-09-10 13:07:11',1,639,'app\\models\\OccupancyRent'),
(976,34,'credit','',1500,'2017-09-10','2017-09-10 13:07:11',1,639,'app\\models\\OccupancyRent'),
(977,36,'debit','',2500,'2017-09-10','2017-09-10 13:07:11',1,640,'app\\models\\OccupancyRent'),
(978,34,'credit','',2500,'2017-09-10','2017-09-10 13:07:11',1,640,'app\\models\\OccupancyRent'),
(979,36,'debit','',2500,'2017-09-10','2017-09-10 13:07:11',1,641,'app\\models\\OccupancyRent'),
(980,34,'credit','',2500,'2017-09-10','2017-09-10 13:07:11',1,641,'app\\models\\OccupancyRent'),
(981,36,'debit','',2500,'2017-09-10','2017-09-10 13:07:11',1,642,'app\\models\\OccupancyRent'),
(982,34,'credit','',2500,'2017-09-10','2017-09-10 13:07:11',1,642,'app\\models\\OccupancyRent'),
(983,36,'debit','',2500,'2017-09-10','2017-09-10 13:07:11',1,643,'app\\models\\OccupancyRent'),
(984,34,'credit','',2500,'2017-09-10','2017-09-10 13:07:11',1,643,'app\\models\\OccupancyRent'),
(985,36,'debit','',2500,'2017-09-10','2017-09-10 13:07:11',1,644,'app\\models\\OccupancyRent'),
(986,34,'credit','',2500,'2017-09-10','2017-09-10 13:07:11',1,644,'app\\models\\OccupancyRent'),
(987,36,'debit','',2500,'2017-09-10','2017-09-10 13:07:12',1,645,'app\\models\\OccupancyRent'),
(988,34,'credit','',2500,'2017-09-10','2017-09-10 13:07:12',1,645,'app\\models\\OccupancyRent'),
(989,36,'debit','',2500,'2017-09-10','2017-09-10 13:07:12',1,646,'app\\models\\OccupancyRent'),
(990,34,'credit','',2500,'2017-09-10','2017-09-10 13:07:12',1,646,'app\\models\\OccupancyRent'),
(991,36,'debit','',2500,'2017-09-10','2017-09-10 13:07:12',1,647,'app\\models\\OccupancyRent'),
(992,34,'credit','',2500,'2017-09-10','2017-09-10 13:07:12',1,647,'app\\models\\OccupancyRent'),
(993,36,'debit','',2500,'2017-09-10','2017-09-10 13:07:12',1,648,'app\\models\\OccupancyRent'),
(994,34,'credit','',2500,'2017-09-10','2017-09-10 13:07:12',1,648,'app\\models\\OccupancyRent'),
(995,36,'debit','',1800,'2017-09-10','2017-09-10 13:07:12',1,649,'app\\models\\OccupancyRent'),
(996,34,'credit','',1800,'2017-09-10','2017-09-10 13:07:12',1,649,'app\\models\\OccupancyRent'),
(997,36,'debit','',1800,'2017-09-10','2017-09-10 13:07:12',1,650,'app\\models\\OccupancyRent'),
(998,34,'credit','',1800,'2017-09-10','2017-09-10 13:07:12',1,650,'app\\models\\OccupancyRent'),
(999,36,'debit','',1800,'2017-09-10','2017-09-10 13:07:12',1,651,'app\\models\\OccupancyRent'),
(1000,34,'credit','',1800,'2017-09-10','2017-09-10 13:07:12',1,651,'app\\models\\OccupancyRent'),
(1001,36,'debit','',1000,'2017-09-10','2017-09-10 13:07:12',1,652,'app\\models\\OccupancyRent'),
(1002,34,'credit','',1000,'2017-09-10','2017-09-10 13:07:12',1,652,'app\\models\\OccupancyRent'),
(1003,36,'debit','',1000,'2017-09-10','2017-09-10 13:07:12',1,653,'app\\models\\OccupancyRent'),
(1004,34,'credit','',1000,'2017-09-10','2017-09-10 13:07:12',1,653,'app\\models\\OccupancyRent'),
(1005,36,'debit','',1000,'2017-09-10','2017-09-10 13:07:12',1,654,'app\\models\\OccupancyRent'),
(1006,34,'credit','',1000,'2017-09-10','2017-09-10 13:07:12',1,654,'app\\models\\OccupancyRent'),
(1007,36,'debit','',1000,'2017-09-10','2017-09-10 13:07:12',1,655,'app\\models\\OccupancyRent'),
(1008,34,'credit','',1000,'2017-09-10','2017-09-10 13:07:12',1,655,'app\\models\\OccupancyRent'),
(1009,36,'debit','',1000,'2017-09-10','2017-09-10 13:07:12',1,656,'app\\models\\OccupancyRent'),
(1010,34,'credit','',1000,'2017-09-10','2017-09-10 13:07:12',1,656,'app\\models\\OccupancyRent'),
(1011,36,'debit','',1000,'2017-09-10','2017-09-10 13:07:13',1,657,'app\\models\\OccupancyRent'),
(1012,34,'credit','',1000,'2017-09-10','2017-09-10 13:07:13',1,657,'app\\models\\OccupancyRent'),
(1013,36,'debit','',1000,'2017-09-10','2017-09-10 13:07:13',1,658,'app\\models\\OccupancyRent'),
(1014,34,'credit','',1000,'2017-09-10','2017-09-10 13:07:13',1,658,'app\\models\\OccupancyRent'),
(1015,36,'debit','',1000,'2017-09-10','2017-09-10 13:07:13',1,659,'app\\models\\OccupancyRent'),
(1016,34,'credit','',1000,'2017-09-10','2017-09-10 13:07:13',1,659,'app\\models\\OccupancyRent'),
(1017,36,'debit','',1000,'2017-09-10','2017-09-10 13:07:13',1,660,'app\\models\\OccupancyRent'),
(1018,34,'credit','',1000,'2017-09-10','2017-09-10 13:07:13',1,660,'app\\models\\OccupancyRent'),
(1019,36,'debit','',1000,'2017-09-10','2017-09-10 13:07:13',1,661,'app\\models\\OccupancyRent'),
(1020,34,'credit','',1000,'2017-09-10','2017-09-10 13:07:13',1,661,'app\\models\\OccupancyRent'),
(1021,36,'debit','',1000,'2017-09-10','2017-09-10 13:07:13',1,662,'app\\models\\OccupancyRent'),
(1022,34,'credit','',1000,'2017-09-10','2017-09-10 13:07:13',1,662,'app\\models\\OccupancyRent'),
(1023,36,'debit','',1000,'2017-09-10','2017-09-10 13:07:13',1,663,'app\\models\\OccupancyRent'),
(1024,34,'credit','',1000,'2017-09-10','2017-09-10 13:07:13',1,663,'app\\models\\OccupancyRent'),
(1025,36,'debit','',1000,'2017-09-10','2017-09-10 13:07:13',1,664,'app\\models\\OccupancyRent'),
(1026,34,'credit','',1000,'2017-09-10','2017-09-10 13:07:13',1,664,'app\\models\\OccupancyRent'),
(1027,36,'debit','',3000,'2017-09-10','2017-09-10 13:07:13',1,665,'app\\models\\OccupancyRent'),
(1028,34,'credit','',3000,'2017-09-10','2017-09-10 13:07:13',1,665,'app\\models\\OccupancyRent'),
(1029,36,'debit','',2000,'2017-09-10','2017-09-10 13:07:13',1,666,'app\\models\\OccupancyRent'),
(1030,34,'credit','',2000,'2017-09-10','2017-09-10 13:07:13',1,666,'app\\models\\OccupancyRent'),
(1031,36,'debit','',2500,'2017-09-10','2017-09-10 13:07:13',1,667,'app\\models\\OccupancyRent'),
(1032,34,'credit','',2500,'2017-09-10','2017-09-10 13:07:13',1,667,'app\\models\\OccupancyRent'),
(1033,36,'debit','',2500,'2017-09-10','2017-09-10 13:07:14',1,668,'app\\models\\OccupancyRent'),
(1034,34,'credit','',2500,'2017-09-10','2017-09-10 13:07:14',1,668,'app\\models\\OccupancyRent'),
(1035,36,'debit','',2500,'2017-09-10','2017-09-10 13:07:14',1,669,'app\\models\\OccupancyRent'),
(1036,34,'credit','',2500,'2017-09-10','2017-09-10 13:07:14',1,669,'app\\models\\OccupancyRent'),
(1037,36,'debit','',2500,'2017-09-10','2017-09-10 13:07:14',1,670,'app\\models\\OccupancyRent'),
(1038,34,'credit','',2500,'2017-09-10','2017-09-10 13:07:14',1,670,'app\\models\\OccupancyRent'),
(1039,36,'debit','',2500,'2017-09-10','2017-09-10 13:07:14',1,671,'app\\models\\OccupancyRent'),
(1040,34,'credit','',2500,'2017-09-10','2017-09-10 13:07:14',1,671,'app\\models\\OccupancyRent'),
(1041,36,'debit','',2500,'2017-09-10','2017-09-10 13:07:14',1,672,'app\\models\\OccupancyRent'),
(1042,34,'credit','',2500,'2017-09-10','2017-09-10 13:07:14',1,672,'app\\models\\OccupancyRent'),
(1043,36,'debit','',2000,'2017-09-10','2017-09-10 13:07:14',1,673,'app\\models\\OccupancyRent'),
(1044,34,'credit','',2000,'2017-09-10','2017-09-10 13:07:14',1,673,'app\\models\\OccupancyRent'),
(1045,36,'debit','',2000,'2017-09-10','2017-09-10 13:07:14',1,674,'app\\models\\OccupancyRent'),
(1046,34,'credit','',2000,'2017-09-10','2017-09-10 13:07:14',1,674,'app\\models\\OccupancyRent'),
(1047,36,'debit','',2000,'2017-09-10','2017-09-10 13:07:14',1,675,'app\\models\\OccupancyRent'),
(1048,34,'credit','',2000,'2017-09-10','2017-09-10 13:07:14',1,675,'app\\models\\OccupancyRent'),
(1049,36,'debit','',2000,'2017-09-10','2017-09-10 13:07:14',1,676,'app\\models\\OccupancyRent'),
(1050,34,'credit','',2000,'2017-09-10','2017-09-10 13:07:14',1,676,'app\\models\\OccupancyRent'),
(1051,36,'debit','',2000,'2017-09-10','2017-09-10 13:07:14',1,677,'app\\models\\OccupancyRent'),
(1052,34,'credit','',2000,'2017-09-10','2017-09-10 13:07:14',1,677,'app\\models\\OccupancyRent'),
(1053,36,'debit','',2000,'2017-09-10','2017-09-10 13:07:14',1,678,'app\\models\\OccupancyRent'),
(1054,34,'credit','',2000,'2017-09-10','2017-09-10 13:07:14',1,678,'app\\models\\OccupancyRent'),
(1055,36,'debit','',2000,'2017-09-10','2017-09-10 13:07:15',1,679,'app\\models\\OccupancyRent'),
(1056,34,'credit','',2000,'2017-09-10','2017-09-10 13:07:15',1,679,'app\\models\\OccupancyRent'),
(1057,36,'debit','',8000,'2017-09-10','2017-09-10 13:07:15',1,680,'app\\models\\OccupancyRent'),
(1058,34,'credit','',8000,'2017-09-10','2017-09-10 13:07:15',1,680,'app\\models\\OccupancyRent'),
(1059,36,'debit','',1800,'2017-09-10','2017-09-10 13:07:15',1,681,'app\\models\\OccupancyRent'),
(1060,34,'credit','',1800,'2017-09-10','2017-09-10 13:07:15',1,681,'app\\models\\OccupancyRent'),
(1061,36,'debit','',2200,'2017-09-10','2017-09-10 13:07:15',1,682,'app\\models\\OccupancyRent'),
(1062,34,'credit','',2200,'2017-09-10','2017-09-10 13:07:15',1,682,'app\\models\\OccupancyRent'),
(1063,36,'debit','',2200,'2017-09-10','2017-09-10 13:07:15',1,683,'app\\models\\OccupancyRent'),
(1064,34,'credit','',2200,'2017-09-10','2017-09-10 13:07:15',1,683,'app\\models\\OccupancyRent'),
(1065,36,'debit','',2200,'2017-09-10','2017-09-10 13:07:15',1,684,'app\\models\\OccupancyRent'),
(1066,34,'credit','',2200,'2017-09-10','2017-09-10 13:07:15',1,684,'app\\models\\OccupancyRent'),
(1067,36,'debit','',2200,'2017-09-10','2017-09-10 13:07:15',1,685,'app\\models\\OccupancyRent'),
(1068,34,'credit','',2200,'2017-09-10','2017-09-10 13:07:15',1,685,'app\\models\\OccupancyRent'),
(1069,36,'debit','',2200,'2017-09-10','2017-09-10 13:07:15',1,686,'app\\models\\OccupancyRent'),
(1070,34,'credit','',2200,'2017-09-10','2017-09-10 13:07:15',1,686,'app\\models\\OccupancyRent'),
(1071,36,'debit','',2200,'2017-09-10','2017-09-10 13:07:15',1,687,'app\\models\\OccupancyRent'),
(1072,34,'credit','',2200,'2017-09-10','2017-09-10 13:07:15',1,687,'app\\models\\OccupancyRent'),
(1073,36,'debit','',2200,'2017-09-10','2017-09-10 13:07:15',1,688,'app\\models\\OccupancyRent'),
(1074,34,'credit','',2200,'2017-09-10','2017-09-10 13:07:15',1,688,'app\\models\\OccupancyRent'),
(1075,36,'debit','',2200,'2017-09-10','2017-09-10 13:07:15',1,689,'app\\models\\OccupancyRent'),
(1076,34,'credit','',2200,'2017-09-10','2017-09-10 13:07:15',1,689,'app\\models\\OccupancyRent'),
(1077,36,'debit','',2800,'2017-09-10','2017-09-10 13:07:16',1,690,'app\\models\\OccupancyRent'),
(1078,34,'credit','',2800,'2017-09-10','2017-09-10 13:07:16',1,690,'app\\models\\OccupancyRent'),
(1079,36,'debit','',2800,'2017-09-10','2017-09-10 13:07:16',1,691,'app\\models\\OccupancyRent'),
(1080,34,'credit','',2800,'2017-09-10','2017-09-10 13:07:16',1,691,'app\\models\\OccupancyRent'),
(1081,36,'debit','',2800,'2017-09-10','2017-09-10 13:07:16',1,692,'app\\models\\OccupancyRent'),
(1082,34,'credit','',2800,'2017-09-10','2017-09-10 13:07:16',1,692,'app\\models\\OccupancyRent'),
(1083,36,'debit','',2800,'2017-09-10','2017-09-10 13:07:16',1,693,'app\\models\\OccupancyRent'),
(1084,34,'credit','',2800,'2017-09-10','2017-09-10 13:07:16',1,693,'app\\models\\OccupancyRent'),
(1085,36,'debit','',2800,'2017-09-10','2017-09-10 13:07:16',1,694,'app\\models\\OccupancyRent'),
(1086,34,'credit','',2800,'2017-09-10','2017-09-10 13:07:16',1,694,'app\\models\\OccupancyRent'),
(1087,36,'debit','',2800,'2017-09-10','2017-09-10 13:07:16',1,695,'app\\models\\OccupancyRent'),
(1088,34,'credit','',2800,'2017-09-10','2017-09-10 13:07:16',1,695,'app\\models\\OccupancyRent'),
(1089,36,'debit','',2800,'2017-09-10','2017-09-10 13:07:16',1,696,'app\\models\\OccupancyRent'),
(1090,34,'credit','',2800,'2017-09-10','2017-09-10 13:07:16',1,696,'app\\models\\OccupancyRent'),
(1091,36,'debit','',2800,'2017-09-10','2017-09-10 13:07:16',1,697,'app\\models\\OccupancyRent'),
(1092,34,'credit','',2800,'2017-09-10','2017-09-10 13:07:16',1,697,'app\\models\\OccupancyRent'),
(1093,36,'debit','',2800,'2017-09-10','2017-09-10 13:07:16',1,698,'app\\models\\OccupancyRent'),
(1094,34,'credit','',2800,'2017-09-10','2017-09-10 13:07:16',1,698,'app\\models\\OccupancyRent'),
(1095,36,'debit','',2800,'2017-09-10','2017-09-10 13:07:16',1,699,'app\\models\\OccupancyRent'),
(1096,34,'credit','',2800,'2017-09-10','2017-09-10 13:07:16',1,699,'app\\models\\OccupancyRent'),
(1097,36,'debit','',7000,'2017-09-10','2017-09-10 13:07:17',1,700,'app\\models\\OccupancyRent'),
(1098,34,'credit','',7000,'2017-09-10','2017-09-10 13:07:17',1,700,'app\\models\\OccupancyRent'),
(1099,36,'debit','',2300,'2017-09-10','2017-09-10 13:07:17',1,701,'app\\models\\OccupancyRent'),
(1100,34,'credit','',2300,'2017-09-10','2017-09-10 13:07:17',1,701,'app\\models\\OccupancyRent'),
(1101,36,'debit','',10000,'2017-09-10','2017-09-10 13:07:17',1,702,'app\\models\\OccupancyRent'),
(1102,34,'credit','',10000,'2017-09-10','2017-09-10 13:07:17',1,702,'app\\models\\OccupancyRent'),
(1103,36,'debit','',2300,'2017-09-10','2017-09-10 13:07:17',1,703,'app\\models\\OccupancyRent'),
(1104,34,'credit','',2300,'2017-09-10','2017-09-10 13:07:17',1,703,'app\\models\\OccupancyRent'),
(1105,40,'debit','',460,'2018-03-24','2017-09-10 13:21:30',1,38,'app\\models\\OccupancyRent'),
(1106,36,'credit','',460,'2018-03-24','2017-09-10 13:21:30',1,38,'app\\models\\OccupancyRent'),
(1107,40,'debit','',40,'2018-03-24','2017-09-10 13:21:30',1,365,'app\\models\\OccupancyRent'),
(1108,36,'credit','',40,'2018-03-24','2017-09-10 13:21:30',1,365,'app\\models\\OccupancyRent'),
(1109,32,'debit','',3000,'2018-03-24','2018-03-24 14:12:46',1,22,'app\\models\\OccupancyPayments'),
(1110,36,'credit','',3000,'2018-03-24','2018-03-24 14:12:46',1,22,'app\\models\\OccupancyPayments'),
(1111,36,'debit','',3000,'2018-03-24','2018-03-24 14:15:39',1,705,'app\\models\\OccupancyRent'),
(1112,34,'credit','',3000,'2018-03-24','2018-03-24 14:15:39',1,705,'app\\models\\OccupancyRent'),
(1113,40,'debit','',460,'2018-03-24','2018-03-28 19:21:03',1,38,'app\\models\\OccupancyRent'),
(1114,36,'credit','',460,'2018-03-24','2018-03-28 19:21:03',1,38,'app\\models\\OccupancyRent'),
(1115,40,'debit','',80,'2018-03-24','2018-03-28 19:21:04',1,365,'app\\models\\OccupancyRent'),
(1116,36,'credit','',80,'2018-03-24','2018-03-28 19:21:04',1,365,'app\\models\\OccupancyRent'),
(1117,40,'debit','',460,'2018-03-24','2018-03-28 19:57:22',1,38,'app\\models\\OccupancyRent'),
(1118,36,'credit','',460,'2018-03-24','2018-03-28 19:57:22',1,38,'app\\models\\OccupancyRent'),
(1119,40,'debit','',80,'2018-03-24','2018-03-28 19:57:22',1,544,'app\\models\\OccupancyRent'),
(1120,36,'credit','',80,'2018-03-24','2018-03-28 19:57:22',1,544,'app\\models\\OccupancyRent'),
(1121,40,'debit','',230,'2018-03-24','2018-03-28 20:19:33',1,38,'app\\models\\OccupancyRent'),
(1122,36,'credit','',230,'2018-03-24','2018-03-28 20:19:33',1,38,'app\\models\\OccupancyRent'),
(1123,40,'debit','',40,'2018-03-24','2018-03-28 20:19:33',1,544,'app\\models\\OccupancyRent'),
(1124,36,'credit','',40,'2018-03-24','2018-03-28 20:19:33',1,544,'app\\models\\OccupancyRent'),
(1125,32,'debit','',1500,'2018-03-28','2018-03-28 20:24:22',1,23,'app\\models\\OccupancyPayments'),
(1126,36,'credit','',1500,'2018-03-28','2018-03-28 20:24:22',1,23,'app\\models\\OccupancyPayments'),
(1127,40,'debit','',150,'2018-03-28','2018-03-28 20:54:24',1,544,'app\\models\\OccupancyRent'),
(1128,36,'credit','',150,'2018-03-28','2018-03-28 20:54:24',1,544,'app\\models\\OccupancyRent'),
(1129,32,'debit','',3000,'2018-03-28','2018-03-28 20:55:47',1,24,'app\\models\\OccupancyPayments'),
(1130,36,'credit','',3000,'2018-03-28','2018-03-28 20:55:47',1,24,'app\\models\\OccupancyPayments'),
(1131,40,'debit','',230,'2018-03-28','2018-03-31 10:55:30',1,365,'app\\models\\OccupancyRent'),
(1132,36,'credit','',230,'2018-03-28','2018-03-31 10:55:30',1,365,'app\\models\\OccupancyRent'),
(1133,40,'debit','',50,'2018-03-28','2018-03-31 10:55:30',1,544,'app\\models\\OccupancyRent'),
(1134,36,'credit','',50,'2018-03-28','2018-03-31 10:55:30',1,544,'app\\models\\OccupancyRent'),
(1135,39,'debit','',2000,'2018-04-02','2018-04-02 12:03:45',1,18,'app\\models\\LandlordImprest'),
(1136,32,'credit','',2000,'2018-04-02','2018-04-02 12:03:45',1,18,'app\\models\\LandlordImprest');

/*Table structure for table `re_account_map` */

DROP TABLE IF EXISTS `re_account_map`;

CREATE TABLE `re_account_map` (
  `id` int(11) NOT NULL AUTO_INCREMENT,
  `fk_term` int(11) NOT NULL,
  `fk_account_chart` int(11) NOT NULL,
  `transaction_type` enum('credit','debit') NOT NULL,
  `status` tinyint(4) NOT NULL,
  `created_on` datetime DEFAULT NULL,
  `created_by` int(11) DEFAULT NULL,
  `modified_on` datetime DEFAULT NULL,
  `modified_by` int(11) DEFAULT NULL,
  PRIMARY KEY (`id`),
  KEY `fk_term` (`fk_term`),
  KEY `fk_account_chart` (`fk_account_chart`),
  CONSTRAINT `re_account_map_ibfk_1` FOREIGN KEY (`fk_term`) REFERENCES `re_term` (`id`),
  CONSTRAINT `re_account_map_ibfk_2` FOREIGN KEY (`fk_account_chart`) REFERENCES `re_account_chart` (`id`)
) ENGINE=InnoDB AUTO_INCREMENT=23 DEFAULT CHARSET=utf8;

/*Data for the table `re_account_map` */

insert  into `re_account_map`(`id`,`fk_term`,`fk_account_chart`,`transaction_type`,`status`,`created_on`,`created_by`,`modified_on`,`modified_by`) values 
(1,1,36,'debit',1,'2017-12-18 15:00:25',NULL,NULL,NULL),
(2,1,34,'credit',1,'2017-12-18 15:00:54',NULL,NULL,NULL),
(3,3,38,'debit',1,NULL,NULL,NULL,NULL),
(4,3,35,'credit',1,NULL,NULL,NULL,NULL),
(5,20,39,'debit',1,NULL,NULL,NULL,NULL),
(6,20,32,'credit',1,NULL,NULL,NULL,NULL),
(7,19,32,'debit',1,NULL,NULL,NULL,NULL),
(8,19,36,'credit',1,NULL,NULL,NULL,NULL),
(9,13,40,'debit',1,NULL,NULL,NULL,NULL),
(10,13,36,'credit',1,NULL,NULL,NULL,NULL),
(11,21,41,'debit',1,NULL,NULL,NULL,NULL),
(12,21,32,'credit',1,NULL,NULL,NULL,NULL),
(13,22,42,'debit',1,NULL,NULL,NULL,NULL),
(14,22,32,'credit',1,NULL,NULL,NULL,NULL),
(15,23,43,'debit',1,NULL,NULL,NULL,NULL),
(16,23,32,'credit',1,NULL,NULL,NULL,NULL),
(17,24,44,'debit',1,NULL,NULL,NULL,NULL),
(18,24,32,'credit',1,NULL,NULL,NULL,NULL),
(19,25,45,'debit',1,NULL,NULL,NULL,NULL),
(20,25,32,'credit',1,NULL,NULL,NULL,NULL),
(21,26,46,'debit',1,NULL,NULL,NULL,NULL),
(22,26,32,'credit',1,NULL,NULL,NULL,NULL);

/*Table structure for table `re_account_type` */

DROP TABLE IF EXISTS `re_account_type`;

CREATE TABLE `re_account_type` (
  `id` int(11) NOT NULL AUTO_INCREMENT,
  `name` varchar(45) NOT NULL,
  `Description` varchar(255) NOT NULL,
  `created_by` int(11) DEFAULT NULL,
  `modified_by` int(11) DEFAULT NULL,
  `created_on` datetime DEFAULT NULL,
  `modified_on` datetime DEFAULT NULL,
  PRIMARY KEY (`id`)
) ENGINE=InnoDB AUTO_INCREMENT=6 DEFAULT CHARSET=utf8;

/*Data for the table `re_account_type` */

insert  into `re_account_type`(`id`,`name`,`Description`,`created_by`,`modified_by`,`created_on`,`modified_on`) values 
(1,'Assets','Assets',1,1,NULL,NULL),
(2,'Liabilities','Liabilities',1,1,NULL,NULL),
(3,'Equity','Equity',1,1,NULL,NULL),
(4,'Revenue','Revenue',1,1,NULL,NULL),
(5,'Expenses','Expenses',1,1,NULL,NULL);

/*Table structure for table `re_accounts` */

DROP TABLE IF EXISTS `re_accounts`;

CREATE TABLE `re_accounts` (
  `id` int(11) NOT NULL AUTO_INCREMENT,
  `account_name` varchar(100) DEFAULT NULL,
  `account_description` text,
  `account_no` decimal(10,0) DEFAULT NULL,
  `bank_name` varchar(100) DEFAULT NULL,
  `branch` varchar(100) DEFAULT NULL,
  `bank_code` varchar(100) DEFAULT NULL,
  `date_created` datetime DEFAULT NULL,
  `created_by` varchar(100) DEFAULT NULL,
  `date_modified` datetime DEFAULT NULL,
  `modified_by` varchar(100) DEFAULT NULL,
  PRIMARY KEY (`id`)
) ENGINE=InnoDB AUTO_INCREMENT=2 DEFAULT CHARSET=latin1;

/*Data for the table `re_accounts` */

insert  into `re_accounts`(`id`,`account_name`,`account_description`,`account_no`,`bank_name`,`branch`,`bank_code`,`date_created`,`created_by`,`date_modified`,`modified_by`) values 
(1,'Petty Cash','',1,'Petty Cash','001','001',NULL,NULL,NULL,NULL);

/*Table structure for table `re_accounts_transaction` */

DROP TABLE IF EXISTS `re_accounts_transaction`;

CREATE TABLE `re_accounts_transaction` (
  `id` int(11) NOT NULL AUTO_INCREMENT,
  `fk_journal` int(11) DEFAULT NULL,
  `fk_account` int(11) DEFAULT NULL,
  `fk_source` int(11) DEFAULT NULL,
  `dr` decimal(11,2) DEFAULT NULL,
  `cr` decimal(11,2) DEFAULT NULL,
  `running_balance` decimal(11,2) DEFAULT NULL,
  `details` text,
  `date_created` datetime DEFAULT NULL,
  `created_by` varchar(100) DEFAULT NULL,
  `date_modified` datetime DEFAULT NULL,
  `modified_by` varchar(100) DEFAULT NULL,
  `reconciled` int(11) DEFAULT NULL,
  `reconciled_amount` decimal(11,2) DEFAULT NULL,
  `reconciled_by` varchar(100) DEFAULT NULL,
  `reconciled_date` datetime DEFAULT NULL,
  PRIMARY KEY (`id`),
  KEY `fk_account_type` (`fk_account`),
  KEY `fk_journal` (`fk_journal`),
  KEY `fk_source` (`fk_source`),
  CONSTRAINT `ac_ibfk_2` FOREIGN KEY (`fk_journal`) REFERENCES `re_journal` (`id`) ON DELETE NO ACTION ON UPDATE CASCADE,
  CONSTRAINT `ac_ibfk_3` FOREIGN KEY (`fk_source`) REFERENCES `re_source` (`id`) ON DELETE NO ACTION ON UPDATE CASCADE,
  CONSTRAINT `re_accounts_transaction_ibfk_1` FOREIGN KEY (`fk_account`) REFERENCES `re_accounts` (`id`) ON DELETE NO ACTION ON UPDATE CASCADE
) ENGINE=InnoDB DEFAULT CHARSET=latin1;

/*Data for the table `re_accounts_transaction` */

/*Table structure for table `re_advert` */

DROP TABLE IF EXISTS `re_advert`;

CREATE TABLE `re_advert` (
  `id` int(11) NOT NULL AUTO_INCREMENT,
  `advert_name` varchar(200) DEFAULT NULL,
  `advert_desc` text,
  `advert_owner_id` int(11) DEFAULT NULL,
  `start_date` datetime DEFAULT NULL,
  `end_date` datetime DEFAULT NULL,
  `_status` int(11) DEFAULT NULL,
  `image1` text,
  `image2` text,
  `image3` text,
  `image4` text,
  `image5` text,
  `contact_details` text,
  `date_created` datetime DEFAULT NULL,
  `created_by` int(11) DEFAULT NULL,
  `date_modified` datetime DEFAULT NULL,
  `modified_by` int(11) DEFAULT NULL,
  `advert_fee` int(11) DEFAULT NULL,
  PRIMARY KEY (`id`),
  KEY `advert_owner_id` (`advert_owner_id`),
  CONSTRAINT `re_advert_ibfk_1` FOREIGN KEY (`advert_owner_id`) REFERENCES `re_management` (`id`) ON DELETE NO ACTION ON UPDATE CASCADE
) ENGINE=InnoDB DEFAULT CHARSET=latin1;

/*Data for the table `re_advert` */

/*Table structure for table `re_advert_feature` */

DROP TABLE IF EXISTS `re_advert_feature`;

CREATE TABLE `re_advert_feature` (
  `id` int(11) NOT NULL AUTO_INCREMENT,
  `fk_advert_id` int(11) DEFAULT NULL,
  `fk_feature_id` int(11) DEFAULT NULL,
  `feature_narration` text,
  `image1` text,
  `image2` text,
  `image3` text,
  `_status` int(11) DEFAULT NULL,
  `date_created` datetime DEFAULT NULL,
  `date_modified` datetime DEFAULT NULL,
  `created_by` int(11) DEFAULT NULL,
  `modified_by` int(11) DEFAULT NULL,
  PRIMARY KEY (`id`),
  KEY `fk_advert_id` (`fk_advert_id`),
  KEY `fk_feature_id` (`fk_feature_id`),
  CONSTRAINT `re_advert_feature_ibfk_1` FOREIGN KEY (`fk_advert_id`) REFERENCES `re_advert` (`id`) ON DELETE NO ACTION ON UPDATE CASCADE,
  CONSTRAINT `re_advert_feature_ibfk_2` FOREIGN KEY (`fk_feature_id`) REFERENCES `re_feature` (`id`) ON DELETE NO ACTION ON UPDATE CASCADE
) ENGINE=InnoDB DEFAULT CHARSET=latin1;

/*Data for the table `re_advert_feature` */

/*Table structure for table `re_blog` */

DROP TABLE IF EXISTS `re_blog`;

CREATE TABLE `re_blog` (
  `id` int(11) NOT NULL AUTO_INCREMENT,
  `fk_user_id` int(11) DEFAULT NULL,
  `blog_title` text,
  `blog_post` text,
  `posted_date` datetime DEFAULT NULL,
  `_status` int(11) DEFAULT NULL,
  `date_created` datetime DEFAULT NULL,
  `created_by` int(11) DEFAULT NULL,
  `date_modified` datetime DEFAULT NULL,
  `modified_by` int(11) DEFAULT NULL,
  PRIMARY KEY (`id`),
  KEY `fk_user_id` (`fk_user_id`),
  CONSTRAINT `re_blog_ibfk_1` FOREIGN KEY (`fk_user_id`) REFERENCES `re_blog` (`id`) ON DELETE NO ACTION ON UPDATE CASCADE
) ENGINE=InnoDB DEFAULT CHARSET=latin1;

/*Data for the table `re_blog` */

/*Table structure for table `re_county` */

DROP TABLE IF EXISTS `re_county`;

CREATE TABLE `re_county` (
  `id` int(11) NOT NULL AUTO_INCREMENT,
  `county_desc` text,
  `county_name` varchar(200) DEFAULT NULL,
  `county_lat` varchar(10) DEFAULT NULL,
  `county_long` varchar(10) DEFAULT NULL,
  PRIMARY KEY (`id`)
) ENGINE=InnoDB AUTO_INCREMENT=6 DEFAULT CHARSET=latin1;

/*Data for the table `re_county` */

insert  into `re_county`(`id`,`county_desc`,`county_name`,`county_lat`,`county_long`) values 
(5,'','kilifi',NULL,NULL);

/*Table structure for table `re_disbursements` */

DROP TABLE IF EXISTS `re_disbursements`;

CREATE TABLE `re_disbursements` (
  `id` int(11) NOT NULL AUTO_INCREMENT,
  `fk_occupancy_rent` int(11) NOT NULL,
  `fk_landlord` int(11) DEFAULT NULL,
  `batch_id` int(11) DEFAULT NULL,
  `amount` double NOT NULL,
  `month` int(11) DEFAULT NULL,
  `year` int(11) DEFAULT NULL,
  `entry_date` date NOT NULL,
  `created_on` datetime DEFAULT NULL,
  `created_by` int(11) DEFAULT NULL,
  `_status` int(11) DEFAULT NULL,
  PRIMARY KEY (`id`),
  KEY `fk_landlord` (`fk_landlord`),
  KEY `fk_occupancy_rent` (`fk_occupancy_rent`),
  CONSTRAINT `re_disbursements_ibfk_1` FOREIGN KEY (`fk_landlord`) REFERENCES `sys_users` (`id`) ON DELETE NO ACTION ON UPDATE CASCADE,
  CONSTRAINT `re_disbursements_ibfk_2` FOREIGN KEY (`fk_occupancy_rent`) REFERENCES `re_occupancy_rent` (`id`) ON DELETE NO ACTION ON UPDATE CASCADE
) ENGINE=InnoDB AUTO_INCREMENT=210 DEFAULT CHARSET=utf8;

/*Data for the table `re_disbursements` */

insert  into `re_disbursements`(`id`,`fk_occupancy_rent`,`fk_landlord`,`batch_id`,`amount`,`month`,`year`,`entry_date`,`created_on`,`created_by`,`_status`) values 
(37,352,16,NULL,1500,3,2018,'2018-03-08','2018-03-08 01:06:33',1,1),
(38,353,16,NULL,1400,3,2018,'2018-03-08','2018-03-08 01:06:33',1,1),
(39,354,16,NULL,1400,3,2018,'2018-03-08','2018-03-08 01:06:33',1,1),
(40,355,16,NULL,1400,3,2018,'2018-03-08','2018-03-08 01:06:33',1,1),
(41,367,33,NULL,300,3,2018,'2018-03-08','2018-03-08 01:06:33',1,1),
(42,368,33,NULL,300,3,2018,'2018-03-08','2018-03-08 01:06:33',1,1),
(43,369,33,NULL,300,3,2018,'2018-03-08','2018-03-08 01:06:33',1,1),
(44,370,37,NULL,140,3,2018,'2018-03-08','2018-03-08 01:06:34',1,1),
(45,371,37,NULL,140,3,2018,'2018-03-08','2018-03-08 01:06:34',1,1),
(46,372,37,NULL,140,3,2018,'2018-03-08','2018-03-08 01:06:34',1,1),
(47,373,37,NULL,140,3,2018,'2018-03-08','2018-03-08 01:06:34',1,1),
(48,374,37,NULL,140,3,2018,'2018-03-08','2018-03-08 01:06:34',1,1),
(49,375,37,NULL,140,3,2018,'2018-03-08','2018-03-08 01:06:34',1,1),
(50,376,44,NULL,260,3,2018,'2018-03-08','2018-03-08 01:06:34',1,1),
(51,377,44,NULL,260,3,2018,'2018-03-08','2018-03-08 01:06:34',1,1),
(52,378,44,NULL,260,3,2018,'2018-03-08','2018-03-08 01:06:34',1,1),
(53,379,44,NULL,260,3,2018,'2018-03-08','2018-03-08 01:06:34',1,1),
(54,380,44,NULL,260,3,2018,'2018-03-08','2018-03-08 01:06:34',1,1),
(55,381,44,NULL,260,3,2018,'2018-03-08','2018-03-08 01:06:34',1,1),
(56,382,44,NULL,260,3,2018,'2018-03-08','2018-03-08 01:06:34',1,1),
(57,383,44,NULL,260,3,2018,'2018-03-08','2018-03-08 01:06:34',1,1),
(58,384,44,NULL,260,3,2018,'2018-03-08','2018-03-08 01:06:34',1,1),
(59,385,44,NULL,260,3,2018,'2018-03-08','2018-03-08 01:06:34',1,1),
(60,386,44,NULL,260,3,2018,'2018-03-08','2018-03-08 01:06:34',1,1),
(61,387,44,NULL,260,3,2018,'2018-03-08','2018-03-08 01:06:34',1,1),
(62,388,57,NULL,400,3,2018,'2018-03-08','2018-03-08 01:06:34',1,1),
(63,389,57,NULL,400,3,2018,'2018-03-08','2018-03-08 01:06:34',1,1),
(64,390,57,NULL,400,3,2018,'2018-03-08','2018-03-08 01:06:34',1,1),
(65,391,57,NULL,400,3,2018,'2018-03-08','2018-03-08 01:06:34',1,1),
(66,392,57,NULL,400,3,2018,'2018-03-08','2018-03-08 01:06:34',1,1),
(67,393,57,NULL,400,3,2018,'2018-03-08','2018-03-08 01:06:35',1,1),
(68,356,21,14,1840,3,2018,'2018-03-20','2018-03-20 18:56:19',1,2),
(69,357,21,14,1840,3,2018,'2018-03-20','2018-03-20 18:56:19',1,2),
(70,358,21,14,1840,3,2018,'2018-03-20','2018-03-20 18:56:19',1,2),
(71,359,21,14,1840,3,2018,'2018-03-20','2018-03-20 18:56:20',1,2),
(72,360,21,14,1840,3,2018,'2018-03-20','2018-03-20 18:56:20',1,2),
(73,361,21,14,1840,3,2018,'2018-03-20','2018-03-20 18:56:20',1,2),
(74,362,21,14,1840,3,2018,'2018-03-20','2018-03-20 18:56:20',1,2),
(75,363,21,14,1840,3,2018,'2018-03-20','2018-03-20 18:56:20',1,2),
(76,364,21,14,1840,3,2018,'2018-03-20','2018-03-20 18:56:20',1,2),
(77,365,21,14,1840,3,2018,'2018-03-20','2018-03-20 18:56:20',1,2),
(78,366,21,14,1840,3,2018,'2018-03-20','2018-03-20 18:56:20',1,2),
(79,394,64,NULL,1200,3,2018,'2018-03-20','2018-03-20 18:56:21',1,1),
(80,395,66,NULL,4000,3,2018,'2018-03-20','2018-03-20 18:56:21',1,1),
(81,396,68,NULL,800,3,2018,'2018-03-20','2018-03-20 18:56:21',1,1),
(82,397,68,NULL,800,3,2018,'2018-03-20','2018-03-20 18:56:21',1,1),
(83,398,68,NULL,800,3,2018,'2018-03-20','2018-03-20 18:56:21',1,1),
(84,399,68,NULL,800,3,2018,'2018-03-20','2018-03-20 18:56:21',1,1),
(85,400,73,NULL,1200,3,2018,'2018-03-20','2018-03-20 18:56:21',1,1),
(86,401,73,NULL,1200,3,2018,'2018-03-20','2018-03-20 18:56:21',1,1),
(87,402,73,NULL,1200,3,2018,'2018-03-20','2018-03-20 18:56:21',1,1),
(88,403,73,NULL,1200,3,2018,'2018-03-20','2018-03-20 18:56:21',1,1),
(89,404,73,NULL,1200,3,2018,'2018-03-20','2018-03-20 18:56:21',1,1),
(90,405,73,NULL,1200,3,2018,'2018-03-20','2018-03-20 18:56:22',1,1),
(91,406,73,NULL,1200,3,2018,'2018-03-20','2018-03-20 18:56:22',1,1),
(92,407,73,NULL,1200,3,2018,'2018-03-20','2018-03-20 18:56:22',1,1),
(93,408,73,NULL,1200,3,2018,'2018-03-20','2018-03-20 18:56:22',1,1),
(94,409,73,NULL,1200,3,2018,'2018-03-20','2018-03-20 18:56:22',1,1),
(95,410,73,NULL,1200,3,2018,'2018-03-20','2018-03-20 18:56:22',1,1),
(96,411,85,NULL,1600,3,2018,'2018-03-20','2018-03-20 18:56:22',1,1),
(97,412,85,NULL,1600,3,2018,'2018-03-20','2018-03-20 18:56:22',1,1),
(98,413,85,NULL,1600,3,2018,'2018-03-20','2018-03-20 18:56:22',1,1),
(99,414,85,NULL,1600,3,2018,'2018-03-20','2018-03-20 18:56:22',1,1),
(100,415,85,NULL,1600,3,2018,'2018-03-20','2018-03-20 18:56:22',1,1),
(101,416,85,NULL,1600,3,2018,'2018-03-20','2018-03-20 18:56:22',1,1),
(102,417,85,NULL,1600,3,2018,'2018-03-20','2018-03-20 18:56:23',1,1),
(103,418,85,NULL,1600,3,2018,'2018-03-20','2018-03-20 18:56:23',1,1),
(104,419,85,NULL,1600,3,2018,'2018-03-20','2018-03-20 18:56:23',1,1),
(105,420,85,NULL,1600,3,2018,'2018-03-20','2018-03-20 18:56:23',1,1),
(106,421,85,NULL,1600,3,2018,'2018-03-20','2018-03-20 18:56:23',1,1),
(107,422,98,NULL,1440,3,2018,'2018-03-20','2018-03-20 18:56:23',1,1),
(108,423,98,NULL,1440,3,2018,'2018-03-20','2018-03-20 18:56:23',1,1),
(109,424,98,NULL,1440,3,2018,'2018-03-20','2018-03-20 18:56:23',1,1),
(110,425,98,NULL,1440,3,2018,'2018-03-20','2018-03-20 18:56:23',1,1),
(111,426,98,NULL,1440,3,2018,'2018-03-20','2018-03-20 18:56:23',1,1),
(112,427,98,NULL,1440,3,2018,'2018-03-20','2018-03-20 18:56:23',1,1),
(113,428,98,NULL,1440,3,2018,'2018-03-20','2018-03-20 18:56:23',1,1),
(114,429,98,NULL,1440,3,2018,'2018-03-20','2018-03-20 18:56:23',1,1),
(115,430,107,NULL,960,3,2018,'2018-03-20','2018-03-20 18:56:23',1,1),
(116,431,107,NULL,960,3,2018,'2018-03-20','2018-03-20 18:56:24',1,1),
(117,432,107,NULL,960,3,2018,'2018-03-20','2018-03-20 18:56:24',1,1),
(118,433,107,NULL,960,3,2018,'2018-03-20','2018-03-20 18:56:24',1,1),
(119,434,107,NULL,960,3,2018,'2018-03-20','2018-03-20 18:56:24',1,1),
(120,435,107,NULL,960,3,2018,'2018-03-20','2018-03-20 18:56:24',1,1),
(121,436,107,NULL,960,3,2018,'2018-03-20','2018-03-20 18:56:24',1,1),
(122,437,107,NULL,960,3,2018,'2018-03-20','2018-03-20 18:56:24',1,1),
(123,438,116,NULL,800,3,2018,'2018-03-20','2018-03-20 18:56:24',1,1),
(124,439,116,NULL,800,3,2018,'2018-03-20','2018-03-20 18:56:24',1,1),
(125,440,116,NULL,800,3,2018,'2018-03-20','2018-03-20 18:56:24',1,1),
(126,441,120,NULL,640,3,2018,'2018-03-20','2018-03-20 18:56:24',1,1),
(127,442,120,NULL,640,3,2018,'2018-03-20','2018-03-20 18:56:24',1,1),
(128,443,120,NULL,640,3,2018,'2018-03-20','2018-03-20 18:56:24',1,1),
(129,444,120,NULL,640,3,2018,'2018-03-20','2018-03-20 18:56:25',1,1),
(130,445,120,NULL,640,3,2018,'2018-03-20','2018-03-20 18:56:25',1,1),
(131,446,120,NULL,640,3,2018,'2018-03-20','2018-03-20 18:56:25',1,1),
(132,447,127,NULL,800,3,2018,'2018-03-20','2018-03-20 18:56:25',1,1),
(133,448,127,NULL,800,3,2018,'2018-03-20','2018-03-20 18:56:25',1,1),
(134,449,127,NULL,800,3,2018,'2018-03-20','2018-03-20 18:56:25',1,1),
(135,450,132,NULL,2000,3,2018,'2018-03-20','2018-03-20 18:56:25',1,1),
(136,451,132,NULL,2000,3,2018,'2018-03-20','2018-03-20 18:56:25',1,1),
(137,452,132,NULL,2000,3,2018,'2018-03-20','2018-03-20 18:56:25',1,1),
(138,453,132,NULL,2000,3,2018,'2018-03-20','2018-03-20 18:56:25',1,1),
(139,454,137,NULL,1200,3,2018,'2018-03-20','2018-03-20 18:56:25',1,1),
(140,455,137,NULL,1200,3,2018,'2018-03-20','2018-03-20 18:56:25',1,1),
(141,456,137,NULL,1200,3,2018,'2018-03-20','2018-03-20 18:56:26',1,1),
(142,457,137,NULL,1200,3,2018,'2018-03-20','2018-03-20 18:56:26',1,1),
(143,458,137,NULL,1200,3,2018,'2018-03-20','2018-03-20 18:56:26',1,1),
(144,459,137,NULL,1200,3,2018,'2018-03-20','2018-03-20 18:56:26',1,1),
(145,460,137,NULL,1200,3,2018,'2018-03-20','2018-03-20 18:56:26',1,1),
(146,461,145,NULL,2000,3,2018,'2018-03-20','2018-03-20 18:56:26',1,1),
(147,462,145,NULL,2000,3,2018,'2018-03-20','2018-03-20 18:56:26',1,1),
(148,463,145,NULL,2000,3,2018,'2018-03-20','2018-03-20 18:56:26',1,1),
(149,464,145,NULL,2000,3,2018,'2018-03-20','2018-03-20 18:56:26',1,1),
(150,465,145,NULL,2000,3,2018,'2018-03-20','2018-03-20 18:56:26',1,1),
(151,466,145,NULL,2000,3,2018,'2018-03-20','2018-03-20 18:56:26',1,1),
(152,467,145,NULL,2000,3,2018,'2018-03-20','2018-03-20 18:56:27',1,1),
(153,468,145,NULL,2000,3,2018,'2018-03-20','2018-03-20 18:56:27',1,1),
(154,469,145,NULL,2000,3,2018,'2018-03-20','2018-03-20 18:56:27',1,1),
(155,470,156,NULL,1440,3,2018,'2018-03-20','2018-03-20 18:56:27',1,1),
(156,471,156,NULL,1440,3,2018,'2018-03-20','2018-03-20 18:56:27',1,1),
(157,472,156,NULL,1440,3,2018,'2018-03-20','2018-03-20 18:56:27',1,1),
(158,473,160,NULL,800,3,2018,'2018-03-20','2018-03-20 18:56:27',1,1),
(159,474,160,NULL,800,3,2018,'2018-03-20','2018-03-20 18:56:27',1,1),
(160,475,160,NULL,800,3,2018,'2018-03-20','2018-03-20 18:56:27',1,1),
(161,476,160,NULL,800,3,2018,'2018-03-20','2018-03-20 18:56:27',1,1),
(162,477,160,NULL,800,3,2018,'2018-03-20','2018-03-20 18:56:27',1,1),
(163,478,160,NULL,800,3,2018,'2018-03-20','2018-03-20 18:56:28',1,1),
(164,479,160,NULL,800,3,2018,'2018-03-20','2018-03-20 18:56:28',1,1),
(165,480,160,NULL,800,3,2018,'2018-03-20','2018-03-20 18:56:28',1,1),
(166,481,160,NULL,800,3,2018,'2018-03-20','2018-03-20 18:56:28',1,1),
(167,482,160,NULL,800,3,2018,'2018-03-20','2018-03-20 18:56:28',1,1),
(168,483,160,NULL,800,3,2018,'2018-03-20','2018-03-20 18:56:28',1,1),
(169,484,160,NULL,800,3,2018,'2018-03-20','2018-03-20 18:56:28',1,1),
(170,485,160,NULL,800,3,2018,'2018-03-20','2018-03-20 18:56:28',1,1),
(171,486,175,NULL,2400,3,2018,'2018-03-20','2018-03-20 18:56:28',1,1),
(172,487,177,NULL,1600,3,2018,'2018-03-20','2018-03-20 18:56:28',1,1),
(173,488,179,NULL,2000,3,2018,'2018-03-20','2018-03-20 18:56:28',1,1),
(174,489,179,NULL,2000,3,2018,'2018-03-20','2018-03-20 18:56:28',1,1),
(175,490,179,NULL,2000,3,2018,'2018-03-20','2018-03-20 18:56:28',1,1),
(176,491,179,NULL,2000,3,2018,'2018-03-20','2018-03-20 18:56:29',1,1),
(177,492,179,NULL,2000,3,2018,'2018-03-20','2018-03-20 18:56:29',1,1),
(178,493,179,NULL,2000,3,2018,'2018-03-20','2018-03-20 18:56:29',1,1),
(179,494,186,NULL,1600,3,2018,'2018-03-20','2018-03-20 18:56:29',1,1),
(180,495,186,NULL,1600,3,2018,'2018-03-20','2018-03-20 18:56:29',1,1),
(181,496,186,NULL,1600,3,2018,'2018-03-20','2018-03-20 18:56:29',1,1),
(182,497,186,NULL,1600,3,2018,'2018-03-20','2018-03-20 18:56:29',1,1),
(183,498,192,NULL,1600,3,2018,'2018-03-20','2018-03-20 18:56:29',1,1),
(184,499,192,NULL,1600,3,2018,'2018-03-20','2018-03-20 18:56:29',1,1),
(185,500,192,NULL,1600,3,2018,'2018-03-20','2018-03-20 18:56:29',1,1),
(186,501,196,NULL,6400,3,2018,'2018-03-20','2018-03-20 18:56:29',1,1),
(187,502,198,NULL,1440,3,2018,'2018-03-20','2018-03-20 18:56:30',1,1),
(188,503,200,NULL,1760,3,2018,'2018-03-20','2018-03-20 18:56:30',1,1),
(189,504,200,NULL,1760,3,2018,'2018-03-20','2018-03-20 18:56:30',1,1),
(190,505,200,NULL,1760,3,2018,'2018-03-20','2018-03-20 18:56:30',1,1),
(191,506,200,NULL,1760,3,2018,'2018-03-20','2018-03-20 18:56:30',1,1),
(192,507,200,NULL,1760,3,2018,'2018-03-20','2018-03-20 18:56:30',1,1),
(193,508,200,NULL,1760,3,2018,'2018-03-20','2018-03-20 18:56:30',1,1),
(194,509,200,NULL,1760,3,2018,'2018-03-20','2018-03-20 18:56:30',1,1),
(195,510,200,NULL,1760,3,2018,'2018-03-20','2018-03-20 18:56:30',1,1),
(196,511,209,NULL,2240,3,2018,'2018-03-20','2018-03-20 18:56:30',1,1),
(197,512,209,NULL,2240,3,2018,'2018-03-20','2018-03-20 18:56:30',1,1),
(198,513,209,NULL,2240,3,2018,'2018-03-20','2018-03-20 18:56:30',1,1),
(199,514,209,NULL,2240,3,2018,'2018-03-20','2018-03-20 18:56:31',1,1),
(200,515,209,NULL,2240,3,2018,'2018-03-20','2018-03-20 18:56:31',1,1),
(201,516,209,NULL,2240,3,2018,'2018-03-20','2018-03-20 18:56:31',1,1),
(202,517,209,NULL,2240,3,2018,'2018-03-20','2018-03-20 18:56:31',1,1),
(203,518,209,NULL,2240,3,2018,'2018-03-20','2018-03-20 18:56:31',1,1),
(204,519,209,NULL,2240,3,2018,'2018-03-20','2018-03-20 18:56:31',1,1),
(205,520,209,NULL,2240,3,2018,'2018-03-20','2018-03-20 18:56:31',1,1),
(206,524,16,NULL,5600,3,2018,'2018-03-21','2018-03-21 20:14:39',1,1),
(207,526,21,17,1840,3,2018,'2018-03-21','2018-03-21 20:14:39',1,2),
(208,528,227,16,8000,3,2018,'2018-03-21','2018-03-21 20:14:39',1,2),
(209,530,21,17,1840,3,2018,'2018-03-21','2018-03-21 20:24:40',1,2);

/*Table structure for table `re_estate` */

DROP TABLE IF EXISTS `re_estate`;

CREATE TABLE `re_estate` (
  `id` int(11) NOT NULL AUTO_INCREMENT,
  `fk_sub_location` int(11) DEFAULT NULL,
  `estate_name` varchar(200) DEFAULT NULL,
  `estate_desc` text,
  `estate_review` text,
  `estate_media` text,
  `_status` int(11) DEFAULT NULL,
  `date_created` datetime DEFAULT NULL,
  `created_by` int(11) DEFAULT NULL,
  `date_modified` datetime DEFAULT NULL,
  `modified_by` int(11) DEFAULT NULL,
  `estate_lat` varchar(10) DEFAULT NULL,
  `estate_long` varchar(10) DEFAULT NULL,
  PRIMARY KEY (`id`),
  KEY `fk_sub_location` (`fk_sub_location`),
  CONSTRAINT `re_estate_ibfk_1` FOREIGN KEY (`fk_sub_location`) REFERENCES `re_sub_location` (`id`) ON DELETE NO ACTION ON UPDATE CASCADE
) ENGINE=InnoDB AUTO_INCREMENT=6 DEFAULT CHARSET=latin1;

/*Data for the table `re_estate` */

insert  into `re_estate`(`id`,`fk_sub_location`,`estate_name`,`estate_desc`,`estate_review`,`estate_media`,`_status`,`date_created`,`created_by`,`date_modified`,`modified_by`,`estate_lat`,`estate_long`) values 
(1,3,'kwa mike ','','','',NULL,NULL,NULL,NULL,NULL,NULL,NULL),
(2,2,'Tumaini','','','',NULL,NULL,NULL,NULL,NULL,NULL,NULL),
(3,2,'prisons','test estate','','',NULL,NULL,NULL,NULL,NULL,NULL,NULL),
(4,4,'Kichinjioni','','','',NULL,NULL,NULL,NULL,NULL,NULL,NULL),
(5,4,'Unknown','','','',NULL,NULL,NULL,NULL,NULL,NULL,NULL);

/*Table structure for table `re_feature` */

DROP TABLE IF EXISTS `re_feature`;

CREATE TABLE `re_feature` (
  `id` int(11) NOT NULL AUTO_INCREMENT,
  `feature_name` varchar(200) DEFAULT NULL,
  `feature_desc` text,
  `date_created` datetime DEFAULT NULL,
  `created_by` int(11) DEFAULT NULL,
  `date_modified` datetime DEFAULT NULL,
  `modified_by` int(11) DEFAULT NULL,
  `_status` int(11) DEFAULT NULL,
  PRIMARY KEY (`id`)
) ENGINE=InnoDB AUTO_INCREMENT=8 DEFAULT CHARSET=latin1;

/*Data for the table `re_feature` */

insert  into `re_feature`(`id`,`feature_name`,`feature_desc`,`date_created`,`created_by`,`date_modified`,`modified_by`,`_status`) values 
(1,'gate',NULL,NULL,NULL,NULL,NULL,NULL),
(2,'floor','',NULL,NULL,NULL,NULL,NULL),
(3,'roof',NULL,NULL,NULL,NULL,NULL,NULL),
(4,'Water',NULL,NULL,NULL,NULL,NULL,NULL),
(5,'Electricity',NULL,NULL,NULL,NULL,NULL,NULL),
(6,'Permanent',NULL,NULL,NULL,NULL,NULL,NULL),
(7,'Semi Permanent',NULL,NULL,NULL,NULL,NULL,NULL);

/*Table structure for table `re_group` */

DROP TABLE IF EXISTS `re_group`;

CREATE TABLE `re_group` (
  `id` int(11) NOT NULL AUTO_INCREMENT,
  `group_name` varchar(200) DEFAULT NULL,
  `_status` int(11) DEFAULT NULL,
  PRIMARY KEY (`id`)
) ENGINE=InnoDB AUTO_INCREMENT=5 DEFAULT CHARSET=latin1;

/*Data for the table `re_group` */

insert  into `re_group`(`id`,`group_name`,`_status`) values 
(1,'Admin',1),
(2,'Agent',1),
(3,'Landlord',1),
(4,'Tenant',1);

/*Table structure for table `re_journal` */

DROP TABLE IF EXISTS `re_journal`;

CREATE TABLE `re_journal` (
  `id` int(11) NOT NULL AUTO_INCREMENT,
  `date` date DEFAULT NULL,
  `receipt_invoice_no` varchar(50) CHARACTER SET latin1 DEFAULT NULL,
  `fk_occupancy_rent` int(11) DEFAULT NULL,
  `fk_user` int(11) DEFAULT NULL,
  `account_type` int(11) DEFAULT NULL,
  `transaction_type` int(11) DEFAULT NULL,
  `cheque_no` varchar(50) CHARACTER SET latin1 DEFAULT NULL,
  `details` text CHARACTER SET latin1,
  `transacted_by` varchar(50) CHARACTER SET latin1 DEFAULT NULL,
  `date_created` datetime DEFAULT NULL,
  `created_by` varchar(50) CHARACTER SET latin1 DEFAULT NULL,
  `date_modified` datetime DEFAULT NULL,
  `modified_by` varchar(50) CHARACTER SET latin1 DEFAULT NULL,
  `amount` double(10,2) DEFAULT NULL,
  `post_status` int(11) DEFAULT NULL,
  PRIMARY KEY (`id`),
  KEY `transaction_type` (`transaction_type`),
  KEY `account_type` (`account_type`),
  CONSTRAINT `re_journal_ibfk_1` FOREIGN KEY (`transaction_type`) REFERENCES `re_source` (`id`) ON DELETE NO ACTION ON UPDATE NO ACTION,
  CONSTRAINT `re_journal_ibfk_2` FOREIGN KEY (`account_type`) REFERENCES `re_accounts` (`id`) ON DELETE NO ACTION ON UPDATE CASCADE
) ENGINE=InnoDB DEFAULT CHARSET=utf8;

/*Data for the table `re_journal` */

/*Table structure for table `re_landlord_imprest` */

DROP TABLE IF EXISTS `re_landlord_imprest`;

CREATE TABLE `re_landlord_imprest` (
  `id` int(11) NOT NULL AUTO_INCREMENT,
  `fk_landlord` int(11) DEFAULT NULL,
  `imprest_type` varchar(20) DEFAULT NULL,
  `amount` double NOT NULL,
  `entry_date` date NOT NULL,
  `settlement_id` int(11) DEFAULT NULL,
  `created_on` datetime DEFAULT NULL,
  `created_by` int(11) DEFAULT NULL,
  `_status` int(11) DEFAULT NULL,
  `narration` varchar(200) DEFAULT NULL,
  PRIMARY KEY (`id`),
  KEY `fk_landlord` (`fk_landlord`),
  CONSTRAINT `re_landlord_imprest_ibfk_1` FOREIGN KEY (`fk_landlord`) REFERENCES `sys_users` (`id`) ON DELETE NO ACTION ON UPDATE CASCADE
) ENGINE=InnoDB AUTO_INCREMENT=19 DEFAULT CHARSET=utf8;

/*Data for the table `re_landlord_imprest` */

insert  into `re_landlord_imprest`(`id`,`fk_landlord`,`imprest_type`,`amount`,`entry_date`,`settlement_id`,`created_on`,`created_by`,`_status`,`narration`) values 
(12,16,NULL,5000,'2018-03-01',NULL,NULL,NULL,1,NULL),
(13,21,'Advance',4000,'2018-03-15',14,'2018-03-20 18:52:13',1,1,NULL),
(14,21,'Disbursement',21300,'2018-03-20',NULL,'2018-03-20 19:00:48',1,1,NULL),
(15,21,'Advance',4000,'2018-03-16',NULL,'2018-03-21 14:32:44',1,1,NULL),
(16,227,'Disbursement',8000,'2018-03-21',NULL,'2018-03-21 20:16:47',1,1,NULL),
(17,21,'Disbursement',3680,'2018-03-21',NULL,'2018-03-21 20:25:52',1,1,NULL),
(18,57,'Advance',2000,'2018-04-02',NULL,'2018-04-02 12:03:45',1,0,'Roof repairs');

/*Table structure for table `re_location` */

DROP TABLE IF EXISTS `re_location`;

CREATE TABLE `re_location` (
  `id` int(11) NOT NULL AUTO_INCREMENT,
  `fk_ward` int(11) DEFAULT NULL,
  `location_name` varchar(200) DEFAULT NULL,
  `location_desc` text,
  `location_lat` varchar(10) DEFAULT NULL,
  `location_long` varchar(10) DEFAULT NULL,
  PRIMARY KEY (`id`),
  KEY `fk_ward` (`fk_ward`),
  CONSTRAINT `re_location_ibfk_1` FOREIGN KEY (`fk_ward`) REFERENCES `re_ward` (`id`) ON DELETE NO ACTION ON UPDATE CASCADE
) ENGINE=InnoDB AUTO_INCREMENT=6 DEFAULT CHARSET=latin1;

/*Data for the table `re_location` */

insert  into `re_location`(`id`,`fk_ward`,`location_name`,`location_desc`,`location_lat`,`location_long`) values 
(1,2,'kaya','test',NULL,NULL),
(3,3,'pwani','test',NULL,NULL),
(4,4,'Kichinjioni','',NULL,NULL),
(5,4,'Unknown','',NULL,NULL);

/*Table structure for table `re_lookup` */

DROP TABLE IF EXISTS `re_lookup`;

CREATE TABLE `re_lookup` (
  `id` int(11) NOT NULL AUTO_INCREMENT,
  `_key` varchar(200) DEFAULT NULL,
  `_value` text,
  `category` int(11) DEFAULT NULL,
  `_order` int(11) DEFAULT NULL,
  `_status` int(11) DEFAULT NULL,
  `date_created` datetime DEFAULT NULL,
  `created_by` int(11) DEFAULT NULL,
  `date_modified` datetime DEFAULT NULL,
  `modified_by` int(11) DEFAULT NULL,
  PRIMARY KEY (`id`),
  KEY `category` (`category`),
  CONSTRAINT `re_lookup_ibfk_1` FOREIGN KEY (`category`) REFERENCES `re_lookup_category` (`id`) ON DELETE NO ACTION ON UPDATE CASCADE
) ENGINE=InnoDB AUTO_INCREMENT=31 DEFAULT CHARSET=latin1;

/*Data for the table `re_lookup` */

insert  into `re_lookup`(`id`,`_key`,`_value`,`category`,`_order`,`_status`,`date_created`,`created_by`,`date_modified`,`modified_by`) values 
(1,'1','Single Rooms',1,NULL,0,NULL,NULL,NULL,NULL),
(2,'2','Double Rooms',1,NULL,NULL,NULL,NULL,NULL,NULL),
(3,'m','Male',2,NULL,NULL,NULL,NULL,NULL,NULL),
(4,'f','Female',2,NULL,NULL,NULL,NULL,NULL,NULL),
(5,'1','ON',3,NULL,NULL,NULL,NULL,NULL,NULL),
(6,'2','OFF',3,NULL,NULL,NULL,NULL,NULL,NULL),
(7,'3','Bed sitter',1,NULL,NULL,NULL,NULL,NULL,NULL),
(8,'4','One Bedrooms',1,NULL,NULL,NULL,NULL,NULL,NULL),
(9,'5','Two Bedrooms',1,NULL,NULL,NULL,NULL,NULL,NULL),
(10,'6','Three Bedrooms',1,NULL,NULL,NULL,NULL,NULL,NULL),
(11,'7','Maisonette',1,NULL,NULL,NULL,NULL,NULL,NULL),
(12,'8','Bungalow',1,NULL,NULL,NULL,NULL,NULL,NULL),
(13,'1','Cash',4,NULL,NULL,NULL,NULL,NULL,NULL),
(14,'2','Mpesa',4,NULL,NULL,NULL,NULL,NULL,NULL),
(15,'3','Cheque',4,NULL,NULL,NULL,NULL,NULL,NULL),
(17,'1','Paid',5,NULL,NULL,NULL,NULL,NULL,NULL),
(18,'0','Unmatched',6,NULL,NULL,NULL,NULL,NULL,NULL),
(19,'1','Matched',6,NULL,NULL,NULL,NULL,NULL,NULL),
(20,'1','Pending',7,NULL,NULL,NULL,NULL,NULL,NULL),
(21,'2','Paid',7,NULL,NULL,NULL,NULL,NULL,NULL),
(22,'1','Available',8,NULL,1,NULL,NULL,NULL,NULL),
(23,'2','Not Available',8,NULL,1,NULL,NULL,NULL,NULL),
(24,'1','Available',9,NULL,1,NULL,NULL,NULL,NULL),
(25,'2','Not Available',9,NULL,1,NULL,NULL,NULL,NULL),
(26,'Advance','Advance',10,NULL,1,NULL,NULL,NULL,NULL),
(27,'Disbursement','Disbursement',10,NULL,1,NULL,NULL,NULL,NULL),
(28,'0','Pending',11,NULL,1,NULL,NULL,NULL,NULL),
(29,'1','Paid',11,NULL,1,NULL,NULL,NULL,NULL),
(30,'2','Partly Matched',6,NULL,NULL,NULL,NULL,NULL,NULL);

/*Table structure for table `re_lookup_category` */

DROP TABLE IF EXISTS `re_lookup_category`;

CREATE TABLE `re_lookup_category` (
  `id` int(11) NOT NULL AUTO_INCREMENT,
  `category_name` varchar(200) DEFAULT NULL,
  PRIMARY KEY (`id`)
) ENGINE=InnoDB AUTO_INCREMENT=12 DEFAULT CHARSET=latin1;

/*Data for the table `re_lookup_category` */

insert  into `re_lookup_category`(`id`,`category_name`) values 
(1,'Property Type'),
(2,'Gender'),
(3,'Status'),
(4,'Payment Method'),
(5,'Payment Status'),
(6,'Match Bills'),
(7,'Disbursement Status'),
(8,'Property Status'),
(9,'Sublet Status'),
(10,'Imprest Type'),
(11,'Imprest Status');

/*Table structure for table `re_management` */

DROP TABLE IF EXISTS `re_management`;

CREATE TABLE `re_management` (
  `id` int(11) NOT NULL AUTO_INCREMENT,
  `fk_user_id` int(11) DEFAULT NULL,
  `management_type` int(11) DEFAULT NULL,
  `management_name` varchar(200) DEFAULT NULL,
  `location` text,
  `address` text,
  `profile_desc` text,
  `featured_property` int(11) DEFAULT NULL,
  `_status` int(11) DEFAULT NULL,
  `date_created` datetime DEFAULT NULL,
  `created_by` int(11) DEFAULT NULL,
  `date_modified` datetime DEFAULT NULL,
  `modified_by` int(11) DEFAULT NULL,
  PRIMARY KEY (`id`),
  KEY `fk_user_id` (`fk_user_id`),
  CONSTRAINT `re_management_ibfk_1` FOREIGN KEY (`fk_user_id`) REFERENCES `sys_users` (`id`) ON DELETE NO ACTION ON UPDATE CASCADE
) ENGINE=InnoDB AUTO_INCREMENT=3 DEFAULT CHARSET=latin1;

/*Data for the table `re_management` */

insert  into `re_management`(`id`,`fk_user_id`,`management_type`,`management_name`,`location`,`address`,`profile_desc`,`featured_property`,`_status`,`date_created`,`created_by`,`date_modified`,`modified_by`) values 
(2,NULL,1,'Jongeto Agency',NULL,NULL,NULL,NULL,NULL,NULL,NULL,NULL,NULL);

/*Table structure for table `re_migration` */

DROP TABLE IF EXISTS `re_migration`;

CREATE TABLE `re_migration` (
  `version` varchar(180) NOT NULL,
  `apply_time` int(11) DEFAULT NULL,
  PRIMARY KEY (`version`)
) ENGINE=MyISAM DEFAULT CHARSET=latin1;

/*Data for the table `re_migration` */

/*Table structure for table `re_occupancy` */

DROP TABLE IF EXISTS `re_occupancy`;

CREATE TABLE `re_occupancy` (
  `id` int(11) NOT NULL AUTO_INCREMENT,
  `fk_property_id` int(11) DEFAULT NULL,
  `fk_sublet_id` int(11) DEFAULT NULL,
  `fk_user_id` int(11) DEFAULT NULL,
  `start_date` date DEFAULT NULL,
  `end_date` date DEFAULT NULL,
  `notes` text,
  `_status` int(11) DEFAULT NULL,
  `date_created` datetime DEFAULT NULL,
  `created_by` int(11) DEFAULT NULL,
  `date_modified` datetime DEFAULT NULL,
  `modified_by` int(11) DEFAULT NULL,
  PRIMARY KEY (`id`),
  KEY `fk_property_id` (`fk_property_id`),
  KEY `fk_sublet_id` (`fk_sublet_id`),
  KEY `fk_tenant_id` (`fk_user_id`),
  CONSTRAINT `re_occupancy_ibfk_1` FOREIGN KEY (`fk_property_id`) REFERENCES `re_property` (`id`) ON DELETE NO ACTION ON UPDATE CASCADE,
  CONSTRAINT `re_occupancy_ibfk_2` FOREIGN KEY (`fk_sublet_id`) REFERENCES `re_property_sublet` (`id`) ON DELETE NO ACTION ON UPDATE CASCADE,
  CONSTRAINT `re_occupancy_ibfk_3` FOREIGN KEY (`fk_user_id`) REFERENCES `sys_users` (`id`) ON DELETE NO ACTION ON UPDATE CASCADE
) ENGINE=InnoDB AUTO_INCREMENT=191 DEFAULT CHARSET=latin1;

/*Data for the table `re_occupancy` */

insert  into `re_occupancy`(`id`,`fk_property_id`,`fk_sublet_id`,`fk_user_id`,`start_date`,`end_date`,`notes`,`_status`,`date_created`,`created_by`,`date_modified`,`modified_by`) values 
(18,10,18,17,'2016-05-11',NULL,'',1,NULL,NULL,NULL,NULL),
(19,10,19,19,'2017-02-21',NULL,'',1,NULL,NULL,NULL,NULL),
(20,10,20,18,'2016-09-27',NULL,'',2,NULL,NULL,NULL,NULL),
(21,10,21,20,'2017-07-20',NULL,'',1,NULL,NULL,NULL,NULL),
(22,11,22,32,'2017-10-11',NULL,'',1,NULL,NULL,NULL,NULL),
(23,11,23,29,'2017-10-06',NULL,'',1,NULL,NULL,NULL,NULL),
(24,11,24,31,'2017-09-11',NULL,'',1,NULL,NULL,NULL,NULL),
(25,11,25,28,'2017-09-07',NULL,'',1,NULL,NULL,NULL,NULL),
(26,11,26,22,'2017-05-19',NULL,'',1,NULL,NULL,NULL,NULL),
(27,11,27,27,'2017-03-24',NULL,'',1,NULL,NULL,NULL,NULL),
(28,11,28,30,'2017-08-04',NULL,'',1,NULL,NULL,NULL,NULL),
(29,11,29,26,'2017-01-10',NULL,'',1,NULL,NULL,NULL,NULL),
(30,11,30,25,'2016-06-10',NULL,'',1,NULL,NULL,NULL,NULL),
(31,11,31,23,'2016-09-13',NULL,'',1,NULL,NULL,NULL,NULL),
(32,11,32,24,'2015-01-11',NULL,'',1,NULL,NULL,NULL,NULL),
(33,12,34,34,'2010-01-15',NULL,'',1,NULL,NULL,NULL,NULL),
(34,12,35,36,'2014-01-07',NULL,'',1,NULL,NULL,NULL,NULL),
(35,12,36,35,'2014-02-06',NULL,'',1,NULL,NULL,NULL,NULL),
(36,13,38,38,'2015-03-10',NULL,'',1,NULL,NULL,NULL,NULL),
(37,13,39,40,'2016-03-15',NULL,'',1,NULL,NULL,NULL,NULL),
(38,13,40,41,'2016-09-06',NULL,'',1,NULL,NULL,NULL,NULL),
(39,13,41,42,'2017-08-06',NULL,'',1,NULL,NULL,NULL,NULL),
(40,13,42,43,'2016-04-12',NULL,'',1,NULL,NULL,NULL,NULL),
(41,13,43,39,'2013-10-15',NULL,'',1,NULL,NULL,NULL,NULL),
(42,14,44,45,'2016-04-20',NULL,'',1,NULL,NULL,NULL,NULL),
(43,14,45,46,'2016-04-20',NULL,'',1,NULL,NULL,NULL,NULL),
(44,14,46,47,'2016-04-20',NULL,'',1,NULL,NULL,NULL,NULL),
(45,14,47,49,'2016-04-20',NULL,'',1,NULL,NULL,NULL,NULL),
(46,14,48,50,'2016-04-20',NULL,'',1,NULL,NULL,NULL,NULL),
(47,14,49,54,'2016-04-20',NULL,'',1,NULL,NULL,NULL,NULL),
(48,14,50,52,'2016-04-20',NULL,'',1,NULL,NULL,NULL,NULL),
(49,14,51,51,'2016-08-15',NULL,'',1,NULL,NULL,NULL,NULL),
(50,14,52,48,'2017-05-31',NULL,'',1,NULL,NULL,NULL,NULL),
(51,14,53,53,'2017-09-01',NULL,'',1,NULL,NULL,NULL,NULL),
(52,14,54,55,'2017-10-05',NULL,'',1,NULL,NULL,NULL,NULL),
(53,14,55,56,'2017-09-11',NULL,'',1,NULL,NULL,NULL,NULL),
(54,15,56,63,'2017-08-07',NULL,'',1,NULL,NULL,NULL,NULL),
(55,15,57,62,'2016-08-30',NULL,'',1,NULL,NULL,NULL,NULL),
(56,15,58,59,'2016-08-30',NULL,'',1,NULL,NULL,NULL,NULL),
(57,15,59,61,'2016-08-30',NULL,'',1,NULL,NULL,NULL,NULL),
(58,15,60,58,'2016-11-29',NULL,'',1,NULL,NULL,NULL,NULL),
(59,15,61,60,'2017-04-06',NULL,'',1,NULL,NULL,NULL,NULL),
(60,16,63,65,'2016-11-17',NULL,'',1,NULL,NULL,NULL,NULL),
(61,17,64,67,'2016-06-09',NULL,'',1,NULL,NULL,NULL,NULL),
(62,18,65,72,'2016-08-12',NULL,'',1,NULL,NULL,NULL,NULL),
(63,18,66,71,'2015-02-09',NULL,'',1,NULL,NULL,NULL,NULL),
(64,18,67,69,'2012-01-26',NULL,'',1,NULL,NULL,NULL,NULL),
(65,18,68,70,'2014-11-12',NULL,'',1,NULL,NULL,NULL,NULL),
(66,19,69,83,'2017-08-31',NULL,'',1,NULL,NULL,NULL,NULL),
(67,19,70,77,'2017-02-22',NULL,'',1,NULL,NULL,NULL,NULL),
(68,19,71,82,'2017-04-06',NULL,'',1,NULL,NULL,NULL,NULL),
(69,19,72,78,'2012-05-15',NULL,'',1,NULL,NULL,NULL,NULL),
(70,19,73,74,'2016-10-10',NULL,'',1,NULL,NULL,NULL,NULL),
(71,19,74,81,'2015-12-23',NULL,'',1,NULL,NULL,NULL,NULL),
(72,19,75,75,'2015-11-27',NULL,'',1,NULL,NULL,NULL,NULL),
(73,19,76,76,'2015-11-27',NULL,'',1,NULL,NULL,NULL,NULL),
(74,19,77,79,'2015-11-27',NULL,'',1,NULL,NULL,NULL,NULL),
(75,19,78,80,'2015-11-27',NULL,'',1,NULL,NULL,NULL,NULL),
(76,19,79,84,'2017-08-11',NULL,'',1,NULL,NULL,NULL,NULL),
(77,20,83,97,'2017-10-12',NULL,'',1,NULL,NULL,NULL,NULL),
(78,20,84,95,'2017-11-08',NULL,'',1,NULL,NULL,NULL,NULL),
(79,20,85,96,'2017-10-10',NULL,'',1,NULL,NULL,NULL,NULL),
(80,20,86,92,'2016-05-31',NULL,'',1,NULL,NULL,NULL,NULL),
(81,20,87,86,'2015-08-21',NULL,'',1,NULL,NULL,NULL,NULL),
(82,20,88,88,'2015-12-03',NULL,'',1,NULL,NULL,NULL,NULL),
(83,20,89,94,'2016-08-02',NULL,'',1,NULL,NULL,NULL,NULL),
(84,20,90,87,'2010-06-08',NULL,'',1,NULL,NULL,NULL,NULL),
(85,20,91,89,'2017-08-29',NULL,'',1,NULL,NULL,NULL,NULL),
(86,20,92,90,NULL,NULL,'',1,NULL,NULL,NULL,NULL),
(87,20,93,93,'2012-10-16',NULL,'',1,NULL,NULL,NULL,NULL),
(88,21,97,103,'2017-09-04',NULL,'',1,NULL,NULL,NULL,NULL),
(89,21,98,99,'2017-07-05',NULL,'',1,NULL,NULL,NULL,NULL),
(90,21,99,104,'2017-08-31',NULL,'',1,NULL,NULL,NULL,NULL),
(91,21,100,100,'2011-09-05',NULL,'',1,NULL,NULL,NULL,NULL),
(92,21,101,102,'2011-08-08',NULL,'',1,NULL,NULL,NULL,NULL),
(93,21,102,101,'2010-09-07',NULL,'',1,NULL,NULL,NULL,NULL),
(94,21,103,105,'2017-08-31',NULL,'',1,NULL,NULL,NULL,NULL),
(95,21,104,106,'2017-09-04',NULL,'',1,NULL,NULL,NULL,NULL),
(96,22,106,110,'2017-02-02',NULL,'',1,NULL,NULL,NULL,NULL),
(97,22,107,113,'2016-05-10',NULL,'',1,NULL,NULL,NULL,NULL),
(98,22,108,112,'2015-09-04',NULL,'',1,NULL,NULL,NULL,NULL),
(99,22,109,109,'2015-01-26',NULL,'',1,NULL,NULL,NULL,NULL),
(100,22,110,108,'2016-02-03',NULL,'',1,NULL,NULL,NULL,NULL),
(101,22,111,111,'2015-10-12',NULL,'',1,NULL,NULL,NULL,NULL),
(102,22,112,114,'2016-08-09',NULL,'',1,NULL,NULL,NULL,NULL),
(103,22,113,115,'2017-10-11',NULL,'',1,NULL,NULL,NULL,NULL),
(104,23,117,118,'2016-08-30',NULL,'',1,NULL,NULL,NULL,NULL),
(105,23,118,117,'2012-08-07',NULL,'',1,NULL,NULL,NULL,NULL),
(106,23,119,119,'2017-05-05',NULL,'',1,NULL,NULL,NULL,NULL),
(107,24,120,126,'2015-09-16',NULL,'',1,NULL,NULL,NULL,NULL),
(108,24,121,124,'2011-03-18',NULL,'',1,NULL,NULL,NULL,NULL),
(109,24,122,122,'2011-01-06',NULL,'',1,NULL,NULL,NULL,NULL),
(110,24,123,123,'2010-02-11',NULL,'',1,NULL,NULL,NULL,NULL),
(111,24,124,125,'2010-03-10',NULL,'',1,NULL,NULL,NULL,NULL),
(112,24,125,121,'2016-12-02',NULL,'',1,NULL,NULL,NULL,NULL),
(113,25,126,129,'2016-07-12',NULL,'',1,NULL,NULL,NULL,NULL),
(114,25,127,130,'2016-07-08',NULL,'',1,NULL,NULL,NULL,NULL),
(115,25,128,131,'2017-08-18',NULL,'',1,NULL,NULL,NULL,NULL),
(116,26,130,133,'2006-11-06',NULL,'',1,NULL,NULL,NULL,NULL),
(117,26,131,134,'2016-08-08',NULL,'',1,NULL,NULL,NULL,NULL),
(118,26,132,135,'2016-08-04',NULL,'',1,NULL,NULL,NULL,NULL),
(119,26,133,136,'2016-08-04',NULL,'',1,NULL,NULL,NULL,NULL),
(120,27,137,138,'2016-12-13',NULL,'',1,NULL,NULL,NULL,NULL),
(121,27,138,139,'2017-03-07',NULL,'',1,NULL,NULL,NULL,NULL),
(122,27,139,140,'2015-06-08',NULL,'',1,NULL,NULL,NULL,NULL),
(123,27,140,141,'2015-04-08',NULL,'',1,NULL,NULL,NULL,NULL),
(124,27,141,142,'2017-02-03',NULL,'',1,NULL,NULL,NULL,NULL),
(125,27,142,143,'2017-10-09',NULL,'',1,NULL,NULL,NULL,NULL),
(126,27,143,144,'2017-10-09',NULL,'',1,NULL,NULL,NULL,NULL),
(127,28,145,146,'2016-09-25',NULL,'',1,NULL,NULL,NULL,NULL),
(128,28,146,147,'2017-06-07',NULL,'',1,NULL,NULL,NULL,NULL),
(129,28,147,148,'2012-04-24',NULL,'',1,NULL,NULL,NULL,NULL),
(130,28,148,149,'2017-07-03',NULL,'',1,NULL,NULL,NULL,NULL),
(131,28,149,150,'2017-11-17',NULL,'',1,NULL,NULL,NULL,NULL),
(132,28,150,151,'2016-02-05',NULL,'',1,NULL,NULL,NULL,NULL),
(133,28,151,152,'2016-04-06',NULL,'',1,NULL,NULL,NULL,NULL),
(134,28,152,154,'2017-08-11',NULL,'',1,NULL,NULL,NULL,NULL),
(135,28,153,155,'2017-11-30',NULL,'',1,NULL,NULL,NULL,NULL),
(136,29,157,157,'2010-11-08',NULL,'',1,NULL,NULL,NULL,NULL),
(137,29,158,158,'2015-10-08',NULL,'',1,NULL,NULL,NULL,NULL),
(138,29,159,159,'2016-04-05',NULL,'',1,NULL,NULL,NULL,NULL),
(139,30,160,162,'2017-03-02',NULL,'',1,NULL,NULL,NULL,NULL),
(140,30,161,163,'2017-02-06',NULL,'',1,NULL,NULL,NULL,NULL),
(141,30,162,164,'2015-12-02',NULL,'',1,NULL,NULL,NULL,NULL),
(142,30,163,165,'2015-09-07',NULL,'',1,NULL,NULL,NULL,NULL),
(143,30,164,166,'2015-04-06',NULL,'',1,NULL,NULL,NULL,NULL),
(144,30,165,167,'2000-06-06',NULL,'',1,NULL,NULL,NULL,NULL),
(145,30,166,168,'2013-11-05',NULL,'',1,NULL,NULL,NULL,NULL),
(146,30,167,169,'2017-03-12',NULL,'',1,NULL,NULL,NULL,NULL),
(147,30,168,170,'2017-03-12',NULL,'',1,NULL,NULL,NULL,NULL),
(148,30,169,171,'2013-08-12',NULL,'',1,NULL,NULL,NULL,NULL),
(149,30,170,172,'2013-07-09',NULL,'',1,NULL,NULL,NULL,NULL),
(150,30,171,173,'2017-08-07',NULL,'',1,NULL,NULL,NULL,NULL),
(151,30,172,174,'2017-11-03',NULL,'',1,NULL,NULL,NULL,NULL),
(152,31,173,176,'2017-08-07',NULL,'',1,NULL,NULL,NULL,NULL),
(153,32,175,178,'2008-06-10',NULL,'',1,NULL,NULL,NULL,NULL),
(154,33,176,180,'2017-06-02',NULL,'',1,NULL,NULL,NULL,NULL),
(155,33,177,181,'2017-06-05',NULL,'',1,NULL,NULL,NULL,NULL),
(156,33,178,182,'2013-09-10',NULL,'',1,NULL,NULL,NULL,NULL),
(157,33,179,183,'2015-06-08',NULL,'',1,NULL,NULL,NULL,NULL),
(158,33,180,184,'2013-12-02',NULL,'',1,NULL,NULL,NULL,NULL),
(159,33,181,185,'2015-05-04',NULL,'',1,NULL,NULL,NULL,NULL),
(160,34,186,187,'2015-06-24',NULL,'',1,NULL,NULL,NULL,NULL),
(161,34,187,188,'2013-05-06',NULL,'',1,NULL,NULL,NULL,NULL),
(162,34,188,189,'2015-07-06',NULL,'',1,NULL,NULL,NULL,NULL),
(163,34,189,191,'2016-07-27',NULL,'',1,NULL,NULL,NULL,NULL),
(164,35,194,193,'2014-03-04',NULL,'',1,NULL,NULL,NULL,NULL),
(165,35,195,194,'2013-11-04',NULL,'',1,NULL,NULL,NULL,NULL),
(166,35,196,195,'2015-01-05',NULL,'',1,NULL,NULL,NULL,NULL),
(167,36,200,197,'2014-05-07',NULL,'',1,NULL,NULL,NULL,NULL),
(168,37,201,199,'2014-08-06',NULL,'',1,NULL,NULL,NULL,NULL),
(169,38,202,201,'2017-11-06',NULL,'',1,NULL,NULL,NULL,NULL),
(170,38,203,202,'2017-11-06',NULL,'',1,NULL,NULL,NULL,NULL),
(171,38,204,203,'2017-11-06',NULL,'',1,NULL,NULL,NULL,NULL),
(172,38,205,204,'2017-11-02',NULL,'',1,NULL,NULL,NULL,NULL),
(173,38,206,205,'2017-11-03',NULL,'',1,NULL,NULL,NULL,NULL),
(174,38,207,206,'2017-11-02',NULL,'',1,NULL,NULL,NULL,NULL),
(175,38,208,207,'2017-11-01',NULL,'',1,NULL,NULL,NULL,NULL),
(176,38,209,208,'2017-11-01',NULL,'',1,NULL,NULL,NULL,NULL),
(177,39,211,210,'2017-11-06',NULL,'',1,NULL,NULL,NULL,NULL),
(178,39,212,211,'2017-11-02',NULL,'',1,NULL,NULL,NULL,NULL),
(179,39,213,212,'2017-11-01',NULL,'',1,NULL,NULL,NULL,NULL),
(180,39,214,213,'2017-11-05',NULL,'',1,NULL,NULL,NULL,NULL),
(181,39,215,214,'2017-11-06',NULL,'',1,NULL,NULL,NULL,NULL),
(182,39,216,215,'2017-11-02',NULL,'',1,NULL,NULL,NULL,NULL),
(183,39,217,216,'2017-11-02',NULL,'',1,NULL,NULL,NULL,NULL),
(184,39,218,217,'2017-11-02',NULL,'',1,NULL,NULL,NULL,NULL),
(185,39,219,218,'2017-11-06',NULL,'',1,NULL,NULL,NULL,NULL),
(186,39,220,219,'2017-10-31',NULL,'',1,NULL,NULL,NULL,NULL),
(187,10,20,24,'2018-03-01',NULL,'',1,NULL,NULL,NULL,NULL),
(188,11,33,154,'2018-03-01',NULL,'',1,NULL,NULL,NULL,NULL),
(189,41,229,228,'2018-03-01',NULL,'',1,NULL,NULL,NULL,NULL),
(190,11,231,228,'2018-03-01',NULL,'',1,NULL,NULL,NULL,NULL);

/*Table structure for table `re_occupancy_invoice` */

DROP TABLE IF EXISTS `re_occupancy_invoice`;

CREATE TABLE `re_occupancy_invoice` (
  `id` int(11) NOT NULL AUTO_INCREMENT,
  `invoice_no` varchar(100) NOT NULL,
  `fk_occupancy_rent` int(11) NOT NULL,
  `created_on` date DEFAULT NULL,
  `created_by` int(11) DEFAULT NULL,
  PRIMARY KEY (`id`)
) ENGINE=InnoDB AUTO_INCREMENT=739 DEFAULT CHARSET=utf8;

/*Data for the table `re_occupancy_invoice` */

insert  into `re_occupancy_invoice`(`id`,`invoice_no`,`fk_occupancy_rent`,`created_on`,`created_by`) values 
(1,'INV-10-13',158,'2017-12-11',1),
(2,'INV-10-13',159,'2017-12-11',1),
(3,'INV-10-13',160,'2017-12-11',1),
(4,'INV-11-13',161,'2017-12-11',1),
(5,'INV-11-13',162,'2017-12-11',1),
(6,'INV-11-13',163,'2017-12-11',1),
(7,'INV-13-13',164,'2017-12-11',1),
(8,'INV-13-13',165,'2017-12-11',1),
(9,'INV-13-13',166,'2017-12-11',1),
(10,'INV-14-13',167,'2017-12-11',1),
(11,'INV-14-13',168,'2017-12-11',1),
(12,'INV-14-13',169,'2017-12-11',1),
(13,'INV-15-13',170,'2017-12-11',1),
(14,'INV-15-13',171,'2017-12-11',1),
(15,'INV-15-13',172,'2017-12-11',1),
(16,'INV-16-13',173,'2017-12-11',1),
(17,'INV-16-13',174,'2017-12-11',1),
(18,'INV-16-13',175,'2017-12-11',1),
(19,'INV-10-13',2,'2018-01-03',1),
(20,'INV-10-13',0,'2018-01-03',1),
(21,'INV-10-13',0,'2018-01-03',1),
(22,'INV-11-13',4,'2018-01-03',1),
(23,'INV-11-13',0,'2018-01-03',1),
(24,'INV-11-13',0,'2018-01-03',1),
(25,'INV-13-13',6,'2018-01-03',1),
(26,'INV-13-13',0,'2018-01-03',1),
(27,'INV-13-13',0,'2018-01-03',1),
(28,'INV-13-13',0,'2018-01-03',1),
(29,'INV-14-13',8,'2018-01-03',1),
(30,'INV-14-13',0,'2018-01-03',1),
(31,'INV-14-13',0,'2018-01-03',1),
(32,'INV-14-13',0,'2018-01-03',1),
(33,'INV-15-13',10,'2018-01-03',1),
(34,'INV-15-13',0,'2018-01-03',1),
(35,'INV-15-13',0,'2018-01-03',1),
(36,'INV-15-13',0,'2018-01-03',1),
(37,'INV-16-13',12,'2018-01-03',1),
(38,'INV-16-13',0,'2018-01-03',1),
(39,'INV-16-13',0,'2018-01-03',1),
(40,'INV-1-13',14,'2018-01-03',1),
(41,'INV-8-13',16,'2018-01-03',1),
(42,'INV-17-13',0,'2018-01-04',1),
(43,'INV-17-13',0,'2018-01-04',1),
(44,'INV-17-13',0,'2018-01-04',1),
(45,'INV-17-13',0,'2018-01-04',1),
(46,'INV-18-13',0,'2018-01-04',1),
(47,'INV-18-13',0,'2018-01-05',15),
(48,'INV-18-13',0,'2018-01-05',15),
(49,'INV-19-13',0,'2018-01-05',15),
(50,'INV-19-13',0,'2018-01-05',15),
(51,'INV-20-13',0,'2018-01-05',15),
(52,'INV-20-13',0,'2018-01-05',15),
(53,'INV-21-13',0,'2018-01-05',15),
(54,'INV-21-13',0,'2018-01-05',15),
(55,'INV-60-13',0,'2018-01-05',15),
(56,'INV-18-13',0,'2017-08-01',15),
(57,'INV-19-13',0,'2017-08-01',15),
(58,'INV-20-13',0,'2017-08-01',15),
(59,'INV-21-13',0,'2017-08-01',15),
(60,'INV-22-13',0,'2017-08-01',15),
(61,'INV-22-13',0,'2017-08-01',15),
(62,'INV-23-13',0,'2017-08-01',15),
(63,'INV-23-13',0,'2017-08-01',15),
(64,'INV-24-13',0,'2017-08-01',15),
(65,'INV-24-13',0,'2017-08-01',15),
(66,'INV-25-13',0,'2017-08-01',15),
(67,'INV-25-13',0,'2017-08-01',15),
(68,'INV-26-13',0,'2017-08-01',15),
(69,'INV-26-13',0,'2017-08-01',15),
(70,'INV-27-13',0,'2017-08-01',15),
(71,'INV-27-13',0,'2017-08-01',15),
(72,'INV-28-13',0,'2017-08-01',15),
(73,'INV-28-13',0,'2017-08-01',15),
(74,'INV-29-13',0,'2017-08-01',15),
(75,'INV-29-13',0,'2017-08-01',15),
(76,'INV-30-13',0,'2017-08-01',15),
(77,'INV-30-13',0,'2017-08-01',15),
(78,'INV-31-13',0,'2017-08-01',15),
(79,'INV-31-13',0,'2017-08-01',15),
(80,'INV-32-13',0,'2017-08-01',15),
(81,'INV-32-13',0,'2017-08-01',15),
(82,'INV-33-13',0,'2017-08-01',15),
(83,'INV-33-13',0,'2017-08-01',15),
(84,'INV-34-13',0,'2017-08-01',15),
(85,'INV-34-13',0,'2017-08-01',15),
(86,'INV-35-13',0,'2017-08-01',15),
(87,'INV-35-13',0,'2017-08-01',15),
(88,'INV-36-13',0,'2017-08-01',15),
(89,'INV-36-13',0,'2017-08-01',15),
(90,'INV-37-13',0,'2017-08-01',15),
(91,'INV-37-13',0,'2017-08-01',15),
(92,'INV-38-13',0,'2017-08-01',15),
(93,'INV-38-13',0,'2017-08-01',15),
(94,'INV-39-13',0,'2017-08-01',15),
(95,'INV-39-13',0,'2017-08-01',15),
(96,'INV-40-13',0,'2017-08-01',15),
(97,'INV-40-13',0,'2017-08-01',15),
(98,'INV-41-13',0,'2017-08-01',15),
(99,'INV-41-13',0,'2017-08-01',15),
(100,'INV-42-13',0,'2017-08-01',15),
(101,'INV-42-13',0,'2017-08-01',15),
(102,'INV-43-13',0,'2017-08-01',15),
(103,'INV-43-13',0,'2017-08-01',15),
(104,'INV-44-13',0,'2017-08-01',15),
(105,'INV-44-13',0,'2017-08-01',15),
(106,'INV-45-13',0,'2017-08-01',15),
(107,'INV-45-13',0,'2017-08-01',15),
(108,'INV-46-13',0,'2017-08-01',15),
(109,'INV-46-13',0,'2017-08-01',15),
(110,'INV-47-13',0,'2017-08-01',15),
(111,'INV-47-13',0,'2017-08-01',15),
(112,'INV-48-13',0,'2017-08-01',15),
(113,'INV-48-13',0,'2017-08-01',15),
(114,'INV-49-13',0,'2017-08-01',15),
(115,'INV-49-13',0,'2017-08-01',15),
(116,'INV-50-13',0,'2017-08-01',15),
(117,'INV-50-13',0,'2017-08-01',15),
(118,'INV-51-13',0,'2017-08-01',15),
(119,'INV-51-13',0,'2017-08-01',15),
(120,'INV-52-13',0,'2017-08-01',15),
(121,'INV-52-13',0,'2017-08-01',15),
(122,'INV-53-13',0,'2017-08-01',15),
(123,'INV-53-13',0,'2017-08-01',15),
(124,'INV-54-13',0,'2017-08-01',15),
(125,'INV-54-13',0,'2017-08-01',15),
(126,'INV-55-13',0,'2017-08-01',15),
(127,'INV-55-13',0,'2017-08-01',15),
(128,'INV-56-13',0,'2017-08-01',15),
(129,'INV-56-13',0,'2017-08-01',15),
(130,'INV-57-13',0,'2017-08-01',15),
(131,'INV-57-13',0,'2017-08-01',15),
(132,'INV-58-13',0,'2017-08-01',15),
(133,'INV-58-13',0,'2017-08-01',15),
(134,'INV-59-13',0,'2017-08-01',15),
(135,'INV-59-13',0,'2017-08-01',15),
(136,'INV-60-13',0,'2017-08-01',15),
(137,'INV-60-13',0,'2017-08-01',15),
(138,'INV-61-13',0,'2017-08-01',15),
(139,'INV-61-13',0,'2017-08-01',15),
(140,'INV-62-13',0,'2017-08-01',15),
(141,'INV-62-13',0,'2017-08-01',15),
(142,'INV-63-13',0,'2017-08-01',15),
(143,'INV-63-13',0,'2017-08-01',15),
(144,'INV-64-13',0,'2017-08-01',15),
(145,'INV-64-13',0,'2017-08-01',15),
(146,'INV-65-13',0,'2017-08-01',15),
(147,'INV-65-13',0,'2017-08-01',15),
(148,'INV-66-13',0,'2017-08-01',15),
(149,'INV-66-13',0,'2017-08-01',15),
(150,'INV-67-13',0,'2017-08-01',15),
(151,'INV-67-13',0,'2017-08-01',15),
(152,'INV-68-13',0,'2017-08-01',15),
(153,'INV-68-13',0,'2017-08-01',15),
(154,'INV-69-13',0,'2017-08-01',15),
(155,'INV-69-13',0,'2017-08-01',15),
(156,'INV-70-13',0,'2017-08-01',15),
(157,'INV-70-13',0,'2017-08-01',15),
(158,'INV-71-13',0,'2017-08-01',15),
(159,'INV-71-13',0,'2017-08-01',15),
(160,'INV-72-13',0,'2017-08-01',15),
(161,'INV-72-13',0,'2017-08-01',15),
(162,'INV-73-13',0,'2017-08-01',15),
(163,'INV-73-13',0,'2017-08-01',15),
(164,'INV-74-13',0,'2017-08-01',15),
(165,'INV-74-13',0,'2017-08-01',15),
(166,'INV-75-13',0,'2017-08-01',15),
(167,'INV-75-13',0,'2017-08-01',15),
(168,'INV-76-13',0,'2017-08-01',15),
(169,'INV-76-13',0,'2017-08-01',15),
(170,'INV-77-13',0,'2017-08-01',15),
(171,'INV-77-13',0,'2017-08-01',15),
(172,'INV-78-13',0,'2017-08-01',15),
(173,'INV-78-13',0,'2017-08-01',15),
(174,'INV-79-13',0,'2017-08-01',15),
(175,'INV-79-13',0,'2017-08-01',15),
(176,'INV-80-13',0,'2017-08-01',15),
(177,'INV-80-13',0,'2017-08-01',15),
(178,'INV-81-13',0,'2017-08-01',15),
(179,'INV-81-13',0,'2017-08-01',15),
(180,'INV-82-13',0,'2017-08-01',15),
(181,'INV-82-13',0,'2017-08-01',15),
(182,'INV-83-13',0,'2017-08-01',15),
(183,'INV-83-13',0,'2017-08-01',15),
(184,'INV-84-13',0,'2017-08-01',15),
(185,'INV-84-13',0,'2017-08-01',15),
(186,'INV-85-13',0,'2017-08-01',15),
(187,'INV-85-13',0,'2017-08-01',15),
(188,'INV-86-13',0,'2017-08-01',15),
(189,'INV-86-13',0,'2017-08-01',15),
(190,'INV-87-13',0,'2017-08-01',15),
(191,'INV-87-13',0,'2017-08-01',15),
(192,'INV-88-13',0,'2017-08-01',15),
(193,'INV-88-13',0,'2017-08-01',15),
(194,'INV-89-13',0,'2017-08-01',15),
(195,'INV-89-13',0,'2017-08-01',15),
(196,'INV-90-13',0,'2017-08-01',15),
(197,'INV-90-13',0,'2017-08-01',15),
(198,'INV-91-13',0,'2017-08-01',15),
(199,'INV-91-13',0,'2017-08-01',15),
(200,'INV-92-13',0,'2017-08-01',15),
(201,'INV-92-13',0,'2017-08-01',15),
(202,'INV-93-13',0,'2017-08-01',15),
(203,'INV-93-13',0,'2017-08-01',15),
(204,'INV-94-13',0,'2017-08-01',15),
(205,'INV-94-13',0,'2017-08-01',15),
(206,'INV-95-13',0,'2017-08-01',15),
(207,'INV-95-13',0,'2017-08-01',15),
(208,'INV-96-13',0,'2017-08-01',15),
(209,'INV-96-13',0,'2017-08-01',15),
(210,'INV-97-13',0,'2017-08-01',15),
(211,'INV-97-13',0,'2017-08-01',15),
(212,'INV-98-13',0,'2017-08-01',15),
(213,'INV-98-13',0,'2017-08-01',15),
(214,'INV-99-13',0,'2017-08-01',15),
(215,'INV-99-13',0,'2017-08-01',15),
(216,'INV-100-13',0,'2017-08-01',15),
(217,'INV-100-13',0,'2017-08-01',15),
(218,'INV-101-13',0,'2017-08-01',15),
(219,'INV-101-13',0,'2017-08-01',15),
(220,'INV-102-13',0,'2017-08-01',15),
(221,'INV-102-13',0,'2017-08-01',15),
(222,'INV-103-13',0,'2017-08-01',15),
(223,'INV-103-13',0,'2017-08-01',15),
(224,'INV-104-13',0,'2017-08-01',15),
(225,'INV-104-13',0,'2017-08-01',15),
(226,'INV-105-13',0,'2017-08-01',15),
(227,'INV-105-13',0,'2017-08-01',15),
(228,'INV-106-13',0,'2017-08-01',15),
(229,'INV-106-13',0,'2017-08-01',15),
(230,'INV-107-13',0,'2017-08-01',15),
(231,'INV-107-13',0,'2017-08-01',15),
(232,'INV-108-13',0,'2017-08-01',15),
(233,'INV-108-13',0,'2017-08-01',15),
(234,'INV-109-13',0,'2017-08-01',15),
(235,'INV-109-13',0,'2017-08-01',15),
(236,'INV-110-13',0,'2017-08-01',15),
(237,'INV-110-13',0,'2017-08-01',15),
(238,'INV-111-13',0,'2017-08-01',15),
(239,'INV-111-13',0,'2017-08-01',15),
(240,'INV-112-13',0,'2017-08-01',15),
(241,'INV-112-13',0,'2017-08-01',15),
(242,'INV-113-13',0,'2017-08-01',15),
(243,'INV-113-13',0,'2017-08-01',15),
(244,'INV-114-13',0,'2017-08-01',15),
(245,'INV-114-13',0,'2017-08-01',15),
(246,'INV-115-13',0,'2017-08-01',15),
(247,'INV-115-13',0,'2017-08-01',15),
(248,'INV-116-13',0,'2017-08-01',15),
(249,'INV-116-13',0,'2017-08-01',15),
(250,'INV-117-13',0,'2017-08-01',15),
(251,'INV-117-13',0,'2017-08-01',15),
(252,'INV-118-13',0,'2017-08-01',15),
(253,'INV-118-13',0,'2017-08-01',15),
(254,'INV-119-13',0,'2017-08-01',15),
(255,'INV-119-13',0,'2017-08-01',15),
(256,'INV-120-13',0,'2017-08-01',15),
(257,'INV-120-13',0,'2017-08-01',15),
(258,'INV-121-13',0,'2017-08-01',15),
(259,'INV-121-13',0,'2017-08-01',15),
(260,'INV-122-13',0,'2017-08-01',15),
(261,'INV-122-13',0,'2017-08-01',15),
(262,'INV-123-13',0,'2017-08-01',15),
(263,'INV-123-13',0,'2017-08-01',15),
(264,'INV-124-13',0,'2017-08-01',15),
(265,'INV-124-13',0,'2017-08-01',15),
(266,'INV-125-13',0,'2017-08-01',15),
(267,'INV-125-13',0,'2017-08-01',15),
(268,'INV-126-13',0,'2017-08-01',15),
(269,'INV-126-13',0,'2017-08-01',15),
(270,'INV-127-13',0,'2017-08-01',15),
(271,'INV-127-13',0,'2017-08-01',15),
(272,'INV-128-13',0,'2017-08-01',15),
(273,'INV-128-13',0,'2017-08-01',15),
(274,'INV-129-13',0,'2017-08-01',15),
(275,'INV-129-13',0,'2017-08-01',15),
(276,'INV-130-13',0,'2017-08-01',15),
(277,'INV-130-13',0,'2017-08-01',15),
(278,'INV-131-13',0,'2017-08-01',15),
(279,'INV-131-13',0,'2017-08-01',15),
(280,'INV-132-13',0,'2017-08-01',15),
(281,'INV-132-13',0,'2017-08-01',15),
(282,'INV-133-13',0,'2017-08-01',15),
(283,'INV-133-13',0,'2017-08-01',15),
(284,'INV-134-13',0,'2017-08-01',15),
(285,'INV-134-13',0,'2017-08-01',15),
(286,'INV-135-13',0,'2017-08-01',15),
(287,'INV-135-13',0,'2017-08-01',15),
(288,'INV-136-13',0,'2017-08-01',15),
(289,'INV-136-13',0,'2017-08-01',15),
(290,'INV-137-13',0,'2017-08-01',15),
(291,'INV-137-13',0,'2017-08-01',15),
(292,'INV-138-13',0,'2017-08-01',15),
(293,'INV-138-13',0,'2017-08-01',15),
(294,'INV-139-13',0,'2017-08-01',15),
(295,'INV-139-13',0,'2017-08-01',15),
(296,'INV-140-13',0,'2017-08-01',15),
(297,'INV-140-13',0,'2017-08-01',15),
(298,'INV-141-13',0,'2017-08-01',15),
(299,'INV-141-13',0,'2017-08-01',15),
(300,'INV-142-13',0,'2017-08-01',15),
(301,'INV-142-13',0,'2017-08-01',15),
(302,'INV-143-13',0,'2017-08-01',15),
(303,'INV-143-13',0,'2017-08-01',15),
(304,'INV-144-13',0,'2017-08-01',15),
(305,'INV-144-13',0,'2017-08-01',15),
(306,'INV-145-13',0,'2017-08-01',15),
(307,'INV-145-13',0,'2017-08-01',15),
(308,'INV-146-13',0,'2017-08-01',15),
(309,'INV-146-13',0,'2017-08-01',15),
(310,'INV-147-13',0,'2017-08-01',15),
(311,'INV-147-13',0,'2017-08-01',15),
(312,'INV-148-13',0,'2017-08-01',15),
(313,'INV-148-13',0,'2017-08-01',15),
(314,'INV-149-13',0,'2017-08-01',15),
(315,'INV-149-13',0,'2017-08-01',15),
(316,'INV-150-13',0,'2017-08-01',15),
(317,'INV-150-13',0,'2017-08-01',15),
(318,'INV-151-13',0,'2017-08-01',15),
(319,'INV-151-13',0,'2017-08-01',15),
(320,'INV-152-13',0,'2017-08-01',15),
(321,'INV-152-13',0,'2017-08-01',15),
(322,'INV-153-13',0,'2017-08-01',15),
(323,'INV-153-13',0,'2017-08-01',15),
(324,'INV-154-13',0,'2017-08-01',15),
(325,'INV-154-13',0,'2017-08-01',15),
(326,'INV-155-13',0,'2017-08-01',15),
(327,'INV-155-13',0,'2017-08-01',15),
(328,'INV-156-13',0,'2017-08-01',15),
(329,'INV-156-13',0,'2017-08-01',15),
(330,'INV-157-13',0,'2017-08-01',15),
(331,'INV-157-13',0,'2017-08-01',15),
(332,'INV-158-13',0,'2017-08-01',15),
(333,'INV-158-13',0,'2017-08-01',15),
(334,'INV-159-13',0,'2017-08-01',15),
(335,'INV-159-13',0,'2017-08-01',15),
(336,'INV-160-13',0,'2017-08-01',15),
(337,'INV-160-13',0,'2017-08-01',15),
(338,'INV-161-13',0,'2017-08-01',15),
(339,'INV-161-13',0,'2017-08-01',15),
(340,'INV-162-13',0,'2017-08-01',15),
(341,'INV-162-13',0,'2017-08-01',15),
(342,'INV-163-13',0,'2017-08-01',15),
(343,'INV-163-13',0,'2017-08-01',15),
(344,'INV-164-13',0,'2017-08-01',15),
(345,'INV-164-13',0,'2017-08-01',15),
(346,'INV-165-13',0,'2017-08-01',15),
(347,'INV-165-13',0,'2017-08-01',15),
(348,'INV-166-13',0,'2017-08-01',15),
(349,'INV-166-13',0,'2017-08-01',15),
(350,'INV-167-13',0,'2017-08-01',15),
(351,'INV-167-13',0,'2017-08-01',15),
(352,'INV-168-13',0,'2017-08-01',15),
(353,'INV-168-13',0,'2017-08-01',15),
(354,'INV-169-13',0,'2017-08-01',15),
(355,'INV-169-13',0,'2017-08-01',15),
(356,'INV-170-13',0,'2017-08-01',15),
(357,'INV-170-13',0,'2017-08-01',15),
(358,'INV-171-13',0,'2017-08-01',15),
(359,'INV-171-13',0,'2017-08-01',15),
(360,'INV-172-13',0,'2017-08-01',15),
(361,'INV-172-13',0,'2017-08-01',15),
(362,'INV-173-13',0,'2017-08-01',15),
(363,'INV-173-13',0,'2017-08-01',15),
(364,'INV-174-13',0,'2017-08-01',15),
(365,'INV-174-13',0,'2017-08-01',15),
(366,'INV-175-13',0,'2017-08-01',15),
(367,'INV-175-13',0,'2017-08-01',15),
(368,'INV-176-13',0,'2017-08-01',15),
(369,'INV-176-13',0,'2017-08-01',15),
(370,'INV-177-13',0,'2017-08-01',15),
(371,'INV-177-13',0,'2017-08-01',15),
(372,'INV-178-13',0,'2017-08-01',15),
(373,'INV-178-13',0,'2017-08-01',15),
(374,'INV-179-13',0,'2017-08-01',15),
(375,'INV-179-13',0,'2017-08-01',15),
(376,'INV-180-13',0,'2017-08-01',15),
(377,'INV-180-13',0,'2017-08-01',15),
(378,'INV-181-13',0,'2017-08-01',15),
(379,'INV-181-13',0,'2017-08-01',15),
(380,'INV-182-13',0,'2017-08-01',15),
(381,'INV-182-13',0,'2017-08-01',15),
(382,'INV-183-13',0,'2017-08-01',15),
(383,'INV-183-13',0,'2017-08-01',15),
(384,'INV-184-13',0,'2017-08-01',15),
(385,'INV-184-13',0,'2017-08-01',15),
(386,'INV-185-13',0,'2017-08-01',15),
(387,'INV-185-13',0,'2017-08-01',15),
(388,'INV-186-13',0,'2017-08-01',15),
(389,'INV-186-13',0,'2017-08-01',15),
(390,'INV-18-20',10,'2018-03-08',1),
(391,'INV-19-20',12,'2018-03-08',1),
(392,'INV-20-20',14,'2018-03-08',1),
(393,'INV-21-20',16,'2018-03-08',1),
(394,'INV-22-20',18,'2018-03-08',1),
(395,'INV-23-20',20,'2018-03-08',1),
(396,'INV-24-20',22,'2018-03-08',1),
(397,'INV-25-20',24,'2018-03-08',1),
(398,'INV-26-20',26,'2018-03-08',1),
(399,'INV-27-20',28,'2018-03-08',1),
(400,'INV-28-20',30,'2018-03-08',1),
(401,'INV-29-20',32,'2018-03-08',1),
(402,'INV-30-20',34,'2018-03-08',1),
(403,'INV-31-20',36,'2018-03-08',1),
(404,'INV-32-20',38,'2018-03-08',1),
(405,'INV-33-20',40,'2018-03-08',1),
(406,'INV-34-20',42,'2018-03-08',1),
(407,'INV-35-20',44,'2018-03-08',1),
(408,'INV-36-20',46,'2018-03-08',1),
(409,'INV-37-20',48,'2018-03-08',1),
(410,'INV-38-20',50,'2018-03-08',1),
(411,'INV-39-20',52,'2018-03-08',1),
(412,'INV-40-20',54,'2018-03-08',1),
(413,'INV-41-20',56,'2018-03-08',1),
(414,'INV-42-20',58,'2018-03-08',1),
(415,'INV-43-20',60,'2018-03-08',1),
(416,'INV-44-20',62,'2018-03-08',1),
(417,'INV-45-20',64,'2018-03-08',1),
(418,'INV-46-20',66,'2018-03-08',1),
(419,'INV-47-20',68,'2018-03-08',1),
(420,'INV-48-20',70,'2018-03-08',1),
(421,'INV-49-20',72,'2018-03-08',1),
(422,'INV-50-20',74,'2018-03-08',1),
(423,'INV-51-20',76,'2018-03-08',1),
(424,'INV-52-20',78,'2018-03-08',1),
(425,'INV-53-20',80,'2018-03-08',1),
(426,'INV-54-20',82,'2018-03-08',1),
(427,'INV-55-20',84,'2018-03-08',1),
(428,'INV-56-20',86,'2018-03-08',1),
(429,'INV-57-20',88,'2018-03-08',1),
(430,'INV-58-20',90,'2018-03-08',1),
(431,'INV-59-20',92,'2018-03-08',1),
(432,'INV-60-20',94,'2018-03-08',1),
(433,'INV-61-20',96,'2018-03-08',1),
(434,'INV-62-20',98,'2018-03-08',1),
(435,'INV-63-20',100,'2018-03-08',1),
(436,'INV-64-20',102,'2018-03-08',1),
(437,'INV-65-20',104,'2018-03-08',1),
(438,'INV-66-20',106,'2018-03-08',1),
(439,'INV-67-20',108,'2018-03-08',1),
(440,'INV-68-20',110,'2018-03-08',1),
(441,'INV-69-20',112,'2018-03-08',1),
(442,'INV-70-20',114,'2018-03-08',1),
(443,'INV-71-20',116,'2018-03-08',1),
(444,'INV-72-20',118,'2018-03-08',1),
(445,'INV-73-20',120,'2018-03-08',1),
(446,'INV-74-20',122,'2018-03-08',1),
(447,'INV-75-20',124,'2018-03-08',1),
(448,'INV-76-20',126,'2018-03-08',1),
(449,'INV-77-20',128,'2018-03-08',1),
(450,'INV-78-20',130,'2018-03-08',1),
(451,'INV-79-20',132,'2018-03-08',1),
(452,'INV-80-20',134,'2018-03-08',1),
(453,'INV-81-20',136,'2018-03-08',1),
(454,'INV-82-20',138,'2018-03-08',1),
(455,'INV-83-20',140,'2018-03-08',1),
(456,'INV-84-20',142,'2018-03-08',1),
(457,'INV-85-20',144,'2018-03-08',1),
(458,'INV-86-20',146,'2018-03-08',1),
(459,'INV-87-20',148,'2018-03-08',1),
(460,'INV-88-20',150,'2018-03-08',1),
(461,'INV-89-20',152,'2018-03-08',1),
(462,'INV-90-20',154,'2018-03-08',1),
(463,'INV-91-20',156,'2018-03-08',1),
(464,'INV-92-20',158,'2018-03-08',1),
(465,'INV-93-20',160,'2018-03-08',1),
(466,'INV-94-20',162,'2018-03-08',1),
(467,'INV-95-20',164,'2018-03-08',1),
(468,'INV-96-20',166,'2018-03-08',1),
(469,'INV-97-20',168,'2018-03-08',1),
(470,'INV-98-20',170,'2018-03-08',1),
(471,'INV-99-20',172,'2018-03-08',1),
(472,'INV-100-20',174,'2018-03-08',1),
(473,'INV-101-20',176,'2018-03-08',1),
(474,'INV-102-20',178,'2018-03-08',1),
(475,'INV-103-20',180,'2018-03-08',1),
(476,'INV-104-20',182,'2018-03-08',1),
(477,'INV-105-20',184,'2018-03-08',1),
(478,'INV-106-20',186,'2018-03-08',1),
(479,'INV-107-20',188,'2018-03-08',1),
(480,'INV-108-20',190,'2018-03-08',1),
(481,'INV-109-20',192,'2018-03-08',1),
(482,'INV-110-20',194,'2018-03-08',1),
(483,'INV-111-20',196,'2018-03-08',1),
(484,'INV-112-20',198,'2018-03-08',1),
(485,'INV-113-20',200,'2018-03-08',1),
(486,'INV-114-20',202,'2018-03-08',1),
(487,'INV-115-20',204,'2018-03-08',1),
(488,'INV-116-20',206,'2018-03-08',1),
(489,'INV-117-20',208,'2018-03-08',1),
(490,'INV-118-20',210,'2018-03-08',1),
(491,'INV-119-20',212,'2018-03-08',1),
(492,'INV-120-20',214,'2018-03-08',1),
(493,'INV-121-20',216,'2018-03-08',1),
(494,'INV-122-20',218,'2018-03-08',1),
(495,'INV-123-20',220,'2018-03-08',1),
(496,'INV-124-20',222,'2018-03-08',1),
(497,'INV-125-20',224,'2018-03-08',1),
(498,'INV-126-20',226,'2018-03-08',1),
(499,'INV-127-20',228,'2018-03-08',1),
(500,'INV-128-20',230,'2018-03-08',1),
(501,'INV-129-20',232,'2018-03-08',1),
(502,'INV-130-20',234,'2018-03-08',1),
(503,'INV-131-20',236,'2018-03-08',1),
(504,'INV-132-20',238,'2018-03-08',1),
(505,'INV-133-20',240,'2018-03-08',1),
(506,'INV-134-20',242,'2018-03-08',1),
(507,'INV-135-20',244,'2018-03-08',1),
(508,'INV-136-20',246,'2018-03-08',1),
(509,'INV-137-20',248,'2018-03-08',1),
(510,'INV-138-20',250,'2018-03-08',1),
(511,'INV-139-20',252,'2018-03-08',1),
(512,'INV-140-20',254,'2018-03-08',1),
(513,'INV-141-20',256,'2018-03-08',1),
(514,'INV-142-20',258,'2018-03-08',1),
(515,'INV-143-20',260,'2018-03-08',1),
(516,'INV-144-20',262,'2018-03-08',1),
(517,'INV-145-20',264,'2018-03-08',1),
(518,'INV-146-20',266,'2018-03-08',1),
(519,'INV-147-20',268,'2018-03-08',1),
(520,'INV-148-20',270,'2018-03-08',1),
(521,'INV-149-20',272,'2018-03-08',1),
(522,'INV-150-20',274,'2018-03-08',1),
(523,'INV-151-20',276,'2018-03-08',1),
(524,'INV-152-20',278,'2018-03-08',1),
(525,'INV-153-20',280,'2018-03-08',1),
(526,'INV-154-20',282,'2018-03-08',1),
(527,'INV-155-20',284,'2018-03-08',1),
(528,'INV-156-20',286,'2018-03-08',1),
(529,'INV-157-20',288,'2018-03-08',1),
(530,'INV-158-20',290,'2018-03-08',1),
(531,'INV-159-20',292,'2018-03-08',1),
(532,'INV-160-20',294,'2018-03-08',1),
(533,'INV-161-20',296,'2018-03-08',1),
(534,'INV-162-20',298,'2018-03-08',1),
(535,'INV-163-20',300,'2018-03-08',1),
(536,'INV-164-20',302,'2018-03-08',1),
(537,'INV-165-20',304,'2018-03-08',1),
(538,'INV-166-20',306,'2018-03-08',1),
(539,'INV-167-20',308,'2018-03-08',1),
(540,'INV-168-20',310,'2018-03-08',1),
(541,'INV-169-20',312,'2018-03-08',1),
(542,'INV-170-20',314,'2018-03-08',1),
(543,'INV-171-20',316,'2018-03-08',1),
(544,'INV-172-20',318,'2018-03-08',1),
(545,'INV-173-20',320,'2018-03-08',1),
(546,'INV-174-20',322,'2018-03-08',1),
(547,'INV-175-20',324,'2018-03-08',1),
(548,'INV-176-20',326,'2018-03-08',1),
(549,'INV-177-20',328,'2018-03-08',1),
(550,'INV-178-20',330,'2018-03-08',1),
(551,'INV-179-20',332,'2018-03-08',1),
(552,'INV-180-20',334,'2018-03-08',1),
(553,'INV-181-20',336,'2018-03-08',1),
(554,'INV-182-20',338,'2018-03-08',1),
(555,'INV-183-20',340,'2018-03-08',1),
(556,'INV-184-20',342,'2018-03-08',1),
(557,'INV-185-20',344,'2018-03-08',1),
(558,'INV-186-20',346,'2018-03-08',1),
(559,'INV-187-26',730,'2018-03-20',1),
(560,'INV-187-26',0,'2018-03-20',1),
(561,'INV-188-26',732,'2018-03-20',1),
(562,'INV-188-26',0,'2018-03-20',1),
(563,'INV-189-26',740,'2018-03-21',1),
(564,'INV-189-26',0,'2018-03-21',1),
(565,'INV-190-26',754,'2018-03-21',1),
(566,'INV-190-26',0,'2018-03-21',1),
(567,'INV-18-26',762,'2017-09-10',1),
(568,'INV-19-26',764,'2017-09-10',1),
(569,'INV-21-26',766,'2017-09-10',1),
(570,'INV-22-26',768,'2017-09-10',1),
(571,'INV-23-26',770,'2017-09-10',1),
(572,'INV-24-26',772,'2017-09-10',1),
(573,'INV-25-26',774,'2017-09-10',1),
(574,'INV-26-26',776,'2017-09-10',1),
(575,'INV-27-26',778,'2017-09-10',1),
(576,'INV-28-26',780,'2017-09-10',1),
(577,'INV-29-26',782,'2017-09-10',1),
(578,'INV-30-26',784,'2017-09-10',1),
(579,'INV-31-26',786,'2017-09-10',1),
(580,'INV-32-26',788,'2017-09-10',1),
(581,'INV-33-26',790,'2017-09-10',1),
(582,'INV-34-26',792,'2017-09-10',1),
(583,'INV-35-26',794,'2017-09-10',1),
(584,'INV-36-26',796,'2017-09-10',1),
(585,'INV-37-26',798,'2017-09-10',1),
(586,'INV-38-26',800,'2017-09-10',1),
(587,'INV-39-26',802,'2017-09-10',1),
(588,'INV-40-26',804,'2017-09-10',1),
(589,'INV-41-26',806,'2017-09-10',1),
(590,'INV-42-26',808,'2017-09-10',1),
(591,'INV-43-26',810,'2017-09-10',1),
(592,'INV-44-26',812,'2017-09-10',1),
(593,'INV-45-26',814,'2017-09-10',1),
(594,'INV-46-26',816,'2017-09-10',1),
(595,'INV-47-26',818,'2017-09-10',1),
(596,'INV-48-26',820,'2017-09-10',1),
(597,'INV-49-26',822,'2017-09-10',1),
(598,'INV-50-26',824,'2017-09-10',1),
(599,'INV-51-26',826,'2017-09-10',1),
(600,'INV-52-26',828,'2017-09-10',1),
(601,'INV-53-26',830,'2017-09-10',1),
(602,'INV-54-26',832,'2017-09-10',1),
(603,'INV-55-26',834,'2017-09-10',1),
(604,'INV-56-26',836,'2017-09-10',1),
(605,'INV-57-26',838,'2017-09-10',1),
(606,'INV-58-26',840,'2017-09-10',1),
(607,'INV-59-26',842,'2017-09-10',1),
(608,'INV-60-26',844,'2017-09-10',1),
(609,'INV-61-26',846,'2017-09-10',1),
(610,'INV-62-26',848,'2017-09-10',1),
(611,'INV-63-26',850,'2017-09-10',1),
(612,'INV-64-26',852,'2017-09-10',1),
(613,'INV-65-26',854,'2017-09-10',1),
(614,'INV-66-26',856,'2017-09-10',1),
(615,'INV-67-26',858,'2017-09-10',1),
(616,'INV-68-26',860,'2017-09-10',1),
(617,'INV-69-26',862,'2017-09-10',1),
(618,'INV-70-26',864,'2017-09-10',1),
(619,'INV-71-26',866,'2017-09-10',1),
(620,'INV-72-26',868,'2017-09-10',1),
(621,'INV-73-26',870,'2017-09-10',1),
(622,'INV-74-26',872,'2017-09-10',1),
(623,'INV-75-26',874,'2017-09-10',1),
(624,'INV-76-26',876,'2017-09-10',1),
(625,'INV-77-26',878,'2017-09-10',1),
(626,'INV-78-26',880,'2017-09-10',1),
(627,'INV-79-26',882,'2017-09-10',1),
(628,'INV-80-26',884,'2017-09-10',1),
(629,'INV-81-26',886,'2017-09-10',1),
(630,'INV-82-26',888,'2017-09-10',1),
(631,'INV-83-26',890,'2017-09-10',1),
(632,'INV-84-26',892,'2017-09-10',1),
(633,'INV-85-26',894,'2017-09-10',1),
(634,'INV-86-26',896,'2017-09-10',1),
(635,'INV-87-26',898,'2017-09-10',1),
(636,'INV-88-26',900,'2017-09-10',1),
(637,'INV-89-26',902,'2017-09-10',1),
(638,'INV-90-26',904,'2017-09-10',1),
(639,'INV-91-26',906,'2017-09-10',1),
(640,'INV-92-26',908,'2017-09-10',1),
(641,'INV-93-26',910,'2017-09-10',1),
(642,'INV-94-26',912,'2017-09-10',1),
(643,'INV-95-26',914,'2017-09-10',1),
(644,'INV-96-26',916,'2017-09-10',1),
(645,'INV-97-26',918,'2017-09-10',1),
(646,'INV-98-26',920,'2017-09-10',1),
(647,'INV-99-26',922,'2017-09-10',1),
(648,'INV-100-26',924,'2017-09-10',1),
(649,'INV-101-26',926,'2017-09-10',1),
(650,'INV-102-26',928,'2017-09-10',1),
(651,'INV-103-26',930,'2017-09-10',1),
(652,'INV-104-26',932,'2017-09-10',1),
(653,'INV-105-26',934,'2017-09-10',1),
(654,'INV-106-26',936,'2017-09-10',1),
(655,'INV-107-26',938,'2017-09-10',1),
(656,'INV-108-26',940,'2017-09-10',1),
(657,'INV-109-26',942,'2017-09-10',1),
(658,'INV-110-26',944,'2017-09-10',1),
(659,'INV-111-26',946,'2017-09-10',1),
(660,'INV-112-26',948,'2017-09-10',1),
(661,'INV-113-26',950,'2017-09-10',1),
(662,'INV-114-26',952,'2017-09-10',1),
(663,'INV-115-26',954,'2017-09-10',1),
(664,'INV-116-26',956,'2017-09-10',1),
(665,'INV-117-26',958,'2017-09-10',1),
(666,'INV-118-26',960,'2017-09-10',1),
(667,'INV-119-26',962,'2017-09-10',1),
(668,'INV-120-26',964,'2017-09-10',1),
(669,'INV-121-26',966,'2017-09-10',1),
(670,'INV-122-26',968,'2017-09-10',1),
(671,'INV-123-26',970,'2017-09-10',1),
(672,'INV-124-26',972,'2017-09-10',1),
(673,'INV-125-26',974,'2017-09-10',1),
(674,'INV-126-26',976,'2017-09-10',1),
(675,'INV-127-26',978,'2017-09-10',1),
(676,'INV-128-26',980,'2017-09-10',1),
(677,'INV-129-26',982,'2017-09-10',1),
(678,'INV-130-26',984,'2017-09-10',1),
(679,'INV-131-26',986,'2017-09-10',1),
(680,'INV-132-26',988,'2017-09-10',1),
(681,'INV-133-26',990,'2017-09-10',1),
(682,'INV-134-26',992,'2017-09-10',1),
(683,'INV-135-26',994,'2017-09-10',1),
(684,'INV-136-26',996,'2017-09-10',1),
(685,'INV-137-26',998,'2017-09-10',1),
(686,'INV-138-26',1000,'2017-09-10',1),
(687,'INV-139-26',1002,'2017-09-10',1),
(688,'INV-140-26',1004,'2017-09-10',1),
(689,'INV-141-26',1006,'2017-09-10',1),
(690,'INV-142-26',1008,'2017-09-10',1),
(691,'INV-143-26',1010,'2017-09-10',1),
(692,'INV-144-26',1012,'2017-09-10',1),
(693,'INV-145-26',1014,'2017-09-10',1),
(694,'INV-146-26',1016,'2017-09-10',1),
(695,'INV-147-26',1018,'2017-09-10',1),
(696,'INV-148-26',1020,'2017-09-10',1),
(697,'INV-149-26',1022,'2017-09-10',1),
(698,'INV-150-26',1024,'2017-09-10',1),
(699,'INV-151-26',1026,'2017-09-10',1),
(700,'INV-152-26',1028,'2017-09-10',1),
(701,'INV-153-26',1030,'2017-09-10',1),
(702,'INV-154-26',1032,'2017-09-10',1),
(703,'INV-155-26',1034,'2017-09-10',1),
(704,'INV-156-26',1036,'2017-09-10',1),
(705,'INV-157-26',1038,'2017-09-10',1),
(706,'INV-158-26',1040,'2017-09-10',1),
(707,'INV-159-26',1042,'2017-09-10',1),
(708,'INV-160-26',1044,'2017-09-10',1),
(709,'INV-161-26',1046,'2017-09-10',1),
(710,'INV-162-26',1048,'2017-09-10',1),
(711,'INV-163-26',1050,'2017-09-10',1),
(712,'INV-164-26',1052,'2017-09-10',1),
(713,'INV-165-26',1054,'2017-09-10',1),
(714,'INV-166-26',1056,'2017-09-10',1),
(715,'INV-167-26',1058,'2017-09-10',1),
(716,'INV-168-26',1060,'2017-09-10',1),
(717,'INV-169-26',1062,'2017-09-10',1),
(718,'INV-170-26',1064,'2017-09-10',1),
(719,'INV-171-26',1066,'2017-09-10',1),
(720,'INV-172-26',1068,'2017-09-10',1),
(721,'INV-173-26',1070,'2017-09-10',1),
(722,'INV-174-26',1072,'2017-09-10',1),
(723,'INV-175-26',1074,'2017-09-10',1),
(724,'INV-176-26',1076,'2017-09-10',1),
(725,'INV-177-26',1078,'2017-09-10',1),
(726,'INV-178-26',1080,'2017-09-10',1),
(727,'INV-179-26',1082,'2017-09-10',1),
(728,'INV-180-26',1084,'2017-09-10',1),
(729,'INV-181-26',1086,'2017-09-10',1),
(730,'INV-182-26',1088,'2017-09-10',1),
(731,'INV-183-26',1090,'2017-09-10',1),
(732,'INV-184-26',1092,'2017-09-10',1),
(733,'INV-185-26',1094,'2017-09-10',1),
(734,'INV-186-26',1096,'2017-09-10',1),
(735,'INV-187-26',1098,'2017-09-10',1),
(736,'INV-188-26',1100,'2017-09-10',1),
(737,'INV-189-26',1102,'2017-09-10',1),
(738,'INV-190-26',1104,'2017-09-10',1);

/*Table structure for table `re_occupancy_issue` */

DROP TABLE IF EXISTS `re_occupancy_issue`;

CREATE TABLE `re_occupancy_issue` (
  `id` int(11) NOT NULL AUTO_INCREMENT,
  `fk_occupancy_id` int(11) DEFAULT NULL,
  `fk_related_term` int(11) DEFAULT NULL,
  `issue_type` int(11) DEFAULT NULL,
  `title` varchar(200) DEFAULT NULL,
  `desc` text,
  `status_remarks` text,
  `_status` int(11) DEFAULT NULL,
  `date_created` datetime DEFAULT NULL,
  `created_by` int(11) DEFAULT NULL,
  `date_modified` datetime DEFAULT NULL,
  `modified_by` int(11) DEFAULT NULL,
  PRIMARY KEY (`id`),
  KEY `fk_occupancy_id` (`fk_occupancy_id`),
  KEY `fk_related_term` (`fk_related_term`),
  CONSTRAINT `re_occupancy_issue_ibfk_1` FOREIGN KEY (`fk_occupancy_id`) REFERENCES `re_occupancy` (`id`) ON DELETE NO ACTION ON UPDATE CASCADE,
  CONSTRAINT `re_occupancy_issue_ibfk_2` FOREIGN KEY (`fk_related_term`) REFERENCES `re_occupancy_term` (`id`) ON DELETE NO ACTION ON UPDATE CASCADE
) ENGINE=InnoDB DEFAULT CHARSET=latin1;

/*Data for the table `re_occupancy_issue` */

/*Table structure for table `re_occupancy_payments` */

DROP TABLE IF EXISTS `re_occupancy_payments`;

CREATE TABLE `re_occupancy_payments` (
  `id` int(11) NOT NULL AUTO_INCREMENT,
  `fk_occupancy_id` int(11) NOT NULL,
  `amount` float NOT NULL,
  `payment_date` date NOT NULL,
  `fk_receipt_id` int(11) NOT NULL,
  `payment_method` int(11) NOT NULL,
  `ref_no` varchar(50) DEFAULT NULL,
  `status` tinyint(1) NOT NULL,
  `created_by` int(11) DEFAULT NULL,
  `created_on` date DEFAULT NULL,
  `modified_by` int(11) DEFAULT NULL,
  `modified_on` date DEFAULT NULL,
  PRIMARY KEY (`id`),
  KEY `fk_occupancy_id` (`fk_occupancy_id`),
  KEY `fk_receipt_id` (`fk_receipt_id`),
  CONSTRAINT `re_occupancy_payments_ibfk_1` FOREIGN KEY (`fk_occupancy_id`) REFERENCES `re_occupancy` (`id`),
  CONSTRAINT `re_occupancy_payments_ibfk_2` FOREIGN KEY (`fk_receipt_id`) REFERENCES `re_receipt` (`id`)
) ENGINE=InnoDB AUTO_INCREMENT=25 DEFAULT CHARSET=utf8;

/*Data for the table `re_occupancy_payments` */

insert  into `re_occupancy_payments`(`id`,`fk_occupancy_id`,`amount`,`payment_date`,`fk_receipt_id`,`payment_method`,`ref_no`,`status`,`created_by`,`created_on`,`modified_by`,`modified_on`) values 
(6,18,7000,'2018-01-05',26,1,'',2,15,'2018-01-05',NULL,NULL),
(7,97,1100,'2017-08-04',27,1,'',2,15,'2017-08-04',NULL,NULL),
(8,30,1500,'2017-08-01',28,1,'',2,15,'2017-08-01',NULL,NULL),
(9,34,3000,'2017-08-01',29,1,'',2,15,'2017-08-01',NULL,NULL),
(10,18,15000,'2017-08-19',30,1,'0',2,15,'2017-08-19',NULL,NULL),
(11,20,7000,'2018-03-08',31,1,'',1,1,'2018-03-08',NULL,NULL),
(12,19,500,'2018-03-13',32,1,'',1,1,'2018-03-13',NULL,NULL),
(13,20,7000,'2018-03-19',33,1,'',1,1,'2018-03-19',NULL,NULL),
(14,19,500,'2018-03-19',34,1,'',1,1,'2018-03-19',NULL,NULL),
(15,21,5000,'2018-03-19',35,1,'',0,1,'2018-03-19',NULL,NULL),
(16,21,6000,'2018-03-19',36,1,'',0,1,'2018-03-19',NULL,NULL),
(17,21,500,'2018-03-19',37,1,'',0,1,'2018-03-19',NULL,NULL),
(18,21,5200,'2018-03-19',38,1,'',0,1,'2018-03-19',NULL,NULL),
(19,26,6000,'2018-03-21',39,1,'',1,1,'2018-03-21',NULL,NULL),
(20,189,20000,'2018-03-21',40,1,'',1,1,'2018-03-21',NULL,NULL),
(21,31,5000,'2018-03-24',41,1,'',0,1,'2018-03-24',NULL,NULL),
(22,19,3000,'2018-03-24',42,1,'',0,1,'2018-03-24',NULL,NULL),
(23,31,1500,'2018-03-28',46,1,'',1,1,'2018-03-28',NULL,NULL),
(24,31,3000,'2018-03-28',47,1,'',1,1,'2018-03-28',NULL,NULL);

/*Table structure for table `re_occupancy_payments_mapping` */

DROP TABLE IF EXISTS `re_occupancy_payments_mapping`;

CREATE TABLE `re_occupancy_payments_mapping` (
  `id` int(11) NOT NULL AUTO_INCREMENT,
  `fk_occupancy_payment` int(11) DEFAULT NULL,
  `fk_occupancy_rent` int(11) DEFAULT NULL,
  `amount` decimal(11,2) DEFAULT NULL,
  `type` varchar(200) DEFAULT NULL,
  PRIMARY KEY (`id`),
  KEY `fk_occupancy_payment` (`fk_occupancy_payment`),
  KEY `fk_occupancy_rent` (`fk_occupancy_rent`),
  CONSTRAINT `re_occupancy_payments_mapping_ibfk_1` FOREIGN KEY (`fk_occupancy_payment`) REFERENCES `re_occupancy_payments` (`id`) ON DELETE NO ACTION ON UPDATE CASCADE,
  CONSTRAINT `re_occupancy_payments_mapping_ibfk_2` FOREIGN KEY (`fk_occupancy_rent`) REFERENCES `re_occupancy_rent` (`id`) ON DELETE NO ACTION ON UPDATE CASCADE
) ENGINE=InnoDB AUTO_INCREMENT=48 DEFAULT CHARSET=utf8;

/*Data for the table `re_occupancy_payments_mapping` */

insert  into `re_occupancy_payments_mapping`(`id`,`fk_occupancy_payment`,`fk_occupancy_rent`,`amount`,`type`) values 
(11,14,139,7000.00,'complete'),
(12,14,138,7500.00,'complete'),
(13,15,142,7000.00,'complete'),
(14,15,143,7000.00,'complete'),
(17,11,351,7000.00,'complete'),
(18,12,521,200.00,'complete'),
(19,13,354,7000.00,'complete'),
(20,12,17,7000.00,'complete'),
(24,18,523,200.00,'complete'),
(25,18,522,5000.00,'complete'),
(26,19,29,2300.00,'complete'),
(27,19,28,2300.00,'complete'),
(28,20,528,10000.00,'complete'),
(29,20,529,10000.00,'complete'),
(34,19,521,200.00,'complete'),
(41,21,38,2300.00,'complete'),
(42,21,39,2300.00,'complete'),
(43,21,544,400.00,'partial'),
(44,23,544,1500.00,'partial'),
(45,24,365,2300.00,'complete'),
(46,24,704,200.00,'complete'),
(47,24,544,500.00,'partial');

/*Table structure for table `re_occupancy_rent` */

DROP TABLE IF EXISTS `re_occupancy_rent`;

CREATE TABLE `re_occupancy_rent` (
  `id` int(11) NOT NULL AUTO_INCREMENT,
  `fk_occupancy_id` int(11) DEFAULT NULL,
  `fk_term` int(11) DEFAULT NULL,
  `fk_source` int(11) DEFAULT NULL,
  `month` int(11) DEFAULT NULL,
  `year` int(11) DEFAULT NULL,
  `amount` float(11,2) DEFAULT NULL,
  `_status` int(11) DEFAULT '0',
  `date_created` datetime DEFAULT NULL,
  `created_by` int(11) DEFAULT NULL,
  `date_modified` datetime DEFAULT NULL,
  `modified_by` int(11) DEFAULT NULL,
  PRIMARY KEY (`id`),
  KEY `fk_occupancy_id` (`fk_occupancy_id`),
  KEY `fk_source` (`fk_source`),
  KEY `fk_term` (`fk_term`),
  CONSTRAINT `re_occupancy_rent_ibfk_1` FOREIGN KEY (`fk_occupancy_id`) REFERENCES `re_occupancy` (`id`) ON DELETE NO ACTION ON UPDATE CASCADE,
  CONSTRAINT `re_occupancy_rent_ibfk_2` FOREIGN KEY (`fk_source`) REFERENCES `re_source` (`id`) ON DELETE NO ACTION ON UPDATE CASCADE,
  CONSTRAINT `re_occupancy_rent_ibfk_3` FOREIGN KEY (`fk_term`) REFERENCES `re_term` (`id`) ON DELETE NO ACTION ON UPDATE CASCADE
) ENGINE=InnoDB AUTO_INCREMENT=706 DEFAULT CHARSET=latin1;

/*Data for the table `re_occupancy_rent` */

insert  into `re_occupancy_rent`(`id`,`fk_occupancy_id`,`fk_term`,`fk_source`,`month`,`year`,`amount`,`_status`,`date_created`,`created_by`,`date_modified`,`modified_by`) values 
(7,18,1,1,1,2018,7000.00,1,'2018-01-05 08:32:19',15,NULL,NULL),
(8,18,4,19,1,2018,7000.00,1,'2018-01-05 08:32:19',15,NULL,NULL),
(9,19,1,1,1,2018,7000.00,1,'2018-01-05 08:32:19',15,NULL,NULL),
(10,19,4,19,1,2018,7000.00,1,'2018-01-05 08:32:19',15,NULL,NULL),
(11,20,1,1,1,2018,7000.00,1,'2018-01-05 08:32:19',15,NULL,NULL),
(12,20,4,19,1,2018,7000.00,1,'2018-01-05 08:32:19',15,NULL,NULL),
(13,21,1,1,1,2018,7000.00,1,'2018-01-05 08:32:19',15,NULL,NULL),
(14,21,4,19,1,2018,7000.00,1,'2018-01-05 08:32:19',15,NULL,NULL),
(15,60,1,1,1,2018,1500.00,1,'2018-01-05 08:32:20',15,NULL,NULL),
(16,18,1,1,8,2017,7500.00,1,'2017-08-01 16:14:11',15,'2017-08-19 12:57:20',15),
(17,19,1,1,8,2017,7000.00,1,'2017-08-01 16:14:11',15,'2018-03-19 19:44:17',1),
(18,20,1,1,8,2017,7000.00,1,'2017-08-01 16:14:11',15,'2018-03-08 00:33:49',1),
(19,21,1,1,8,2017,7000.00,1,'2017-08-01 16:14:11',15,'2018-03-19 19:52:22',1),
(20,22,1,1,8,2017,2300.00,0,'2017-08-01 16:14:11',15,NULL,NULL),
(21,22,4,19,8,2017,2300.00,0,'2017-08-01 16:14:11',15,NULL,NULL),
(22,23,1,1,8,2017,2300.00,0,'2017-08-01 16:14:12',15,NULL,NULL),
(23,23,4,19,8,2017,2300.00,0,'2017-08-01 16:14:12',15,NULL,NULL),
(24,24,1,1,8,2017,2300.00,0,'2017-08-01 16:14:12',15,NULL,NULL),
(25,24,4,19,8,2017,2300.00,0,'2017-08-01 16:14:12',15,NULL,NULL),
(26,25,1,1,8,2017,2300.00,0,'2017-08-01 16:14:12',15,NULL,NULL),
(27,25,4,19,8,2017,2300.00,0,'2017-08-01 16:14:12',15,NULL,NULL),
(28,26,1,1,8,2017,2300.00,1,'2017-08-01 16:14:12',15,'2018-03-21 14:35:54',1),
(29,26,4,19,8,2017,2300.00,1,'2017-08-01 16:14:12',15,'2018-03-21 14:35:54',1),
(30,27,1,1,8,2017,2300.00,0,'2017-08-01 16:14:12',15,NULL,NULL),
(31,27,4,19,8,2017,2300.00,0,'2017-08-01 16:14:12',15,NULL,NULL),
(32,28,1,1,8,2017,2300.00,0,'2017-08-01 16:14:12',15,NULL,NULL),
(33,28,4,19,8,2017,2300.00,0,'2017-08-01 16:14:12',15,NULL,NULL),
(34,29,1,1,8,2017,2300.00,0,'2017-08-01 16:14:12',15,NULL,NULL),
(35,29,4,19,8,2017,2300.00,0,'2017-08-01 16:14:12',15,NULL,NULL),
(36,30,1,1,8,2017,2300.00,0,'2017-08-01 16:14:12',15,NULL,NULL),
(37,30,4,19,8,2017,2300.00,0,'2017-08-01 16:14:12',15,NULL,NULL),
(38,31,1,1,8,2017,2300.00,1,'2017-08-01 16:14:12',15,'2018-03-28 20:19:33',1),
(39,31,4,19,8,2017,2300.00,1,'2017-08-01 16:14:12',15,'2018-03-28 20:19:33',1),
(40,32,1,1,8,2017,2300.00,0,'2017-08-01 16:14:13',15,NULL,NULL),
(41,32,4,19,8,2017,2300.00,0,'2017-08-01 16:14:13',15,NULL,NULL),
(42,33,1,1,8,2017,1500.00,0,'2017-08-01 16:14:13',15,NULL,NULL),
(43,33,4,19,8,2017,1500.00,0,'2017-08-01 16:14:13',15,NULL,NULL),
(44,34,1,1,8,2017,1500.00,1,'2017-08-01 16:14:13',15,'2017-08-01 16:21:02',15),
(45,34,4,19,8,2017,1500.00,1,'2017-08-01 16:14:13',15,'2017-08-01 16:21:02',15),
(46,35,1,1,8,2017,1500.00,0,'2017-08-01 16:14:13',15,NULL,NULL),
(47,35,4,19,8,2017,1500.00,0,'2017-08-01 16:14:13',15,NULL,NULL),
(48,36,1,1,8,2017,700.00,0,'2017-08-01 16:14:13',15,NULL,NULL),
(49,36,4,19,8,2017,700.00,0,'2017-08-01 16:14:13',15,NULL,NULL),
(50,37,1,1,8,2017,700.00,0,'2017-08-01 16:14:13',15,NULL,NULL),
(51,37,4,19,8,2017,700.00,0,'2017-08-01 16:14:13',15,NULL,NULL),
(52,38,1,1,8,2017,700.00,0,'2017-08-01 16:14:13',15,NULL,NULL),
(53,38,4,19,8,2017,700.00,0,'2017-08-01 16:14:13',15,NULL,NULL),
(54,39,1,1,8,2017,700.00,0,'2017-08-01 16:14:13',15,NULL,NULL),
(55,39,4,19,8,2017,700.00,0,'2017-08-01 16:14:13',15,NULL,NULL),
(56,40,1,1,8,2017,700.00,0,'2017-08-01 16:14:13',15,NULL,NULL),
(57,40,4,19,8,2017,700.00,0,'2017-08-01 16:14:13',15,NULL,NULL),
(58,41,1,1,8,2017,700.00,0,'2017-08-01 16:14:14',15,NULL,NULL),
(59,41,4,19,8,2017,700.00,0,'2017-08-01 16:14:14',15,NULL,NULL),
(60,42,1,1,8,2017,1300.00,0,'2017-08-01 16:14:14',15,NULL,NULL),
(61,42,4,19,8,2017,1300.00,0,'2017-08-01 16:14:14',15,NULL,NULL),
(62,43,1,1,8,2017,1300.00,0,'2017-08-01 16:14:14',15,NULL,NULL),
(63,43,4,19,8,2017,1300.00,0,'2017-08-01 16:14:14',15,NULL,NULL),
(64,44,1,1,8,2017,1300.00,0,'2017-08-01 16:14:14',15,NULL,NULL),
(65,44,4,19,8,2017,1300.00,0,'2017-08-01 16:14:14',15,NULL,NULL),
(66,45,1,1,8,2017,1300.00,0,'2017-08-01 16:14:14',15,NULL,NULL),
(67,45,4,19,8,2017,1300.00,0,'2017-08-01 16:14:14',15,NULL,NULL),
(68,46,1,1,8,2017,1300.00,0,'2017-08-01 16:14:14',15,NULL,NULL),
(69,46,4,19,8,2017,1300.00,0,'2017-08-01 16:14:14',15,NULL,NULL),
(70,47,1,1,8,2017,1300.00,0,'2017-08-01 16:14:14',15,NULL,NULL),
(71,47,4,19,8,2017,1300.00,0,'2017-08-01 16:14:15',15,NULL,NULL),
(72,48,1,1,8,2017,1300.00,0,'2017-08-01 16:14:15',15,NULL,NULL),
(73,48,4,19,8,2017,1300.00,0,'2017-08-01 16:14:15',15,NULL,NULL),
(74,49,1,1,8,2017,1300.00,0,'2017-08-01 16:14:15',15,NULL,NULL),
(75,49,4,19,8,2017,1300.00,0,'2017-08-01 16:14:15',15,NULL,NULL),
(76,50,1,1,8,2017,1300.00,0,'2017-08-01 16:14:15',15,NULL,NULL),
(77,50,4,19,8,2017,1300.00,0,'2017-08-01 16:14:15',15,NULL,NULL),
(78,51,1,1,8,2017,1300.00,0,'2017-08-01 16:14:15',15,NULL,NULL),
(79,51,4,19,8,2017,1300.00,0,'2017-08-01 16:14:15',15,NULL,NULL),
(80,52,1,1,8,2017,1300.00,0,'2017-08-01 16:14:15',15,NULL,NULL),
(81,52,4,19,8,2017,1300.00,0,'2017-08-01 16:14:15',15,NULL,NULL),
(82,53,1,1,8,2017,1300.00,0,'2017-08-01 16:14:15',15,NULL,NULL),
(83,53,4,19,8,2017,1300.00,0,'2017-08-01 16:14:15',15,NULL,NULL),
(84,54,1,1,8,2017,2000.00,0,'2017-08-01 16:14:15',15,NULL,NULL),
(85,54,4,19,8,2017,2000.00,0,'2017-08-01 16:14:15',15,NULL,NULL),
(86,55,1,1,8,2017,2000.00,0,'2017-08-01 16:14:15',15,NULL,NULL),
(87,55,4,19,8,2017,2000.00,0,'2017-08-01 16:14:15',15,NULL,NULL),
(88,56,1,1,8,2017,2000.00,0,'2017-08-01 16:14:15',15,NULL,NULL),
(89,56,4,19,8,2017,2000.00,0,'2017-08-01 16:14:15',15,NULL,NULL),
(90,57,1,1,8,2017,2000.00,0,'2017-08-01 16:14:16',15,NULL,NULL),
(91,57,4,19,8,2017,2000.00,0,'2017-08-01 16:14:16',15,NULL,NULL),
(92,58,1,1,8,2017,2000.00,0,'2017-08-01 16:14:16',15,NULL,NULL),
(93,58,4,19,8,2017,2000.00,0,'2017-08-01 16:14:16',15,NULL,NULL),
(94,59,1,1,8,2017,2000.00,0,'2017-08-01 16:14:16',15,NULL,NULL),
(95,59,4,19,8,2017,2000.00,0,'2017-08-01 16:14:16',15,NULL,NULL),
(96,60,1,1,8,2017,1500.00,0,'2017-08-01 16:14:16',15,NULL,NULL),
(97,60,4,19,8,2017,3000.00,0,'2017-08-01 16:14:16',15,NULL,NULL),
(98,61,1,1,8,2017,5000.00,0,'2017-08-01 16:14:17',15,NULL,NULL),
(99,61,4,19,8,2017,5000.00,0,'2017-08-01 16:14:17',15,NULL,NULL),
(100,62,1,1,8,2017,1000.00,0,'2017-08-01 16:14:17',15,NULL,NULL),
(101,62,4,19,8,2017,1000.00,0,'2017-08-01 16:14:17',15,NULL,NULL),
(102,63,1,1,8,2017,1000.00,0,'2017-08-01 16:14:17',15,NULL,NULL),
(103,63,4,19,8,2017,1000.00,0,'2017-08-01 16:14:17',15,NULL,NULL),
(104,64,1,1,8,2017,1000.00,0,'2017-08-01 16:14:17',15,NULL,NULL),
(105,64,4,19,8,2017,1000.00,0,'2017-08-01 16:14:17',15,NULL,NULL),
(106,65,1,1,8,2017,1000.00,0,'2017-08-01 16:14:17',15,NULL,NULL),
(107,65,4,19,8,2017,1000.00,0,'2017-08-01 16:14:17',15,NULL,NULL),
(108,66,1,1,8,2017,1500.00,0,'2017-08-01 16:14:17',15,NULL,NULL),
(109,66,4,19,8,2017,1500.00,0,'2017-08-01 16:14:17',15,NULL,NULL),
(110,67,1,1,8,2017,1500.00,0,'2017-08-01 16:14:17',15,NULL,NULL),
(111,67,4,19,8,2017,1500.00,0,'2017-08-01 16:14:17',15,NULL,NULL),
(112,68,1,1,8,2017,1500.00,0,'2017-08-01 16:14:17',15,NULL,NULL),
(113,68,4,19,8,2017,1500.00,0,'2017-08-01 16:14:17',15,NULL,NULL),
(114,69,1,1,8,2017,1500.00,0,'2017-08-01 16:14:17',15,NULL,NULL),
(115,69,4,19,8,2017,1500.00,0,'2017-08-01 16:14:17',15,NULL,NULL),
(116,70,1,1,8,2017,1500.00,0,'2017-08-01 16:14:18',15,NULL,NULL),
(117,70,4,19,8,2017,1500.00,0,'2017-08-01 16:14:18',15,NULL,NULL),
(118,71,1,1,8,2017,1500.00,0,'2017-08-01 16:14:18',15,NULL,NULL),
(119,71,4,19,8,2017,1500.00,0,'2017-08-01 16:14:18',15,NULL,NULL),
(120,72,1,1,8,2017,1500.00,0,'2017-08-01 16:14:18',15,NULL,NULL),
(121,72,4,19,8,2017,1500.00,0,'2017-08-01 16:14:18',15,NULL,NULL),
(122,73,1,1,8,2017,1500.00,0,'2017-08-01 16:14:18',15,NULL,NULL),
(123,73,4,19,8,2017,1500.00,0,'2017-08-01 16:14:18',15,NULL,NULL),
(124,74,1,1,8,2017,1500.00,0,'2017-08-01 16:14:18',15,NULL,NULL),
(125,74,4,19,8,2017,1500.00,0,'2017-08-01 16:14:18',15,NULL,NULL),
(126,75,1,1,8,2017,1500.00,0,'2017-08-01 16:14:18',15,NULL,NULL),
(127,75,4,19,8,2017,1500.00,0,'2017-08-01 16:14:18',15,NULL,NULL),
(128,76,1,1,8,2017,1500.00,0,'2017-08-01 16:14:19',15,NULL,NULL),
(129,76,4,19,8,2017,1500.00,0,'2017-08-01 16:14:19',15,NULL,NULL),
(130,77,1,1,8,2017,2000.00,0,'2017-08-01 16:14:19',15,NULL,NULL),
(131,77,4,19,8,2017,2000.00,0,'2017-08-01 16:14:19',15,NULL,NULL),
(132,78,1,1,8,2017,2000.00,0,'2017-08-01 16:14:19',15,NULL,NULL),
(133,78,4,19,8,2017,2000.00,0,'2017-08-01 16:14:19',15,NULL,NULL),
(134,79,1,1,8,2017,2000.00,0,'2017-08-01 16:14:19',15,NULL,NULL),
(135,79,4,19,8,2017,2000.00,0,'2017-08-01 16:14:19',15,NULL,NULL),
(136,80,1,1,8,2017,2000.00,0,'2017-08-01 16:14:19',15,NULL,NULL),
(137,80,4,19,8,2017,2000.00,0,'2017-08-01 16:14:19',15,NULL,NULL),
(138,81,1,1,8,2017,2000.00,0,'2017-08-01 16:14:19',15,NULL,NULL),
(139,81,4,19,8,2017,2000.00,0,'2017-08-01 16:14:19',15,NULL,NULL),
(140,82,1,1,8,2017,2000.00,0,'2017-08-01 16:14:19',15,NULL,NULL),
(141,82,4,19,8,2017,2000.00,0,'2017-08-01 16:14:19',15,NULL,NULL),
(142,83,1,1,8,2017,2000.00,0,'2017-08-01 16:14:19',15,NULL,NULL),
(143,83,4,19,8,2017,2000.00,0,'2017-08-01 16:14:19',15,NULL,NULL),
(144,84,1,1,8,2017,2000.00,0,'2017-08-01 16:14:20',15,NULL,NULL),
(145,84,4,19,8,2017,2000.00,0,'2017-08-01 16:14:20',15,NULL,NULL),
(146,85,1,1,8,2017,2000.00,0,'2017-08-01 16:14:20',15,NULL,NULL),
(147,85,4,19,8,2017,2000.00,0,'2017-08-01 16:14:20',15,NULL,NULL),
(148,86,1,1,8,2017,2000.00,0,'2017-08-01 16:14:20',15,NULL,NULL),
(149,86,4,19,8,2017,2000.00,0,'2017-08-01 16:14:20',15,NULL,NULL),
(150,87,1,1,8,2017,2000.00,0,'2017-08-01 16:14:20',15,NULL,NULL),
(151,87,4,19,8,2017,2000.00,0,'2017-08-01 16:14:20',15,NULL,NULL),
(152,88,1,1,8,2017,1800.00,0,'2017-08-01 16:14:20',15,NULL,NULL),
(153,88,4,19,8,2017,1800.00,0,'2017-08-01 16:14:20',15,NULL,NULL),
(154,89,1,1,8,2017,1800.00,0,'2017-08-01 16:14:20',15,NULL,NULL),
(155,89,4,19,8,2017,1800.00,0,'2017-08-01 16:14:20',15,NULL,NULL),
(156,90,1,1,8,2017,1800.00,0,'2017-08-01 16:14:20',15,NULL,NULL),
(157,90,4,19,8,2017,1800.00,0,'2017-08-01 16:14:20',15,NULL,NULL),
(158,91,1,1,8,2017,1800.00,0,'2017-08-01 16:14:20',15,NULL,NULL),
(159,91,4,19,8,2017,1800.00,0,'2017-08-01 16:14:21',15,NULL,NULL),
(160,92,1,1,8,2017,1800.00,0,'2017-08-01 16:14:21',15,NULL,NULL),
(161,92,4,19,8,2017,1800.00,0,'2017-08-01 16:14:21',15,NULL,NULL),
(162,93,1,1,8,2017,1800.00,0,'2017-08-01 16:14:21',15,NULL,NULL),
(163,93,4,19,8,2017,1800.00,0,'2017-08-01 16:14:21',15,NULL,NULL),
(164,94,1,1,8,2017,1800.00,0,'2017-08-01 16:14:21',15,NULL,NULL),
(165,94,4,19,8,2017,1800.00,0,'2017-08-01 16:14:21',15,NULL,NULL),
(166,95,1,1,8,2017,1800.00,0,'2017-08-01 16:14:21',15,NULL,NULL),
(167,95,4,19,8,2017,1800.00,0,'2017-08-01 16:14:21',15,NULL,NULL),
(168,96,1,1,8,2017,1200.00,0,'2017-08-01 16:14:21',15,NULL,NULL),
(169,96,4,19,8,2017,1200.00,0,'2017-08-01 16:14:21',15,NULL,NULL),
(170,97,1,1,8,2017,1200.00,0,'2017-08-01 16:14:21',15,NULL,NULL),
(171,97,4,19,8,2017,1200.00,0,'2017-08-01 16:14:21',15,NULL,NULL),
(172,98,1,1,8,2017,1200.00,0,'2017-08-01 16:14:22',15,NULL,NULL),
(173,98,4,19,8,2017,1200.00,0,'2017-08-01 16:14:22',15,NULL,NULL),
(174,99,1,1,8,2017,1200.00,0,'2017-08-01 16:14:22',15,NULL,NULL),
(175,99,4,19,8,2017,1200.00,0,'2017-08-01 16:14:22',15,NULL,NULL),
(176,100,1,1,8,2017,1200.00,0,'2017-08-01 16:14:22',15,NULL,NULL),
(177,100,4,19,8,2017,1200.00,0,'2017-08-01 16:14:22',15,NULL,NULL),
(178,101,1,1,8,2017,1200.00,0,'2017-08-01 16:14:22',15,NULL,NULL),
(179,101,4,19,8,2017,1200.00,0,'2017-08-01 16:14:22',15,NULL,NULL),
(180,102,1,1,8,2017,1200.00,0,'2017-08-01 16:14:22',15,NULL,NULL),
(181,102,4,19,8,2017,1200.00,0,'2017-08-01 16:14:22',15,NULL,NULL),
(182,103,1,1,8,2017,1200.00,0,'2017-08-01 16:14:22',15,NULL,NULL),
(183,103,4,19,8,2017,1200.00,0,'2017-08-01 16:14:22',15,NULL,NULL),
(184,104,1,1,8,2017,1000.00,0,'2017-08-01 16:14:23',15,NULL,NULL),
(185,104,4,19,8,2017,1000.00,0,'2017-08-01 16:14:23',15,NULL,NULL),
(186,105,1,1,8,2017,1000.00,0,'2017-08-01 16:14:23',15,NULL,NULL),
(187,105,4,19,8,2017,1000.00,0,'2017-08-01 16:14:23',15,NULL,NULL),
(188,106,1,1,8,2017,1000.00,0,'2017-08-01 16:14:23',15,NULL,NULL),
(189,106,4,19,8,2017,1000.00,0,'2017-08-01 16:14:23',15,NULL,NULL),
(190,107,1,1,8,2017,800.00,0,'2017-08-01 16:14:23',15,NULL,NULL),
(191,107,4,19,8,2017,800.00,0,'2017-08-01 16:14:23',15,NULL,NULL),
(192,108,1,1,8,2017,800.00,0,'2017-08-01 16:14:23',15,NULL,NULL),
(193,108,4,19,8,2017,800.00,0,'2017-08-01 16:14:23',15,NULL,NULL),
(194,109,1,1,8,2017,800.00,0,'2017-08-01 16:14:23',15,NULL,NULL),
(195,109,4,19,8,2017,800.00,0,'2017-08-01 16:14:23',15,NULL,NULL),
(196,110,1,1,8,2017,800.00,0,'2017-08-01 16:14:23',15,NULL,NULL),
(197,110,4,19,8,2017,800.00,0,'2017-08-01 16:14:24',15,NULL,NULL),
(198,111,1,1,8,2017,800.00,0,'2017-08-01 16:14:24',15,NULL,NULL),
(199,111,4,19,8,2017,800.00,0,'2017-08-01 16:14:24',15,NULL,NULL),
(200,112,1,1,8,2017,800.00,0,'2017-08-01 16:14:24',15,NULL,NULL),
(201,112,4,19,8,2017,800.00,0,'2017-08-01 16:14:24',15,NULL,NULL),
(202,113,1,1,8,2017,1000.00,0,'2017-08-01 16:14:24',15,NULL,NULL),
(203,113,4,19,8,2017,1000.00,0,'2017-08-01 16:14:24',15,NULL,NULL),
(204,114,1,1,8,2017,1000.00,0,'2017-08-01 16:14:24',15,NULL,NULL),
(205,114,4,19,8,2017,1000.00,0,'2017-08-01 16:14:24',15,NULL,NULL),
(206,115,1,1,8,2017,1000.00,0,'2017-08-01 16:14:24',15,NULL,NULL),
(207,115,4,19,8,2017,1000.00,0,'2017-08-01 16:14:24',15,NULL,NULL),
(208,116,1,1,8,2017,2500.00,0,'2017-08-01 16:14:24',15,NULL,NULL),
(209,116,4,19,8,2017,2500.00,0,'2017-08-01 16:14:24',15,NULL,NULL),
(210,117,1,1,8,2017,2500.00,0,'2017-08-01 16:14:24',15,NULL,NULL),
(211,117,4,19,8,2017,2500.00,0,'2017-08-01 16:14:24',15,NULL,NULL),
(212,118,1,1,8,2017,2500.00,0,'2017-08-01 16:14:24',15,NULL,NULL),
(213,118,4,19,8,2017,2500.00,0,'2017-08-01 16:14:24',15,NULL,NULL),
(214,119,1,1,8,2017,2500.00,0,'2017-08-01 16:14:25',15,NULL,NULL),
(215,119,4,19,8,2017,2500.00,0,'2017-08-01 16:14:25',15,NULL,NULL),
(216,120,1,1,8,2017,1500.00,0,'2017-08-01 16:14:25',15,NULL,NULL),
(217,120,4,19,8,2017,1500.00,0,'2017-08-01 16:14:25',15,NULL,NULL),
(218,121,1,1,8,2017,1500.00,0,'2017-08-01 16:14:25',15,NULL,NULL),
(219,121,4,19,8,2017,1500.00,0,'2017-08-01 16:14:25',15,NULL,NULL),
(220,122,1,1,8,2017,1500.00,0,'2017-08-01 16:14:25',15,NULL,NULL),
(221,122,4,19,8,2017,1500.00,0,'2017-08-01 16:14:25',15,NULL,NULL),
(222,123,1,1,8,2017,1500.00,0,'2017-08-01 16:14:25',15,NULL,NULL),
(223,123,4,19,8,2017,1500.00,0,'2017-08-01 16:14:25',15,NULL,NULL),
(224,124,1,1,8,2017,1500.00,0,'2017-08-01 16:14:25',15,NULL,NULL),
(225,124,4,19,8,2017,1500.00,0,'2017-08-01 16:14:25',15,NULL,NULL),
(226,125,1,1,8,2017,1500.00,0,'2017-08-01 16:14:26',15,NULL,NULL),
(227,125,4,19,8,2017,1500.00,0,'2017-08-01 16:14:26',15,NULL,NULL),
(228,126,1,1,8,2017,1500.00,0,'2017-08-01 16:14:26',15,NULL,NULL),
(229,126,4,19,8,2017,1500.00,0,'2017-08-01 16:14:26',15,NULL,NULL),
(230,127,1,1,8,2017,2500.00,0,'2017-08-01 16:14:26',15,NULL,NULL),
(231,127,4,19,8,2017,2500.00,0,'2017-08-01 16:14:26',15,NULL,NULL),
(232,128,1,1,8,2017,2500.00,0,'2017-08-01 16:14:26',15,NULL,NULL),
(233,128,4,19,8,2017,2500.00,0,'2017-08-01 16:14:26',15,NULL,NULL),
(234,129,1,1,8,2017,2500.00,0,'2017-08-01 16:14:26',15,NULL,NULL),
(235,129,4,19,8,2017,2500.00,0,'2017-08-01 16:14:26',15,NULL,NULL),
(236,130,1,1,8,2017,2500.00,0,'2017-08-01 16:14:26',15,NULL,NULL),
(237,130,4,19,8,2017,2500.00,0,'2017-08-01 16:14:26',15,NULL,NULL),
(238,131,1,1,8,2017,2500.00,0,'2017-08-01 16:14:26',15,NULL,NULL),
(239,131,4,19,8,2017,2500.00,0,'2017-08-01 16:14:26',15,NULL,NULL),
(240,132,1,1,8,2017,2500.00,0,'2017-08-01 16:14:26',15,NULL,NULL),
(241,132,4,19,8,2017,2500.00,0,'2017-08-01 16:14:26',15,NULL,NULL),
(242,133,1,1,8,2017,2500.00,0,'2017-08-01 16:14:27',15,NULL,NULL),
(243,133,4,19,8,2017,2500.00,0,'2017-08-01 16:14:27',15,NULL,NULL),
(244,134,1,1,8,2017,2500.00,0,'2017-08-01 16:14:27',15,NULL,NULL),
(245,134,4,19,8,2017,2500.00,0,'2017-08-01 16:14:27',15,NULL,NULL),
(246,135,1,1,8,2017,2500.00,0,'2017-08-01 16:14:27',15,NULL,NULL),
(247,135,4,19,8,2017,2500.00,0,'2017-08-01 16:14:27',15,NULL,NULL),
(248,136,1,1,8,2017,1800.00,0,'2017-08-01 16:14:27',15,NULL,NULL),
(249,136,4,19,8,2017,1800.00,0,'2017-08-01 16:14:27',15,NULL,NULL),
(250,137,1,1,8,2017,1800.00,0,'2017-08-01 16:14:27',15,NULL,NULL),
(251,137,4,19,8,2017,1800.00,0,'2017-08-01 16:14:27',15,NULL,NULL),
(252,138,1,1,8,2017,1800.00,0,'2017-08-01 16:14:27',15,NULL,NULL),
(253,138,4,19,8,2017,1800.00,0,'2017-08-01 16:14:27',15,NULL,NULL),
(254,139,1,1,8,2017,1000.00,0,'2017-08-01 16:14:28',15,NULL,NULL),
(255,139,4,19,8,2017,1000.00,0,'2017-08-01 16:14:28',15,NULL,NULL),
(256,140,1,1,8,2017,1000.00,0,'2017-08-01 16:14:28',15,NULL,NULL),
(257,140,4,19,8,2017,1000.00,0,'2017-08-01 16:14:28',15,NULL,NULL),
(258,141,1,1,8,2017,1000.00,0,'2017-08-01 16:14:28',15,NULL,NULL),
(259,141,4,19,8,2017,1000.00,0,'2017-08-01 16:14:28',15,NULL,NULL),
(260,142,1,1,8,2017,1000.00,0,'2017-08-01 16:14:28',15,NULL,NULL),
(261,142,4,19,8,2017,1000.00,0,'2017-08-01 16:14:28',15,NULL,NULL),
(262,143,1,1,8,2017,1000.00,0,'2017-08-01 16:14:28',15,NULL,NULL),
(263,143,4,19,8,2017,1000.00,0,'2017-08-01 16:14:28',15,NULL,NULL),
(264,144,1,1,8,2017,1000.00,0,'2017-08-01 16:14:28',15,NULL,NULL),
(265,144,4,19,8,2017,1000.00,0,'2017-08-01 16:14:28',15,NULL,NULL),
(266,145,1,1,8,2017,1000.00,0,'2017-08-01 16:14:29',15,NULL,NULL),
(267,145,4,19,8,2017,1000.00,0,'2017-08-01 16:14:29',15,NULL,NULL),
(268,146,1,1,8,2017,1000.00,0,'2017-08-01 16:14:29',15,NULL,NULL),
(269,146,4,19,8,2017,1000.00,0,'2017-08-01 16:14:29',15,NULL,NULL),
(270,147,1,1,8,2017,1000.00,0,'2017-08-01 16:14:29',15,NULL,NULL),
(271,147,4,19,8,2017,1000.00,0,'2017-08-01 16:14:29',15,NULL,NULL),
(272,148,1,1,8,2017,1000.00,0,'2017-08-01 16:14:29',15,NULL,NULL),
(273,148,4,19,8,2017,1000.00,0,'2017-08-01 16:14:29',15,NULL,NULL),
(274,149,1,1,8,2017,1000.00,0,'2017-08-01 16:14:29',15,NULL,NULL),
(275,149,4,19,8,2017,1000.00,0,'2017-08-01 16:14:29',15,NULL,NULL),
(276,150,1,1,8,2017,1000.00,0,'2017-08-01 16:14:29',15,NULL,NULL),
(277,150,4,19,8,2017,1000.00,0,'2017-08-01 16:14:29',15,NULL,NULL),
(278,151,1,1,8,2017,1000.00,0,'2017-08-01 16:14:29',15,NULL,NULL),
(279,151,4,19,8,2017,1000.00,0,'2017-08-01 16:14:29',15,NULL,NULL),
(280,152,1,1,8,2017,3000.00,0,'2017-08-01 16:14:29',15,NULL,NULL),
(281,152,4,19,8,2017,3000.00,0,'2017-08-01 16:14:29',15,NULL,NULL),
(282,153,1,1,8,2017,2000.00,0,'2017-08-01 16:14:30',15,NULL,NULL),
(283,153,4,19,8,2017,2000.00,0,'2017-08-01 16:14:30',15,NULL,NULL),
(284,154,1,1,8,2017,2500.00,0,'2017-08-01 16:14:30',15,NULL,NULL),
(285,154,4,19,8,2017,2500.00,0,'2017-08-01 16:14:30',15,NULL,NULL),
(286,155,1,1,8,2017,2500.00,0,'2017-08-01 16:14:30',15,NULL,NULL),
(287,155,4,19,8,2017,2500.00,0,'2017-08-01 16:14:30',15,NULL,NULL),
(288,156,1,1,8,2017,2500.00,0,'2017-08-01 16:14:30',15,NULL,NULL),
(289,156,4,19,8,2017,2500.00,0,'2017-08-01 16:14:30',15,NULL,NULL),
(290,157,1,1,8,2017,2500.00,0,'2017-08-01 16:14:30',15,NULL,NULL),
(291,157,4,19,8,2017,2500.00,0,'2017-08-01 16:14:30',15,NULL,NULL),
(292,158,1,1,8,2017,2500.00,0,'2017-08-01 16:14:30',15,NULL,NULL),
(293,158,4,19,8,2017,2500.00,0,'2017-08-01 16:14:30',15,NULL,NULL),
(294,159,1,1,8,2017,2500.00,0,'2017-08-01 16:14:30',15,NULL,NULL),
(295,159,4,19,8,2017,2500.00,0,'2017-08-01 16:14:30',15,NULL,NULL),
(296,160,1,1,8,2017,2000.00,0,'2017-08-01 16:14:31',15,NULL,NULL),
(297,160,4,19,8,2017,2000.00,0,'2017-08-01 16:14:31',15,NULL,NULL),
(298,161,1,1,8,2017,2000.00,0,'2017-08-01 16:14:31',15,NULL,NULL),
(299,161,4,19,8,2017,2000.00,0,'2017-08-01 16:14:31',15,NULL,NULL),
(300,162,1,1,8,2017,2000.00,0,'2017-08-01 16:14:31',15,NULL,NULL),
(301,162,4,19,8,2017,2000.00,0,'2017-08-01 16:14:31',15,NULL,NULL),
(302,163,1,1,8,2017,2000.00,0,'2017-08-01 16:14:31',15,NULL,NULL),
(303,163,4,19,8,2017,2000.00,0,'2017-08-01 16:14:31',15,NULL,NULL),
(304,164,1,1,8,2017,2000.00,0,'2017-08-01 16:14:31',15,NULL,NULL),
(305,164,4,19,8,2017,2000.00,0,'2017-08-01 16:14:31',15,NULL,NULL),
(306,165,1,1,8,2017,2000.00,0,'2017-08-01 16:14:31',15,NULL,NULL),
(307,165,4,19,8,2017,2000.00,0,'2017-08-01 16:14:31',15,NULL,NULL),
(308,166,1,1,8,2017,2000.00,0,'2017-08-01 16:14:31',15,NULL,NULL),
(309,166,4,19,8,2017,2000.00,0,'2017-08-01 16:14:31',15,NULL,NULL),
(310,167,1,1,8,2017,8000.00,0,'2017-08-01 16:14:32',15,NULL,NULL),
(311,167,4,19,8,2017,8000.00,0,'2017-08-01 16:14:32',15,NULL,NULL),
(312,168,1,1,8,2017,1800.00,0,'2017-08-01 16:14:32',15,NULL,NULL),
(313,168,4,19,8,2017,1800.00,0,'2017-08-01 16:14:32',15,NULL,NULL),
(314,169,1,1,8,2017,2200.00,0,'2017-08-01 16:14:32',15,NULL,NULL),
(315,169,4,19,8,2017,2200.00,0,'2017-08-01 16:14:32',15,NULL,NULL),
(316,170,1,1,8,2017,2200.00,0,'2017-08-01 16:14:32',15,NULL,NULL),
(317,170,4,19,8,2017,2200.00,0,'2017-08-01 16:14:32',15,NULL,NULL),
(318,171,1,1,8,2017,2200.00,0,'2017-08-01 16:14:32',15,NULL,NULL),
(319,171,4,19,8,2017,2200.00,0,'2017-08-01 16:14:32',15,NULL,NULL),
(320,172,1,1,8,2017,2200.00,0,'2017-08-01 16:14:33',15,NULL,NULL),
(321,172,4,19,8,2017,2200.00,0,'2017-08-01 16:14:33',15,NULL,NULL),
(322,173,1,1,8,2017,2200.00,0,'2017-08-01 16:14:33',15,NULL,NULL),
(323,173,4,19,8,2017,2200.00,0,'2017-08-01 16:14:33',15,NULL,NULL),
(324,174,1,1,8,2017,2200.00,0,'2017-08-01 16:14:33',15,NULL,NULL),
(325,174,4,19,8,2017,2200.00,0,'2017-08-01 16:14:33',15,NULL,NULL),
(326,175,1,1,8,2017,2200.00,0,'2017-08-01 16:14:33',15,NULL,NULL),
(327,175,4,19,8,2017,2200.00,0,'2017-08-01 16:14:33',15,NULL,NULL),
(328,176,1,1,8,2017,2200.00,0,'2017-08-01 16:14:33',15,NULL,NULL),
(329,176,4,19,8,2017,2200.00,0,'2017-08-01 16:14:33',15,NULL,NULL),
(330,177,1,1,8,2017,2800.00,0,'2017-08-01 16:14:33',15,NULL,NULL),
(331,177,4,19,8,2017,2800.00,0,'2017-08-01 16:14:33',15,NULL,NULL),
(332,178,1,1,8,2017,2800.00,0,'2017-08-01 16:14:34',15,NULL,NULL),
(333,178,4,19,8,2017,2800.00,0,'2017-08-01 16:14:34',15,NULL,NULL),
(334,179,1,1,8,2017,2800.00,0,'2017-08-01 16:14:34',15,NULL,NULL),
(335,179,4,19,8,2017,2800.00,0,'2017-08-01 16:14:34',15,NULL,NULL),
(336,180,1,1,8,2017,2800.00,0,'2017-08-01 16:14:34',15,NULL,NULL),
(337,180,4,19,8,2017,2800.00,0,'2017-08-01 16:14:34',15,NULL,NULL),
(338,181,1,1,8,2017,2800.00,0,'2017-08-01 16:14:34',15,NULL,NULL),
(339,181,4,19,8,2017,2800.00,0,'2017-08-01 16:14:34',15,NULL,NULL),
(340,182,1,1,8,2017,2800.00,0,'2017-08-01 16:14:34',15,NULL,NULL),
(341,182,4,19,8,2017,2800.00,0,'2017-08-01 16:14:34',15,NULL,NULL),
(342,183,1,1,8,2017,2800.00,0,'2017-08-01 16:14:34',15,NULL,NULL),
(343,183,4,19,8,2017,2800.00,0,'2017-08-01 16:14:34',15,NULL,NULL),
(344,184,1,1,8,2017,2800.00,0,'2017-08-01 16:14:34',15,NULL,NULL),
(345,184,4,19,8,2017,2800.00,0,'2017-08-01 16:14:34',15,NULL,NULL),
(346,185,1,1,8,2017,2800.00,0,'2017-08-01 16:14:34',15,NULL,NULL),
(347,185,4,19,8,2017,2800.00,0,'2017-08-01 16:14:35',15,NULL,NULL),
(348,186,1,1,8,2017,2800.00,0,'2017-08-01 16:14:35',15,NULL,NULL),
(349,186,4,19,8,2017,2800.00,0,'2017-08-01 16:14:35',15,NULL,NULL),
(350,34,NULL,18,8,2017,1500.00,0,'2017-08-01 16:33:39',15,NULL,NULL),
(351,20,1,NULL,7,2017,7000.00,1,'2018-03-08 00:43:04',1,'2018-03-08 00:46:06',1),
(352,18,1,1,3,2018,7500.00,0,'2018-03-08 01:03:32',1,NULL,NULL),
(353,19,1,1,3,2018,7000.00,0,'2018-03-08 01:03:33',1,NULL,NULL),
(354,20,1,1,3,2018,7000.00,1,'2018-03-08 01:03:33',1,'2018-03-19 19:19:16',1),
(355,21,1,1,3,2018,7000.00,1,'2018-03-08 01:03:33',1,'2018-03-19 20:13:14',1),
(356,22,1,1,3,2018,2300.00,0,'2018-03-08 01:03:33',1,NULL,NULL),
(357,23,1,1,3,2018,2300.00,0,'2018-03-08 01:03:33',1,NULL,NULL),
(358,24,1,1,3,2018,2300.00,0,'2018-03-08 01:03:33',1,NULL,NULL),
(359,25,1,1,3,2018,2300.00,0,'2018-03-08 01:03:33',1,NULL,NULL),
(360,26,1,1,3,2018,2300.00,0,'2018-03-08 01:03:33',1,NULL,NULL),
(361,27,1,1,3,2018,2300.00,0,'2018-03-08 01:03:33',1,NULL,NULL),
(362,28,1,1,3,2018,2300.00,0,'2018-03-08 01:03:33',1,NULL,NULL),
(363,29,1,1,3,2018,2300.00,0,'2018-03-08 01:03:33',1,NULL,NULL),
(364,30,1,1,3,2018,2300.00,0,'2018-03-08 01:03:33',1,NULL,NULL),
(365,31,1,1,3,2018,2300.00,1,'2018-03-08 01:03:33',1,'2018-03-31 10:55:30',1),
(366,32,1,1,3,2018,2300.00,0,'2018-03-08 01:03:34',1,NULL,NULL),
(367,33,1,1,3,2018,1500.00,0,'2018-03-08 01:03:34',1,NULL,NULL),
(368,34,1,1,3,2018,1500.00,0,'2018-03-08 01:03:34',1,NULL,NULL),
(369,35,1,1,3,2018,1500.00,0,'2018-03-08 01:03:34',1,NULL,NULL),
(370,36,1,1,3,2018,700.00,0,'2018-03-08 01:03:34',1,NULL,NULL),
(371,37,1,1,3,2018,700.00,0,'2018-03-08 01:03:34',1,NULL,NULL),
(372,38,1,1,3,2018,700.00,0,'2018-03-08 01:03:34',1,NULL,NULL),
(373,39,1,1,3,2018,700.00,0,'2018-03-08 01:03:34',1,NULL,NULL),
(374,40,1,1,3,2018,700.00,0,'2018-03-08 01:03:34',1,NULL,NULL),
(375,41,1,1,3,2018,700.00,0,'2018-03-08 01:03:34',1,NULL,NULL),
(376,42,1,1,3,2018,1300.00,0,'2018-03-08 01:03:34',1,NULL,NULL),
(377,43,1,1,3,2018,1300.00,0,'2018-03-08 01:03:34',1,NULL,NULL),
(378,44,1,1,3,2018,1300.00,0,'2018-03-08 01:03:34',1,NULL,NULL),
(379,45,1,1,3,2018,1300.00,0,'2018-03-08 01:03:34',1,NULL,NULL),
(380,46,1,1,3,2018,1300.00,0,'2018-03-08 01:03:34',1,NULL,NULL),
(381,47,1,1,3,2018,1300.00,0,'2018-03-08 01:03:35',1,NULL,NULL),
(382,48,1,1,3,2018,1300.00,0,'2018-03-08 01:03:35',1,NULL,NULL),
(383,49,1,1,3,2018,1300.00,0,'2018-03-08 01:03:35',1,NULL,NULL),
(384,50,1,1,3,2018,1300.00,0,'2018-03-08 01:03:35',1,NULL,NULL),
(385,51,1,1,3,2018,1300.00,0,'2018-03-08 01:03:35',1,NULL,NULL),
(386,52,1,1,3,2018,1300.00,0,'2018-03-08 01:03:35',1,NULL,NULL),
(387,53,1,1,3,2018,1300.00,0,'2018-03-08 01:03:35',1,NULL,NULL),
(388,54,1,1,3,2018,2000.00,0,'2018-03-08 01:03:35',1,NULL,NULL),
(389,55,1,1,3,2018,2000.00,0,'2018-03-08 01:03:35',1,NULL,NULL),
(390,56,1,1,3,2018,2000.00,0,'2018-03-08 01:03:35',1,NULL,NULL),
(391,57,1,1,3,2018,2000.00,0,'2018-03-08 01:03:35',1,NULL,NULL),
(392,58,1,1,3,2018,2000.00,0,'2018-03-08 01:03:35',1,NULL,NULL),
(393,59,1,1,3,2018,2000.00,0,'2018-03-08 01:03:35',1,NULL,NULL),
(394,60,1,1,3,2018,1500.00,0,'2018-03-08 01:03:35',1,NULL,NULL),
(395,61,1,1,3,2018,5000.00,0,'2018-03-08 01:03:35',1,NULL,NULL),
(396,62,1,1,3,2018,1000.00,0,'2018-03-08 01:03:36',1,NULL,NULL),
(397,63,1,1,3,2018,1000.00,0,'2018-03-08 01:03:36',1,NULL,NULL),
(398,64,1,1,3,2018,1000.00,0,'2018-03-08 01:03:36',1,NULL,NULL),
(399,65,1,1,3,2018,1000.00,0,'2018-03-08 01:03:36',1,NULL,NULL),
(400,66,1,1,3,2018,1500.00,0,'2018-03-08 01:03:36',1,NULL,NULL),
(401,67,1,1,3,2018,1500.00,0,'2018-03-08 01:03:36',1,NULL,NULL),
(402,68,1,1,3,2018,1500.00,0,'2018-03-08 01:03:36',1,NULL,NULL),
(403,69,1,1,3,2018,1500.00,0,'2018-03-08 01:03:36',1,NULL,NULL),
(404,70,1,1,3,2018,1500.00,0,'2018-03-08 01:03:36',1,NULL,NULL),
(405,71,1,1,3,2018,1500.00,0,'2018-03-08 01:03:36',1,NULL,NULL),
(406,72,1,1,3,2018,1500.00,0,'2018-03-08 01:03:36',1,NULL,NULL),
(407,73,1,1,3,2018,1500.00,0,'2018-03-08 01:03:36',1,NULL,NULL),
(408,74,1,1,3,2018,1500.00,0,'2018-03-08 01:03:36',1,NULL,NULL),
(409,75,1,1,3,2018,1500.00,0,'2018-03-08 01:03:36',1,NULL,NULL),
(410,76,1,1,3,2018,1500.00,0,'2018-03-08 01:03:36',1,NULL,NULL),
(411,77,1,1,3,2018,2000.00,0,'2018-03-08 01:03:37',1,NULL,NULL),
(412,78,1,1,3,2018,2000.00,0,'2018-03-08 01:03:37',1,NULL,NULL),
(413,79,1,1,3,2018,2000.00,0,'2018-03-08 01:03:37',1,NULL,NULL),
(414,80,1,1,3,2018,2000.00,0,'2018-03-08 01:03:37',1,NULL,NULL),
(415,81,1,1,3,2018,2000.00,0,'2018-03-08 01:03:37',1,NULL,NULL),
(416,82,1,1,3,2018,2000.00,0,'2018-03-08 01:03:37',1,NULL,NULL),
(417,83,1,1,3,2018,2000.00,0,'2018-03-08 01:03:37',1,NULL,NULL),
(418,84,1,1,3,2018,2000.00,0,'2018-03-08 01:03:37',1,NULL,NULL),
(419,85,1,1,3,2018,2000.00,0,'2018-03-08 01:03:37',1,NULL,NULL),
(420,86,1,1,3,2018,2000.00,0,'2018-03-08 01:03:37',1,NULL,NULL),
(421,87,1,1,3,2018,2000.00,0,'2018-03-08 01:03:37',1,NULL,NULL),
(422,88,1,1,3,2018,1800.00,0,'2018-03-08 01:03:37',1,NULL,NULL),
(423,89,1,1,3,2018,1800.00,0,'2018-03-08 01:03:37',1,NULL,NULL),
(424,90,1,1,3,2018,1800.00,0,'2018-03-08 01:03:37',1,NULL,NULL),
(425,91,1,1,3,2018,1800.00,0,'2018-03-08 01:03:37',1,NULL,NULL),
(426,92,1,1,3,2018,1800.00,0,'2018-03-08 01:03:38',1,NULL,NULL),
(427,93,1,1,3,2018,1800.00,0,'2018-03-08 01:03:38',1,NULL,NULL),
(428,94,1,1,3,2018,1800.00,0,'2018-03-08 01:03:38',1,NULL,NULL),
(429,95,1,1,3,2018,1800.00,0,'2018-03-08 01:03:38',1,NULL,NULL),
(430,96,1,1,3,2018,1200.00,0,'2018-03-08 01:03:38',1,NULL,NULL),
(431,97,1,1,3,2018,1200.00,0,'2018-03-08 01:03:38',1,NULL,NULL),
(432,98,1,1,3,2018,1200.00,0,'2018-03-08 01:03:38',1,NULL,NULL),
(433,99,1,1,3,2018,1200.00,0,'2018-03-08 01:03:38',1,NULL,NULL),
(434,100,1,1,3,2018,1200.00,0,'2018-03-08 01:03:38',1,NULL,NULL),
(435,101,1,1,3,2018,1200.00,0,'2018-03-08 01:03:38',1,NULL,NULL),
(436,102,1,1,3,2018,1200.00,0,'2018-03-08 01:03:38',1,NULL,NULL),
(437,103,1,1,3,2018,1200.00,0,'2018-03-08 01:03:38',1,NULL,NULL),
(438,104,1,1,3,2018,1000.00,0,'2018-03-08 01:03:38',1,NULL,NULL),
(439,105,1,1,3,2018,1000.00,0,'2018-03-08 01:03:38',1,NULL,NULL),
(440,106,1,1,3,2018,1000.00,0,'2018-03-08 01:03:38',1,NULL,NULL),
(441,107,1,1,3,2018,800.00,0,'2018-03-08 01:03:39',1,NULL,NULL),
(442,108,1,1,3,2018,800.00,0,'2018-03-08 01:03:39',1,NULL,NULL),
(443,109,1,1,3,2018,800.00,0,'2018-03-08 01:03:39',1,NULL,NULL),
(444,110,1,1,3,2018,800.00,0,'2018-03-08 01:03:39',1,NULL,NULL),
(445,111,1,1,3,2018,800.00,0,'2018-03-08 01:03:39',1,NULL,NULL),
(446,112,1,1,3,2018,800.00,0,'2018-03-08 01:03:39',1,NULL,NULL),
(447,113,1,1,3,2018,1000.00,0,'2018-03-08 01:03:39',1,NULL,NULL),
(448,114,1,1,3,2018,1000.00,0,'2018-03-08 01:03:39',1,NULL,NULL),
(449,115,1,1,3,2018,1000.00,0,'2018-03-08 01:03:39',1,NULL,NULL),
(450,116,1,1,3,2018,2500.00,0,'2018-03-08 01:03:39',1,NULL,NULL),
(451,117,1,1,3,2018,2500.00,0,'2018-03-08 01:03:39',1,NULL,NULL),
(452,118,1,1,3,2018,2500.00,0,'2018-03-08 01:03:39',1,NULL,NULL),
(453,119,1,1,3,2018,2500.00,0,'2018-03-08 01:03:39',1,NULL,NULL),
(454,120,1,1,3,2018,1500.00,0,'2018-03-08 01:03:39',1,NULL,NULL),
(455,121,1,1,3,2018,1500.00,0,'2018-03-08 01:03:39',1,NULL,NULL),
(456,122,1,1,3,2018,1500.00,0,'2018-03-08 01:03:40',1,NULL,NULL),
(457,123,1,1,3,2018,1500.00,0,'2018-03-08 01:03:40',1,NULL,NULL),
(458,124,1,1,3,2018,1500.00,0,'2018-03-08 01:03:40',1,NULL,NULL),
(459,125,1,1,3,2018,1500.00,0,'2018-03-08 01:03:40',1,NULL,NULL),
(460,126,1,1,3,2018,1500.00,0,'2018-03-08 01:03:40',1,NULL,NULL),
(461,127,1,1,3,2018,2500.00,0,'2018-03-08 01:03:40',1,NULL,NULL),
(462,128,1,1,3,2018,2500.00,0,'2018-03-08 01:03:40',1,NULL,NULL),
(463,129,1,1,3,2018,2500.00,0,'2018-03-08 01:03:40',1,NULL,NULL),
(464,130,1,1,3,2018,2500.00,0,'2018-03-08 01:03:40',1,NULL,NULL),
(465,131,1,1,3,2018,2500.00,0,'2018-03-08 01:03:40',1,NULL,NULL),
(466,132,1,1,3,2018,2500.00,0,'2018-03-08 01:03:40',1,NULL,NULL),
(467,133,1,1,3,2018,2500.00,0,'2018-03-08 01:03:40',1,NULL,NULL),
(468,134,1,1,3,2018,2500.00,0,'2018-03-08 01:03:40',1,NULL,NULL),
(469,135,1,1,3,2018,2500.00,0,'2018-03-08 01:03:40',1,NULL,NULL),
(470,136,1,1,3,2018,1800.00,0,'2018-03-08 01:03:40',1,NULL,NULL),
(471,137,1,1,3,2018,1800.00,0,'2018-03-08 01:03:41',1,NULL,NULL),
(472,138,1,1,3,2018,1800.00,0,'2018-03-08 01:03:41',1,NULL,NULL),
(473,139,1,1,3,2018,1000.00,0,'2018-03-08 01:03:41',1,NULL,NULL),
(474,140,1,1,3,2018,1000.00,0,'2018-03-08 01:03:41',1,NULL,NULL),
(475,141,1,1,3,2018,1000.00,0,'2018-03-08 01:03:41',1,NULL,NULL),
(476,142,1,1,3,2018,1000.00,0,'2018-03-08 01:03:41',1,NULL,NULL),
(477,143,1,1,3,2018,1000.00,0,'2018-03-08 01:03:41',1,NULL,NULL),
(478,144,1,1,3,2018,1000.00,0,'2018-03-08 01:03:41',1,NULL,NULL),
(479,145,1,1,3,2018,1000.00,0,'2018-03-08 01:03:41',1,NULL,NULL),
(480,146,1,1,3,2018,1000.00,0,'2018-03-08 01:03:41',1,NULL,NULL),
(481,147,1,1,3,2018,1000.00,0,'2018-03-08 01:03:41',1,NULL,NULL),
(482,148,1,1,3,2018,1000.00,0,'2018-03-08 01:03:41',1,NULL,NULL),
(483,149,1,1,3,2018,1000.00,0,'2018-03-08 01:03:41',1,NULL,NULL),
(484,150,1,1,3,2018,1000.00,0,'2018-03-08 01:03:41',1,NULL,NULL),
(485,151,1,1,3,2018,1000.00,0,'2018-03-08 01:03:42',1,NULL,NULL),
(486,152,1,1,3,2018,3000.00,0,'2018-03-08 01:03:42',1,NULL,NULL),
(487,153,1,1,3,2018,2000.00,0,'2018-03-08 01:03:42',1,NULL,NULL),
(488,154,1,1,3,2018,2500.00,0,'2018-03-08 01:03:42',1,NULL,NULL),
(489,155,1,1,3,2018,2500.00,0,'2018-03-08 01:03:42',1,NULL,NULL),
(490,156,1,1,3,2018,2500.00,0,'2018-03-08 01:03:42',1,NULL,NULL),
(491,157,1,1,3,2018,2500.00,0,'2018-03-08 01:03:42',1,NULL,NULL),
(492,158,1,1,3,2018,2500.00,0,'2018-03-08 01:03:42',1,NULL,NULL),
(493,159,1,1,3,2018,2500.00,0,'2018-03-08 01:03:42',1,NULL,NULL),
(494,160,1,1,3,2018,2000.00,0,'2018-03-08 01:03:42',1,NULL,NULL),
(495,161,1,1,3,2018,2000.00,0,'2018-03-08 01:03:42',1,NULL,NULL),
(496,162,1,1,3,2018,2000.00,0,'2018-03-08 01:03:42',1,NULL,NULL),
(497,163,1,1,3,2018,2000.00,0,'2018-03-08 01:03:42',1,NULL,NULL),
(498,164,1,1,3,2018,2000.00,0,'2018-03-08 01:03:42',1,NULL,NULL),
(499,165,1,1,3,2018,2000.00,0,'2018-03-08 01:03:42',1,NULL,NULL),
(500,166,1,1,3,2018,2000.00,0,'2018-03-08 01:03:43',1,NULL,NULL),
(501,167,1,1,3,2018,8000.00,0,'2018-03-08 01:03:43',1,NULL,NULL),
(502,168,1,1,3,2018,1800.00,0,'2018-03-08 01:03:43',1,NULL,NULL),
(503,169,1,1,3,2018,2200.00,0,'2018-03-08 01:03:43',1,NULL,NULL),
(504,170,1,1,3,2018,2200.00,0,'2018-03-08 01:03:43',1,NULL,NULL),
(505,171,1,1,3,2018,2200.00,0,'2018-03-08 01:03:43',1,NULL,NULL),
(506,172,1,1,3,2018,2200.00,0,'2018-03-08 01:03:43',1,NULL,NULL),
(507,173,1,1,3,2018,2200.00,0,'2018-03-08 01:03:43',1,NULL,NULL),
(508,174,1,1,3,2018,2200.00,0,'2018-03-08 01:03:43',1,NULL,NULL),
(509,175,1,1,3,2018,2200.00,0,'2018-03-08 01:03:43',1,NULL,NULL),
(510,176,1,1,3,2018,2200.00,0,'2018-03-08 01:03:43',1,NULL,NULL),
(511,177,1,1,3,2018,2800.00,0,'2018-03-08 01:03:43',1,NULL,NULL),
(512,178,1,1,3,2018,2800.00,0,'2018-03-08 01:03:43',1,NULL,NULL),
(513,179,1,1,3,2018,2800.00,0,'2018-03-08 01:03:43',1,NULL,NULL),
(514,180,1,1,3,2018,2800.00,0,'2018-03-08 01:03:43',1,NULL,NULL),
(515,181,1,1,3,2018,2800.00,0,'2018-03-08 01:03:44',1,NULL,NULL),
(516,182,1,1,3,2018,2800.00,0,'2018-03-08 01:03:44',1,NULL,NULL),
(517,183,1,1,3,2018,2800.00,0,'2018-03-08 01:03:44',1,NULL,NULL),
(518,184,1,1,3,2018,2800.00,0,'2018-03-08 01:03:44',1,NULL,NULL),
(519,185,1,1,3,2018,2800.00,0,'2018-03-08 01:03:44',1,NULL,NULL),
(520,186,1,1,3,2018,2800.00,0,'2018-03-08 01:03:44',1,NULL,NULL),
(521,19,14,NULL,2,2018,200.00,0,'2018-03-13 16:43:02',1,'2018-03-13 16:44:53',1),
(522,21,16,NULL,3,2018,5000.00,1,'2018-03-19 20:14:34',1,'2018-03-19 20:45:23',1),
(523,21,14,NULL,3,2018,200.00,1,'2018-03-19 20:37:04',1,'2018-03-19 20:37:33',1),
(524,187,1,1,3,2018,7000.00,0,'2018-03-20 19:56:06',1,NULL,NULL),
(525,187,4,19,3,2018,7000.00,0,'2018-03-20 19:56:06',1,NULL,NULL),
(526,188,1,1,3,2018,2300.00,0,'2018-03-20 19:56:07',1,NULL,NULL),
(527,188,4,19,3,2018,2300.00,0,'2018-03-20 19:56:07',1,NULL,NULL),
(528,189,1,1,3,2018,10000.00,1,'2018-03-21 20:00:05',1,'2018-03-21 20:04:13',1),
(529,189,4,19,3,2018,10000.00,1,'2018-03-21 20:00:05',1,'2018-03-21 20:04:13',1),
(530,190,1,1,3,2018,2300.00,0,'2018-03-21 20:24:31',1,NULL,NULL),
(531,190,4,19,3,2018,2300.00,0,'2018-03-21 20:24:31',1,NULL,NULL),
(532,18,1,1,9,2017,7500.00,0,'2017-09-10 13:07:01',1,NULL,NULL),
(533,19,1,1,9,2017,7000.00,0,'2017-09-10 13:07:02',1,NULL,NULL),
(534,21,1,1,9,2017,7000.00,0,'2017-09-10 13:07:02',1,NULL,NULL),
(535,22,1,1,9,2017,2300.00,0,'2017-09-10 13:07:02',1,NULL,NULL),
(536,23,1,1,9,2017,2300.00,0,'2017-09-10 13:07:02',1,NULL,NULL),
(537,24,1,1,9,2017,2300.00,0,'2017-09-10 13:07:02',1,NULL,NULL),
(538,25,1,1,9,2017,2300.00,0,'2017-09-10 13:07:02',1,NULL,NULL),
(539,26,1,1,9,2017,2300.00,0,'2017-09-10 13:07:02',1,NULL,NULL),
(540,27,1,1,9,2017,2300.00,0,'2017-09-10 13:07:02',1,NULL,NULL),
(541,28,1,1,9,2017,2300.00,0,'2017-09-10 13:07:02',1,NULL,NULL),
(542,29,1,1,9,2017,2300.00,0,'2017-09-10 13:07:02',1,NULL,NULL),
(543,30,1,1,9,2017,2300.00,0,'2017-09-10 13:07:02',1,NULL,NULL),
(544,31,1,1,9,2017,2500.00,2,'2017-09-10 13:07:02',1,'2018-03-31 10:55:30',1),
(545,32,1,1,9,2017,2300.00,0,'2017-09-10 13:07:02',1,NULL,NULL),
(546,33,1,1,9,2017,1500.00,0,'2017-09-10 13:07:03',1,NULL,NULL),
(547,34,1,1,9,2017,1500.00,0,'2017-09-10 13:07:03',1,NULL,NULL),
(548,35,1,1,9,2017,1500.00,0,'2017-09-10 13:07:03',1,NULL,NULL),
(549,36,1,1,9,2017,700.00,0,'2017-09-10 13:07:03',1,NULL,NULL),
(550,37,1,1,9,2017,700.00,0,'2017-09-10 13:07:03',1,NULL,NULL),
(551,38,1,1,9,2017,700.00,0,'2017-09-10 13:07:03',1,NULL,NULL),
(552,39,1,1,9,2017,700.00,0,'2017-09-10 13:07:03',1,NULL,NULL),
(553,40,1,1,9,2017,700.00,0,'2017-09-10 13:07:03',1,NULL,NULL),
(554,41,1,1,9,2017,700.00,0,'2017-09-10 13:07:03',1,NULL,NULL),
(555,42,1,1,9,2017,1300.00,0,'2017-09-10 13:07:03',1,NULL,NULL),
(556,43,1,1,9,2017,1300.00,0,'2017-09-10 13:07:03',1,NULL,NULL),
(557,44,1,1,9,2017,1300.00,0,'2017-09-10 13:07:04',1,NULL,NULL),
(558,45,1,1,9,2017,1300.00,0,'2017-09-10 13:07:04',1,NULL,NULL),
(559,46,1,1,9,2017,1300.00,0,'2017-09-10 13:07:04',1,NULL,NULL),
(560,47,1,1,9,2017,1300.00,0,'2017-09-10 13:07:04',1,NULL,NULL),
(561,48,1,1,9,2017,1300.00,0,'2017-09-10 13:07:04',1,NULL,NULL),
(562,49,1,1,9,2017,1300.00,0,'2017-09-10 13:07:04',1,NULL,NULL),
(563,50,1,1,9,2017,1300.00,0,'2017-09-10 13:07:04',1,NULL,NULL),
(564,51,1,1,9,2017,1300.00,0,'2017-09-10 13:07:04',1,NULL,NULL),
(565,52,1,1,9,2017,1300.00,0,'2017-09-10 13:07:04',1,NULL,NULL),
(566,53,1,1,9,2017,1300.00,0,'2017-09-10 13:07:04',1,NULL,NULL),
(567,54,1,1,9,2017,2000.00,0,'2017-09-10 13:07:04',1,NULL,NULL),
(568,55,1,1,9,2017,2000.00,0,'2017-09-10 13:07:04',1,NULL,NULL),
(569,56,1,1,9,2017,2000.00,0,'2017-09-10 13:07:05',1,NULL,NULL),
(570,57,1,1,9,2017,2000.00,0,'2017-09-10 13:07:05',1,NULL,NULL),
(571,58,1,1,9,2017,2000.00,0,'2017-09-10 13:07:05',1,NULL,NULL),
(572,59,1,1,9,2017,2000.00,0,'2017-09-10 13:07:05',1,NULL,NULL),
(573,60,1,1,9,2017,1500.00,0,'2017-09-10 13:07:05',1,NULL,NULL),
(574,61,1,1,9,2017,5000.00,0,'2017-09-10 13:07:05',1,NULL,NULL),
(575,62,1,1,9,2017,1000.00,0,'2017-09-10 13:07:05',1,NULL,NULL),
(576,63,1,1,9,2017,1000.00,0,'2017-09-10 13:07:05',1,NULL,NULL),
(577,64,1,1,9,2017,1000.00,0,'2017-09-10 13:07:05',1,NULL,NULL),
(578,65,1,1,9,2017,1000.00,0,'2017-09-10 13:07:05',1,NULL,NULL),
(579,66,1,1,9,2017,1500.00,0,'2017-09-10 13:07:05',1,NULL,NULL),
(580,67,1,1,9,2017,1500.00,0,'2017-09-10 13:07:06',1,NULL,NULL),
(581,68,1,1,9,2017,1500.00,0,'2017-09-10 13:07:06',1,NULL,NULL),
(582,69,1,1,9,2017,1500.00,0,'2017-09-10 13:07:06',1,NULL,NULL),
(583,70,1,1,9,2017,1500.00,0,'2017-09-10 13:07:06',1,NULL,NULL),
(584,71,1,1,9,2017,1500.00,0,'2017-09-10 13:07:06',1,NULL,NULL),
(585,72,1,1,9,2017,1500.00,0,'2017-09-10 13:07:06',1,NULL,NULL),
(586,73,1,1,9,2017,1500.00,0,'2017-09-10 13:07:06',1,NULL,NULL),
(587,74,1,1,9,2017,1500.00,0,'2017-09-10 13:07:06',1,NULL,NULL),
(588,75,1,1,9,2017,1500.00,0,'2017-09-10 13:07:06',1,NULL,NULL),
(589,76,1,1,9,2017,1500.00,0,'2017-09-10 13:07:06',1,NULL,NULL),
(590,77,1,1,9,2017,2000.00,0,'2017-09-10 13:07:06',1,NULL,NULL),
(591,78,1,1,9,2017,2000.00,0,'2017-09-10 13:07:07',1,NULL,NULL),
(592,79,1,1,9,2017,2000.00,0,'2017-09-10 13:07:07',1,NULL,NULL),
(593,80,1,1,9,2017,2000.00,0,'2017-09-10 13:07:07',1,NULL,NULL),
(594,81,1,1,9,2017,2000.00,0,'2017-09-10 13:07:07',1,NULL,NULL),
(595,82,1,1,9,2017,2000.00,0,'2017-09-10 13:07:07',1,NULL,NULL),
(596,83,1,1,9,2017,2000.00,0,'2017-09-10 13:07:07',1,NULL,NULL),
(597,84,1,1,9,2017,2000.00,0,'2017-09-10 13:07:07',1,NULL,NULL),
(598,85,1,1,9,2017,2000.00,0,'2017-09-10 13:07:07',1,NULL,NULL),
(599,86,1,1,9,2017,2000.00,0,'2017-09-10 13:07:07',1,NULL,NULL),
(600,87,1,1,9,2017,2000.00,0,'2017-09-10 13:07:07',1,NULL,NULL),
(601,88,1,1,9,2017,1800.00,0,'2017-09-10 13:07:07',1,NULL,NULL),
(602,89,1,1,9,2017,1800.00,0,'2017-09-10 13:07:07',1,NULL,NULL),
(603,90,1,1,9,2017,1800.00,0,'2017-09-10 13:07:08',1,NULL,NULL),
(604,91,1,1,9,2017,1800.00,0,'2017-09-10 13:07:08',1,NULL,NULL),
(605,92,1,1,9,2017,1800.00,0,'2017-09-10 13:07:08',1,NULL,NULL),
(606,93,1,1,9,2017,1800.00,0,'2017-09-10 13:07:08',1,NULL,NULL),
(607,94,1,1,9,2017,1800.00,0,'2017-09-10 13:07:08',1,NULL,NULL),
(608,95,1,1,9,2017,1800.00,0,'2017-09-10 13:07:08',1,NULL,NULL),
(609,96,1,1,9,2017,1200.00,0,'2017-09-10 13:07:08',1,NULL,NULL),
(610,97,1,1,9,2017,1200.00,0,'2017-09-10 13:07:08',1,NULL,NULL),
(611,98,1,1,9,2017,1200.00,0,'2017-09-10 13:07:08',1,NULL,NULL),
(612,99,1,1,9,2017,1200.00,0,'2017-09-10 13:07:08',1,NULL,NULL),
(613,100,1,1,9,2017,1200.00,0,'2017-09-10 13:07:09',1,NULL,NULL),
(614,101,1,1,9,2017,1200.00,0,'2017-09-10 13:07:09',1,NULL,NULL),
(615,102,1,1,9,2017,1200.00,0,'2017-09-10 13:07:09',1,NULL,NULL),
(616,103,1,1,9,2017,1200.00,0,'2017-09-10 13:07:09',1,NULL,NULL),
(617,104,1,1,9,2017,1000.00,0,'2017-09-10 13:07:09',1,NULL,NULL),
(618,105,1,1,9,2017,1000.00,0,'2017-09-10 13:07:09',1,NULL,NULL),
(619,106,1,1,9,2017,1000.00,0,'2017-09-10 13:07:09',1,NULL,NULL),
(620,107,1,1,9,2017,800.00,0,'2017-09-10 13:07:09',1,NULL,NULL),
(621,108,1,1,9,2017,800.00,0,'2017-09-10 13:07:09',1,NULL,NULL),
(622,109,1,1,9,2017,800.00,0,'2017-09-10 13:07:09',1,NULL,NULL),
(623,110,1,1,9,2017,800.00,0,'2017-09-10 13:07:09',1,NULL,NULL),
(624,111,1,1,9,2017,800.00,0,'2017-09-10 13:07:10',1,NULL,NULL),
(625,112,1,1,9,2017,800.00,0,'2017-09-10 13:07:10',1,NULL,NULL),
(626,113,1,1,9,2017,1000.00,0,'2017-09-10 13:07:10',1,NULL,NULL),
(627,114,1,1,9,2017,1000.00,0,'2017-09-10 13:07:10',1,NULL,NULL),
(628,115,1,1,9,2017,1000.00,0,'2017-09-10 13:07:10',1,NULL,NULL),
(629,116,1,1,9,2017,2500.00,0,'2017-09-10 13:07:10',1,NULL,NULL),
(630,117,1,1,9,2017,2500.00,0,'2017-09-10 13:07:10',1,NULL,NULL),
(631,118,1,1,9,2017,2500.00,0,'2017-09-10 13:07:10',1,NULL,NULL),
(632,119,1,1,9,2017,2500.00,0,'2017-09-10 13:07:10',1,NULL,NULL),
(633,120,1,1,9,2017,1500.00,0,'2017-09-10 13:07:10',1,NULL,NULL),
(634,121,1,1,9,2017,1500.00,0,'2017-09-10 13:07:10',1,NULL,NULL),
(635,122,1,1,9,2017,1500.00,0,'2017-09-10 13:07:11',1,NULL,NULL),
(636,123,1,1,9,2017,1500.00,0,'2017-09-10 13:07:11',1,NULL,NULL),
(637,124,1,1,9,2017,1500.00,0,'2017-09-10 13:07:11',1,NULL,NULL),
(638,125,1,1,9,2017,1500.00,0,'2017-09-10 13:07:11',1,NULL,NULL),
(639,126,1,1,9,2017,1500.00,0,'2017-09-10 13:07:11',1,NULL,NULL),
(640,127,1,1,9,2017,2500.00,0,'2017-09-10 13:07:11',1,NULL,NULL),
(641,128,1,1,9,2017,2500.00,0,'2017-09-10 13:07:11',1,NULL,NULL),
(642,129,1,1,9,2017,2500.00,0,'2017-09-10 13:07:11',1,NULL,NULL),
(643,130,1,1,9,2017,2500.00,0,'2017-09-10 13:07:11',1,NULL,NULL),
(644,131,1,1,9,2017,2500.00,0,'2017-09-10 13:07:11',1,NULL,NULL),
(645,132,1,1,9,2017,2500.00,0,'2017-09-10 13:07:12',1,NULL,NULL),
(646,133,1,1,9,2017,2500.00,0,'2017-09-10 13:07:12',1,NULL,NULL),
(647,134,1,1,9,2017,2500.00,0,'2017-09-10 13:07:12',1,NULL,NULL),
(648,135,1,1,9,2017,2500.00,0,'2017-09-10 13:07:12',1,NULL,NULL),
(649,136,1,1,9,2017,1800.00,0,'2017-09-10 13:07:12',1,NULL,NULL),
(650,137,1,1,9,2017,1800.00,0,'2017-09-10 13:07:12',1,NULL,NULL),
(651,138,1,1,9,2017,1800.00,0,'2017-09-10 13:07:12',1,NULL,NULL),
(652,139,1,1,9,2017,1000.00,0,'2017-09-10 13:07:12',1,NULL,NULL),
(653,140,1,1,9,2017,1000.00,0,'2017-09-10 13:07:12',1,NULL,NULL),
(654,141,1,1,9,2017,1000.00,0,'2017-09-10 13:07:12',1,NULL,NULL),
(655,142,1,1,9,2017,1000.00,0,'2017-09-10 13:07:12',1,NULL,NULL),
(656,143,1,1,9,2017,1000.00,0,'2017-09-10 13:07:12',1,NULL,NULL),
(657,144,1,1,9,2017,1000.00,0,'2017-09-10 13:07:13',1,NULL,NULL),
(658,145,1,1,9,2017,1000.00,0,'2017-09-10 13:07:13',1,NULL,NULL),
(659,146,1,1,9,2017,1000.00,0,'2017-09-10 13:07:13',1,NULL,NULL),
(660,147,1,1,9,2017,1000.00,0,'2017-09-10 13:07:13',1,NULL,NULL),
(661,148,1,1,9,2017,1000.00,0,'2017-09-10 13:07:13',1,NULL,NULL),
(662,149,1,1,9,2017,1000.00,0,'2017-09-10 13:07:13',1,NULL,NULL),
(663,150,1,1,9,2017,1000.00,0,'2017-09-10 13:07:13',1,NULL,NULL),
(664,151,1,1,9,2017,1000.00,0,'2017-09-10 13:07:13',1,NULL,NULL),
(665,152,1,1,9,2017,3000.00,0,'2017-09-10 13:07:13',1,NULL,NULL),
(666,153,1,1,9,2017,2000.00,0,'2017-09-10 13:07:13',1,NULL,NULL),
(667,154,1,1,9,2017,2500.00,0,'2017-09-10 13:07:13',1,NULL,NULL),
(668,155,1,1,9,2017,2500.00,0,'2017-09-10 13:07:13',1,NULL,NULL),
(669,156,1,1,9,2017,2500.00,0,'2017-09-10 13:07:14',1,NULL,NULL),
(670,157,1,1,9,2017,2500.00,0,'2017-09-10 13:07:14',1,NULL,NULL),
(671,158,1,1,9,2017,2500.00,0,'2017-09-10 13:07:14',1,NULL,NULL),
(672,159,1,1,9,2017,2500.00,0,'2017-09-10 13:07:14',1,NULL,NULL),
(673,160,1,1,9,2017,2000.00,0,'2017-09-10 13:07:14',1,NULL,NULL),
(674,161,1,1,9,2017,2000.00,0,'2017-09-10 13:07:14',1,NULL,NULL),
(675,162,1,1,9,2017,2000.00,0,'2017-09-10 13:07:14',1,NULL,NULL),
(676,163,1,1,9,2017,2000.00,0,'2017-09-10 13:07:14',1,NULL,NULL),
(677,164,1,1,9,2017,2000.00,0,'2017-09-10 13:07:14',1,NULL,NULL),
(678,165,1,1,9,2017,2000.00,0,'2017-09-10 13:07:14',1,NULL,NULL),
(679,166,1,1,9,2017,2000.00,0,'2017-09-10 13:07:14',1,NULL,NULL),
(680,167,1,1,9,2017,8000.00,0,'2017-09-10 13:07:15',1,NULL,NULL),
(681,168,1,1,9,2017,1800.00,0,'2017-09-10 13:07:15',1,NULL,NULL),
(682,169,1,1,9,2017,2200.00,0,'2017-09-10 13:07:15',1,NULL,NULL),
(683,170,1,1,9,2017,2200.00,0,'2017-09-10 13:07:15',1,NULL,NULL),
(684,171,1,1,9,2017,2200.00,0,'2017-09-10 13:07:15',1,NULL,NULL),
(685,172,1,1,9,2017,2200.00,0,'2017-09-10 13:07:15',1,NULL,NULL),
(686,173,1,1,9,2017,2200.00,0,'2017-09-10 13:07:15',1,NULL,NULL),
(687,174,1,1,9,2017,2200.00,0,'2017-09-10 13:07:15',1,NULL,NULL),
(688,175,1,1,9,2017,2200.00,0,'2017-09-10 13:07:15',1,NULL,NULL),
(689,176,1,1,9,2017,2200.00,0,'2017-09-10 13:07:15',1,NULL,NULL),
(690,177,1,1,9,2017,2800.00,0,'2017-09-10 13:07:16',1,NULL,NULL),
(691,178,1,1,9,2017,2800.00,0,'2017-09-10 13:07:16',1,NULL,NULL),
(692,179,1,1,9,2017,2800.00,0,'2017-09-10 13:07:16',1,NULL,NULL),
(693,180,1,1,9,2017,2800.00,0,'2017-09-10 13:07:16',1,NULL,NULL),
(694,181,1,1,9,2017,2800.00,0,'2017-09-10 13:07:16',1,NULL,NULL),
(695,182,1,1,9,2017,2800.00,0,'2017-09-10 13:07:16',1,NULL,NULL),
(696,183,1,1,9,2017,2800.00,0,'2017-09-10 13:07:16',1,NULL,NULL),
(697,184,1,1,9,2017,2800.00,0,'2017-09-10 13:07:16',1,NULL,NULL),
(698,185,1,1,9,2017,2800.00,0,'2017-09-10 13:07:16',1,NULL,NULL),
(699,186,1,1,9,2017,2800.00,0,'2017-09-10 13:07:16',1,NULL,NULL),
(700,187,1,1,9,2017,7000.00,0,'2017-09-10 13:07:17',1,NULL,NULL),
(701,188,1,1,9,2017,2300.00,0,'2017-09-10 13:07:17',1,NULL,NULL),
(702,189,1,1,9,2017,10000.00,0,'2017-09-10 13:07:17',1,NULL,NULL),
(703,190,1,1,9,2017,2300.00,0,'2017-09-10 13:07:17',1,NULL,NULL),
(704,31,4,NULL,8,2017,200.00,1,'2017-09-10 13:14:25',1,'2018-03-31 10:55:30',1),
(705,19,1,NULL,3,2018,3000.00,0,'2018-03-24 14:15:39',1,NULL,NULL);

/*Table structure for table `re_occupancy_term` */

DROP TABLE IF EXISTS `re_occupancy_term`;

CREATE TABLE `re_occupancy_term` (
  `id` int(11) NOT NULL AUTO_INCREMENT,
  `fk_occupancy_id` int(11) DEFAULT NULL,
  `fk_property_term_id` int(11) DEFAULT NULL,
  `value` varchar(200) DEFAULT NULL,
  `term_date` date DEFAULT NULL,
  `date_signed` date DEFAULT NULL,
  `_status` int(11) DEFAULT NULL,
  `date_created` datetime DEFAULT NULL,
  `created_by` int(11) DEFAULT NULL,
  `date_modified` datetime DEFAULT NULL,
  `modified_by` int(11) DEFAULT NULL,
  PRIMARY KEY (`id`),
  KEY `fk_occupancy_id` (`fk_occupancy_id`),
  KEY `fk_property_term_id` (`fk_property_term_id`),
  CONSTRAINT `re_occupancy_term_ibfk_1` FOREIGN KEY (`fk_occupancy_id`) REFERENCES `re_occupancy` (`id`) ON DELETE NO ACTION ON UPDATE CASCADE,
  CONSTRAINT `re_occupancy_term_ibfk_2` FOREIGN KEY (`fk_property_term_id`) REFERENCES `re_property_term` (`id`) ON DELETE NO ACTION ON UPDATE CASCADE
) ENGINE=InnoDB AUTO_INCREMENT=5 DEFAULT CHARSET=latin1;

/*Data for the table `re_occupancy_term` */

insert  into `re_occupancy_term`(`id`,`fk_occupancy_id`,`fk_property_term_id`,`value`,`term_date`,`date_signed`,`_status`,`date_created`,`created_by`,`date_modified`,`modified_by`) values 
(1,18,14,'7500','2018-01-01','2018-01-01',1,NULL,NULL,NULL,NULL),
(2,18,15,'10','2018-01-01','2018-01-01',1,NULL,NULL,NULL,NULL),
(3,31,21,'2500','2018-03-01','2018-03-01',1,NULL,NULL,NULL,NULL),
(4,31,26,'500','2018-04-01','2018-04-01',1,NULL,NULL,NULL,NULL);

/*Table structure for table `re_preference` */

DROP TABLE IF EXISTS `re_preference`;

CREATE TABLE `re_preference` (
  `id` int(11) NOT NULL AUTO_INCREMENT,
  `fk_feature` int(11) DEFAULT NULL,
  `preference_title` varchar(200) DEFAULT NULL,
  `preference_desc` text,
  `_status` int(11) DEFAULT NULL,
  `date_created` datetime DEFAULT NULL,
  `created_by` int(11) DEFAULT NULL,
  `date_modified` datetime DEFAULT NULL,
  `modified_by` int(11) DEFAULT NULL,
  PRIMARY KEY (`id`),
  KEY `fk_feature` (`fk_feature`),
  CONSTRAINT `re_preference_ibfk_1` FOREIGN KEY (`fk_feature`) REFERENCES `re_feature` (`id`) ON DELETE NO ACTION ON UPDATE CASCADE
) ENGINE=InnoDB DEFAULT CHARSET=latin1;

/*Data for the table `re_preference` */

/*Table structure for table `re_property` */

DROP TABLE IF EXISTS `re_property`;

CREATE TABLE `re_property` (
  `id` int(11) NOT NULL AUTO_INCREMENT,
  `property_name` varchar(200) DEFAULT NULL,
  `property_desc` text,
  `fk_property_location` int(11) DEFAULT NULL,
  `property_type` int(11) DEFAULT NULL,
  `management_id` int(200) DEFAULT NULL,
  `owner_id` int(11) DEFAULT NULL,
  `property_video_url` text,
  `_status` int(11) DEFAULT NULL,
  `date_created` datetime DEFAULT NULL,
  `created_by` int(11) DEFAULT NULL,
  `date_modified` datetime DEFAULT NULL,
  `modified_by` int(11) DEFAULT NULL,
  PRIMARY KEY (`id`),
  KEY `management_id` (`management_id`),
  KEY `owner_id` (`owner_id`),
  KEY `property_location` (`fk_property_location`),
  CONSTRAINT `re_property_ibfk_1` FOREIGN KEY (`management_id`) REFERENCES `re_management` (`id`) ON DELETE NO ACTION ON UPDATE CASCADE,
  CONSTRAINT `re_property_ibfk_2` FOREIGN KEY (`owner_id`) REFERENCES `sys_users` (`id`) ON DELETE NO ACTION ON UPDATE CASCADE,
  CONSTRAINT `re_property_ibfk_3` FOREIGN KEY (`fk_property_location`) REFERENCES `re_estate` (`id`) ON DELETE NO ACTION ON UPDATE CASCADE
) ENGINE=InnoDB AUTO_INCREMENT=42 DEFAULT CHARSET=latin1;

/*Data for the table `re_property` */

insert  into `re_property`(`id`,`property_name`,`property_desc`,`fk_property_location`,`property_type`,`management_id`,`owner_id`,`property_video_url`,`_status`,`date_created`,`created_by`,`date_modified`,`modified_by`) values 
(10,'Maku Apartment','',4,4,2,16,NULL,1,NULL,NULL,NULL,NULL),
(11,'Kajole Apartments','',1,1,2,21,NULL,1,NULL,NULL,NULL,NULL),
(12,'Katiku Apartments','',5,1,2,33,NULL,1,NULL,NULL,NULL,NULL),
(13,'Fatuma Apartments','',5,1,2,37,NULL,1,NULL,NULL,NULL,NULL),
(14,'Goe Apartments','',5,1,2,44,NULL,1,NULL,NULL,NULL,NULL),
(15,'Alice Apartments','',5,1,2,57,NULL,1,NULL,NULL,NULL,NULL),
(16,'Kaingu Apartments','',5,1,2,64,NULL,1,NULL,NULL,NULL,NULL),
(17,'Rosemary Apartments','',5,3,2,66,NULL,1,NULL,NULL,NULL,NULL),
(18,'Patience Apartments','',5,1,2,68,NULL,1,NULL,NULL,NULL,NULL),
(19,'Elizabeth Apartmet','',5,1,2,73,NULL,1,NULL,NULL,NULL,NULL),
(20,'Kanyetta Apartment','',5,1,2,85,NULL,1,NULL,NULL,NULL,NULL),
(21,'Monicah Apartment','',5,1,2,98,NULL,1,NULL,NULL,NULL,NULL),
(22,'Jenni Apartments','',5,1,2,107,NULL,1,NULL,NULL,NULL,NULL),
(23,'Ester Apartment','',5,1,2,116,NULL,1,NULL,NULL,NULL,NULL),
(24,'Patience Apartments','',4,1,2,120,NULL,1,NULL,NULL,NULL,NULL),
(25,'Mercy Apartments','',5,1,2,127,NULL,1,NULL,NULL,NULL,NULL),
(26,'Omar Apartment','',5,1,2,132,NULL,1,NULL,NULL,NULL,NULL),
(27,'Changawa Apartments','',5,1,2,137,NULL,1,NULL,NULL,NULL,NULL),
(28,'Newton Apartment','',5,1,2,145,NULL,1,NULL,NULL,NULL,NULL),
(29,'Mary Apartments','',5,1,2,156,NULL,1,NULL,NULL,NULL,NULL),
(30,'Flo Apartment','',5,1,2,160,NULL,1,NULL,NULL,NULL,NULL),
(31,'Linah Apartments','',5,1,2,175,NULL,1,NULL,NULL,NULL,NULL),
(32,'Swaleh Apartment','',5,1,2,177,NULL,1,NULL,NULL,NULL,NULL),
(33,'Nasoro Apartments','',5,1,2,179,NULL,1,NULL,NULL,NULL,NULL),
(34,'Mundu Apartments','',5,1,2,186,NULL,1,NULL,NULL,NULL,NULL),
(35,'Loyce Apartment','',5,1,2,192,NULL,1,NULL,NULL,NULL,NULL),
(36,'Salama Apartment','',5,4,2,196,NULL,1,NULL,NULL,NULL,NULL),
(37,'Jimmy Apartment','',5,1,2,198,NULL,1,NULL,NULL,NULL,NULL),
(38,'lewa Apartment','',5,1,2,200,NULL,1,NULL,NULL,NULL,NULL),
(39,'Lenox appartments','stable',5,1,2,209,NULL,1,NULL,NULL,NULL,NULL),
(40,'Agnes apartment','',4,1,2,221,NULL,1,NULL,NULL,NULL,NULL),
(41,'Auma Homes','',4,4,2,227,NULL,1,NULL,NULL,NULL,NULL);

/*Table structure for table `re_property_area` */

DROP TABLE IF EXISTS `re_property_area`;

CREATE TABLE `re_property_area` (
  `id` int(11) NOT NULL AUTO_INCREMENT,
  `fk_property_id` int(11) DEFAULT NULL,
  `fk_sub_location_id` int(11) DEFAULT NULL,
  `area_desc` text,
  `area_name` varchar(200) DEFAULT NULL,
  `fk_estate_id` int(200) DEFAULT NULL,
  `_status` int(11) DEFAULT NULL,
  `date_created` datetime DEFAULT NULL,
  `created_by` int(11) DEFAULT NULL,
  `date_modified` datetime DEFAULT NULL,
  `modified_by` int(11) DEFAULT NULL,
  PRIMARY KEY (`id`),
  KEY `fk_property_id` (`fk_property_id`),
  KEY `fk_sub_location_id` (`fk_sub_location_id`),
  CONSTRAINT `re_property_area_ibfk_1` FOREIGN KEY (`fk_property_id`) REFERENCES `re_property` (`id`) ON DELETE NO ACTION ON UPDATE CASCADE,
  CONSTRAINT `re_property_area_ibfk_2` FOREIGN KEY (`fk_sub_location_id`) REFERENCES `re_sub_location` (`id`) ON DELETE NO ACTION ON UPDATE CASCADE
) ENGINE=InnoDB DEFAULT CHARSET=latin1;

/*Data for the table `re_property_area` */

/*Table structure for table `re_property_feature` */

DROP TABLE IF EXISTS `re_property_feature`;

CREATE TABLE `re_property_feature` (
  `id` int(11) NOT NULL AUTO_INCREMENT,
  `fk_feature` int(11) DEFAULT NULL,
  `fk_property_id` int(11) DEFAULT NULL,
  `fk_sublet_id` int(11) DEFAULT NULL,
  `feature_narration` text,
  `feature_video_url` text,
  `_status` int(11) DEFAULT NULL,
  `date_created` datetime DEFAULT NULL,
  `created_by` int(11) DEFAULT NULL,
  `date_modified` datetime DEFAULT NULL,
  `modified_by` int(11) DEFAULT NULL,
  PRIMARY KEY (`id`),
  KEY `fk_feature` (`fk_feature`),
  KEY `fk_property_id` (`fk_property_id`),
  KEY `fk_sublet_id` (`fk_sublet_id`),
  CONSTRAINT `re_property_feature_ibfk_1` FOREIGN KEY (`fk_feature`) REFERENCES `re_feature` (`id`) ON DELETE NO ACTION ON UPDATE CASCADE,
  CONSTRAINT `re_property_feature_ibfk_2` FOREIGN KEY (`fk_property_id`) REFERENCES `re_property` (`id`) ON DELETE NO ACTION ON UPDATE CASCADE,
  CONSTRAINT `re_property_feature_ibfk_3` FOREIGN KEY (`fk_sublet_id`) REFERENCES `re_property_sublet` (`id`) ON DELETE NO ACTION ON UPDATE CASCADE
) ENGINE=InnoDB AUTO_INCREMENT=12 DEFAULT CHARSET=latin1;

/*Data for the table `re_property_feature` */

insert  into `re_property_feature`(`id`,`fk_feature`,`fk_property_id`,`fk_sublet_id`,`feature_narration`,`feature_video_url`,`_status`,`date_created`,`created_by`,`date_modified`,`modified_by`) values 
(1,4,11,18,'Free',NULL,1,NULL,NULL,NULL,NULL),
(2,5,11,18,'',NULL,1,NULL,NULL,NULL,NULL),
(3,6,11,18,'',NULL,1,NULL,NULL,NULL,NULL),
(4,4,12,18,'',NULL,1,NULL,NULL,NULL,NULL),
(5,5,13,NULL,'',NULL,1,NULL,NULL,NULL,NULL),
(6,5,16,NULL,'',NULL,1,NULL,NULL,NULL,NULL),
(7,1,40,NULL,'',NULL,1,NULL,NULL,NULL,NULL),
(8,2,40,NULL,'',NULL,1,NULL,NULL,NULL,NULL),
(9,3,40,NULL,'',NULL,1,NULL,NULL,NULL,NULL),
(10,5,40,NULL,'',NULL,1,NULL,NULL,NULL,NULL),
(11,6,40,NULL,'',NULL,1,NULL,NULL,NULL,NULL);

/*Table structure for table `re_property_feature_image` */

DROP TABLE IF EXISTS `re_property_feature_image`;

CREATE TABLE `re_property_feature_image` (
  `id` int(11) NOT NULL AUTO_INCREMENT,
  `fk_property_feature_id` int(11) DEFAULT NULL,
  `image_name` text,
  `image_url` text,
  `image_title` varchar(200) DEFAULT NULL,
  `image_caption` text,
  `_status` int(11) DEFAULT NULL,
  `date_created` datetime DEFAULT NULL,
  `created_by` int(11) DEFAULT NULL,
  `date_modified` datetime DEFAULT NULL,
  `modified_by` int(11) DEFAULT NULL,
  PRIMARY KEY (`id`),
  KEY `fk_property_feature_id` (`fk_property_feature_id`),
  CONSTRAINT `re_property_feature_image_ibfk_1` FOREIGN KEY (`fk_property_feature_id`) REFERENCES `re_property_feature` (`id`) ON DELETE NO ACTION ON UPDATE CASCADE
) ENGINE=InnoDB DEFAULT CHARSET=latin1;

/*Data for the table `re_property_feature_image` */

/*Table structure for table `re_property_sublet` */

DROP TABLE IF EXISTS `re_property_sublet`;

CREATE TABLE `re_property_sublet` (
  `id` int(11) NOT NULL AUTO_INCREMENT,
  `fk_property_id` int(11) DEFAULT NULL,
  `sublet_name` varchar(200) DEFAULT NULL,
  `sublet_desc` text,
  `_status` int(11) DEFAULT NULL,
  `date_created` datetime DEFAULT NULL,
  `created_by` int(11) DEFAULT NULL,
  `date_modified` datetime DEFAULT NULL,
  `modified_by` int(11) DEFAULT NULL,
  PRIMARY KEY (`id`)
) ENGINE=InnoDB AUTO_INCREMENT=232 DEFAULT CHARSET=latin1;

/*Data for the table `re_property_sublet` */

insert  into `re_property_sublet`(`id`,`fk_property_id`,`sublet_name`,`sublet_desc`,`_status`,`date_created`,`created_by`,`date_modified`,`modified_by`) values 
(18,10,'Unit 1','',1,NULL,NULL,NULL,NULL),
(19,10,'Unit 2','',1,NULL,NULL,NULL,NULL),
(20,10,'Unit 3','',2,NULL,NULL,NULL,NULL),
(21,10,'Unit 4','',1,NULL,NULL,NULL,NULL),
(22,11,'Unit 1','',1,NULL,NULL,NULL,NULL),
(23,11,'Unit 2','',1,NULL,NULL,NULL,NULL),
(24,11,'Unit 3','',1,NULL,NULL,NULL,NULL),
(25,11,'Unit 4','',1,NULL,NULL,NULL,NULL),
(26,11,'Unit 5','',1,NULL,NULL,NULL,NULL),
(27,11,'Unit 6','',1,NULL,NULL,NULL,NULL),
(28,11,'Unit 7','',1,NULL,NULL,NULL,NULL),
(29,11,'Unit 8','',1,NULL,NULL,NULL,NULL),
(30,11,'Unit 9','',1,NULL,NULL,NULL,NULL),
(31,11,'Unit 10','',1,NULL,NULL,NULL,NULL),
(32,11,'Unit 11','',1,NULL,NULL,NULL,NULL),
(33,11,'Unit 12','',1,NULL,NULL,NULL,NULL),
(34,12,'Unit 1','',1,NULL,NULL,NULL,NULL),
(35,12,'Unit 2','',1,NULL,NULL,NULL,NULL),
(36,12,'Unit 3','',1,NULL,NULL,NULL,NULL),
(37,12,'Unit 4','',1,NULL,NULL,NULL,NULL),
(38,13,'Unit 2','',1,NULL,NULL,NULL,NULL),
(39,13,'Unit 3','',1,NULL,NULL,NULL,NULL),
(40,13,'Unit 1','',1,NULL,NULL,NULL,NULL),
(41,13,'Unit 4','',1,NULL,NULL,NULL,NULL),
(42,13,'Unit 5','',1,NULL,NULL,NULL,NULL),
(43,13,'Unit 6','',1,NULL,NULL,NULL,NULL),
(44,14,'Unit 1','',1,NULL,NULL,NULL,NULL),
(45,14,'Unit 2','',1,NULL,NULL,NULL,NULL),
(46,14,'Unit 3','',1,NULL,NULL,NULL,NULL),
(47,14,'Unit 6','',1,NULL,NULL,NULL,NULL),
(48,14,'Unit 4','',1,NULL,NULL,NULL,NULL),
(49,14,'Unit 5','',1,NULL,NULL,NULL,NULL),
(50,14,'Unit 7','',1,NULL,NULL,NULL,NULL),
(51,14,'Unit 10','',1,NULL,NULL,NULL,NULL),
(52,14,'Unit 11','',1,NULL,NULL,NULL,NULL),
(53,14,'Unit 12','',1,NULL,NULL,NULL,NULL),
(54,14,'Unit 8','',1,NULL,NULL,NULL,NULL),
(55,14,'Unit 9','',1,NULL,NULL,NULL,NULL),
(56,15,'Unit 1','',1,NULL,NULL,NULL,NULL),
(57,15,'Unit 2','',1,NULL,NULL,NULL,NULL),
(58,15,'Unit 3','',1,NULL,NULL,NULL,NULL),
(59,15,'Unit 4','',1,NULL,NULL,NULL,NULL),
(60,15,'Unit 5','',1,NULL,NULL,NULL,NULL),
(61,15,'Unit 6','',1,NULL,NULL,NULL,NULL),
(62,15,'Unit 7','',1,NULL,NULL,NULL,NULL),
(63,16,'Unit 1','',1,NULL,NULL,NULL,NULL),
(64,17,'Unit 1','',1,NULL,NULL,NULL,NULL),
(65,18,'Unit 1','',1,NULL,NULL,NULL,NULL),
(66,18,'Unit 2','',1,NULL,NULL,NULL,NULL),
(67,18,'Unit 3','',1,NULL,NULL,NULL,NULL),
(68,18,'Unit 4','',1,NULL,NULL,NULL,NULL),
(69,19,'Unit 1','',1,NULL,NULL,NULL,NULL),
(70,19,'Unit 2','',1,NULL,NULL,NULL,NULL),
(71,19,'Unit 3','',1,NULL,NULL,NULL,NULL),
(72,19,'Unit 4','',1,NULL,NULL,NULL,NULL),
(73,19,'Unit 5','',1,NULL,NULL,NULL,NULL),
(74,19,'Unit 6','',1,NULL,NULL,NULL,NULL),
(75,19,'unit','',1,NULL,NULL,NULL,NULL),
(76,19,'Unit 7','',1,NULL,NULL,NULL,NULL),
(77,19,'Unit 8','',1,NULL,NULL,NULL,NULL),
(78,19,'Unit 9','',1,NULL,NULL,NULL,NULL),
(79,19,'Unit 9','',1,NULL,NULL,NULL,NULL),
(80,19,'Unit 10','',1,NULL,NULL,NULL,NULL),
(81,19,'Unit 11','',1,NULL,NULL,NULL,NULL),
(82,19,'Unit 12','',1,NULL,NULL,NULL,NULL),
(83,20,'Unit 1','',1,NULL,NULL,NULL,NULL),
(84,20,'Unit 2','',1,NULL,NULL,NULL,NULL),
(85,20,'Unit 3','',1,NULL,NULL,NULL,NULL),
(86,20,'Unit 4','',1,NULL,NULL,NULL,NULL),
(87,20,'Unit 5','',1,NULL,NULL,NULL,NULL),
(88,20,'Unit 6','',1,NULL,NULL,NULL,NULL),
(89,20,'Unit 6','',1,NULL,NULL,NULL,NULL),
(90,20,'Unit 7','',1,NULL,NULL,NULL,NULL),
(91,20,'Unit 8','',1,NULL,NULL,NULL,NULL),
(92,20,'Unit 9','',1,NULL,NULL,NULL,NULL),
(93,20,'Unit 10','',1,NULL,NULL,NULL,NULL),
(94,20,'Unit 11','',1,NULL,NULL,NULL,NULL),
(95,20,'Unit 13','',1,NULL,NULL,NULL,NULL),
(96,20,'Unit 12','',1,NULL,NULL,NULL,NULL),
(97,21,'Unit 1','',1,NULL,NULL,NULL,NULL),
(98,21,'Unit 2','',1,NULL,NULL,NULL,NULL),
(99,21,'Unit 3','',1,NULL,NULL,NULL,NULL),
(100,21,'Unit 4','',1,NULL,NULL,NULL,NULL),
(101,21,'Unit 5','',1,NULL,NULL,NULL,NULL),
(102,21,'Unit 6','',1,NULL,NULL,NULL,NULL),
(103,21,'Unit 7','',1,NULL,NULL,NULL,NULL),
(104,21,'Unit 8','',1,NULL,NULL,NULL,NULL),
(105,21,'Unit 9','',1,NULL,NULL,NULL,NULL),
(106,22,'Unit 5','',1,NULL,NULL,NULL,NULL),
(107,22,'Unit 1','',1,NULL,NULL,NULL,NULL),
(108,22,'Unit 2','',1,NULL,NULL,NULL,NULL),
(109,22,'Unit 3','',1,NULL,NULL,NULL,NULL),
(110,22,'Unit 4','',1,NULL,NULL,NULL,NULL),
(111,22,'Unit 6','',1,NULL,NULL,NULL,NULL),
(112,22,'Unit 7','',1,NULL,NULL,NULL,NULL),
(113,22,'Unit 8','',1,NULL,NULL,NULL,NULL),
(114,22,'Unit 9','',1,NULL,NULL,NULL,NULL),
(115,22,'Unit 10','',1,NULL,NULL,NULL,NULL),
(116,22,'Unit 11','',1,NULL,NULL,NULL,NULL),
(117,23,'Unit 1','',1,NULL,NULL,NULL,NULL),
(118,23,'Unit 2','',1,NULL,NULL,NULL,NULL),
(119,23,'Unit 3','',1,NULL,NULL,NULL,NULL),
(120,24,'Unit 2','',1,NULL,NULL,NULL,NULL),
(121,24,'Unit 1','',1,NULL,NULL,NULL,NULL),
(122,24,'Unit 3','',1,NULL,NULL,NULL,NULL),
(123,24,'Unit 4','',1,NULL,NULL,NULL,NULL),
(124,24,'Unit 5','',1,NULL,NULL,NULL,NULL),
(125,24,'Unit 6','',1,NULL,NULL,NULL,NULL),
(126,25,'Unit 1','',1,NULL,NULL,NULL,NULL),
(127,25,'Unit 2','',1,NULL,NULL,NULL,NULL),
(128,25,'Unit 4','',1,NULL,NULL,NULL,NULL),
(129,25,'Unit 3','',1,NULL,NULL,NULL,NULL),
(130,26,'Unit 1','',1,NULL,NULL,NULL,NULL),
(131,26,'Unit 3','',1,NULL,NULL,NULL,NULL),
(132,26,'Unit 2','',1,NULL,NULL,NULL,NULL),
(133,26,'Unit 4','',1,NULL,NULL,NULL,NULL),
(134,26,'Unit 5','',1,NULL,NULL,NULL,NULL),
(135,26,'Unit 6','',1,NULL,NULL,NULL,NULL),
(136,26,'Unit 7','',1,NULL,NULL,NULL,NULL),
(137,27,'Unit 1','',1,NULL,NULL,NULL,NULL),
(138,27,'Unit 2','',1,NULL,NULL,NULL,NULL),
(139,27,'Unit 3','',1,NULL,NULL,NULL,NULL),
(140,27,'Unit 4','',1,NULL,NULL,NULL,NULL),
(141,27,'Unit 5','',1,NULL,NULL,NULL,NULL),
(142,27,'Unit 6','',1,NULL,NULL,NULL,NULL),
(143,27,'Unit 7','',1,NULL,NULL,NULL,NULL),
(144,27,'Unit 8','',1,NULL,NULL,NULL,NULL),
(145,28,'Unit 1','',NULL,NULL,NULL,NULL,NULL),
(146,28,'Unit 2','',NULL,NULL,NULL,NULL,NULL),
(147,28,'Unit 3','',NULL,NULL,NULL,NULL,NULL),
(148,28,'Unit 4','',NULL,NULL,NULL,NULL,NULL),
(149,28,'Unit 5','',NULL,NULL,NULL,NULL,NULL),
(150,28,'Unit 6','',NULL,NULL,NULL,NULL,NULL),
(151,28,'Unit 7','',NULL,NULL,NULL,NULL,NULL),
(152,28,'Unit 8','',NULL,NULL,NULL,NULL,NULL),
(153,28,'Unit 9','',NULL,NULL,NULL,NULL,NULL),
(154,28,'Unit 10','',NULL,NULL,NULL,NULL,NULL),
(155,28,'Unit 10','',NULL,NULL,NULL,NULL,NULL),
(156,28,'Unit 12','',NULL,NULL,NULL,NULL,NULL),
(157,29,'Unit 1','',1,NULL,NULL,NULL,NULL),
(158,29,'Unit 2','',1,NULL,NULL,NULL,NULL),
(159,29,'Unit 3','',1,NULL,NULL,NULL,NULL),
(160,30,'Unit 1','',1,NULL,NULL,NULL,NULL),
(161,30,'Unit 2','',1,NULL,NULL,NULL,NULL),
(162,30,'Unit 3','',1,NULL,NULL,NULL,NULL),
(163,30,'Unit 4','',1,NULL,NULL,NULL,NULL),
(164,30,'Unit 5','',1,NULL,NULL,NULL,NULL),
(165,30,'Unit 6','',1,NULL,NULL,NULL,NULL),
(166,30,'Unit 7','',1,NULL,NULL,NULL,NULL),
(167,30,'Unit 8','',1,NULL,NULL,NULL,NULL),
(168,30,'Unit 9','',1,NULL,NULL,NULL,NULL),
(169,30,'Unit 10','',1,NULL,NULL,NULL,NULL),
(170,30,'Unit 11','',1,NULL,NULL,NULL,NULL),
(171,30,'Unit 13','',1,NULL,NULL,NULL,NULL),
(172,30,'Unit 12','',1,NULL,NULL,NULL,NULL),
(173,31,'Unit 1','',NULL,NULL,NULL,NULL,NULL),
(174,31,'ANNE','',NULL,NULL,NULL,NULL,NULL),
(175,32,'Unit 1','',NULL,NULL,NULL,NULL,NULL),
(176,33,'Unit 1','',1,NULL,NULL,NULL,NULL),
(177,33,'Unit 2','',1,NULL,NULL,NULL,NULL),
(178,33,'Unit 3','',1,NULL,NULL,NULL,NULL),
(179,33,'Unit 4','',1,NULL,NULL,NULL,NULL),
(180,33,'Unit 5','',1,NULL,NULL,NULL,NULL),
(181,33,'Unit 6','',1,NULL,NULL,NULL,NULL),
(182,33,'Unit 7','',1,NULL,NULL,NULL,NULL),
(183,33,'Unit 8','',1,NULL,NULL,NULL,NULL),
(184,33,'Unit 8','',1,NULL,NULL,NULL,NULL),
(185,33,'Unit 9','',1,NULL,NULL,NULL,NULL),
(186,34,'Unit 1','',1,NULL,NULL,NULL,NULL),
(187,34,'Unit 2','',1,NULL,NULL,NULL,NULL),
(188,34,'Unit 3','',1,NULL,NULL,NULL,NULL),
(189,34,'Unit 4','',1,NULL,NULL,NULL,NULL),
(190,34,'Unit 5','',1,NULL,NULL,NULL,NULL),
(191,34,'Unit 6','',1,NULL,NULL,NULL,NULL),
(192,34,'Unit 7','',1,NULL,NULL,NULL,NULL),
(193,34,'Unit 8','',1,NULL,NULL,NULL,NULL),
(194,35,'Unit 2','',1,NULL,NULL,NULL,NULL),
(195,35,'Unit 2','',1,NULL,NULL,NULL,NULL),
(196,35,'Unit 5','',1,NULL,NULL,NULL,NULL),
(197,35,'Unit 3','',1,NULL,NULL,NULL,NULL),
(198,35,'Unit 1','',1,NULL,NULL,NULL,NULL),
(199,35,'Unit 4','',1,NULL,NULL,NULL,NULL),
(200,36,'Unit 1','',1,NULL,NULL,NULL,NULL),
(201,37,'Unit 1','',1,NULL,NULL,NULL,NULL),
(202,38,'Unit 1','',1,NULL,NULL,NULL,NULL),
(203,38,'Unit 2','',1,NULL,NULL,NULL,NULL),
(204,38,'Unit 3','',1,NULL,NULL,NULL,NULL),
(205,38,'Unit 4','',1,NULL,NULL,NULL,NULL),
(206,38,'Unit 5','',1,NULL,NULL,NULL,NULL),
(207,38,'Unit 6','',1,NULL,NULL,NULL,NULL),
(208,38,'Unit 8','',1,NULL,NULL,NULL,NULL),
(209,38,'Unit 9','',1,NULL,NULL,NULL,NULL),
(210,38,'Unit 7','',1,NULL,NULL,NULL,NULL),
(211,39,'Unit 1','',1,NULL,NULL,NULL,NULL),
(212,39,'Unit 2','',1,NULL,NULL,NULL,NULL),
(213,39,'Unit 3','',1,NULL,NULL,NULL,NULL),
(214,39,'Unit 4','',1,NULL,NULL,NULL,NULL),
(215,39,'Unit 5','',1,NULL,NULL,NULL,NULL),
(216,39,'Unit 6','',1,NULL,NULL,NULL,NULL),
(217,39,'Unit 7','',1,NULL,NULL,NULL,NULL),
(218,39,'Unit 8','',1,NULL,NULL,NULL,NULL),
(219,39,'Unit 9','',1,NULL,NULL,NULL,NULL),
(220,39,'Unit 10','',1,NULL,NULL,NULL,NULL),
(221,39,'Unit 11','',1,NULL,NULL,NULL,NULL),
(222,39,'Unit 12','',1,NULL,NULL,NULL,NULL),
(223,40,'Unit 1','',1,NULL,NULL,NULL,NULL),
(224,40,'Unit 2','',1,NULL,NULL,NULL,NULL),
(225,40,'Unit 3','',1,NULL,NULL,NULL,NULL),
(226,40,'Unit 4','',1,NULL,NULL,NULL,NULL),
(227,40,'Unit 5','',1,NULL,NULL,NULL,NULL),
(228,40,'Unit 6','',1,NULL,NULL,NULL,NULL),
(229,41,'Unit 1','',1,NULL,NULL,NULL,NULL),
(230,41,'Unit 2','',1,NULL,NULL,NULL,NULL),
(231,11,'unit 13','',1,NULL,NULL,NULL,NULL);

/*Table structure for table `re_property_term` */

DROP TABLE IF EXISTS `re_property_term`;

CREATE TABLE `re_property_term` (
  `id` int(11) NOT NULL AUTO_INCREMENT,
  `fk_property_id` int(11) DEFAULT NULL,
  `fk_term_id` int(11) DEFAULT NULL,
  `term_title` varchar(200) DEFAULT NULL,
  `term_value` varchar(200) DEFAULT NULL,
  `term_narration` text,
  `action_handler` varchar(200) DEFAULT NULL,
  `_status` int(11) DEFAULT NULL,
  `date_created` datetime DEFAULT NULL,
  `created_by` int(11) DEFAULT NULL,
  `date_modified` datetime DEFAULT NULL,
  `modified_by` int(11) DEFAULT NULL,
  PRIMARY KEY (`id`),
  KEY `fk_property_id` (`fk_property_id`),
  KEY `fk_term_id` (`fk_term_id`),
  CONSTRAINT `re_property_term_ibfk_1` FOREIGN KEY (`fk_property_id`) REFERENCES `re_property` (`id`) ON DELETE NO ACTION ON UPDATE CASCADE,
  CONSTRAINT `re_property_term_ibfk_2` FOREIGN KEY (`fk_term_id`) REFERENCES `re_term` (`id`) ON DELETE NO ACTION ON UPDATE CASCADE
) ENGINE=InnoDB AUTO_INCREMENT=269 DEFAULT CHARSET=latin1;

/*Data for the table `re_property_term` */

insert  into `re_property_term`(`id`,`fk_property_id`,`fk_term_id`,`term_title`,`term_value`,`term_narration`,`action_handler`,`_status`,`date_created`,`created_by`,`date_modified`,`modified_by`) values 
(14,10,1,'rent','7000','',NULL,1,NULL,NULL,NULL,NULL),
(15,10,2,'Date rent due','1','',NULL,1,NULL,NULL,NULL,NULL),
(16,10,11,'Penalty','20','',NULL,1,NULL,NULL,NULL,NULL),
(17,16,1,'rent','1500','',NULL,1,NULL,NULL,NULL,NULL),
(18,10,10,'Penalty date','7','',NULL,1,NULL,NULL,NULL,NULL),
(19,10,4,'deposit','7000','',NULL,1,NULL,NULL,NULL,NULL),
(20,10,14,'Visit','200','',NULL,1,NULL,NULL,NULL,NULL),
(21,11,1,'rent','2300','',NULL,1,NULL,NULL,NULL,NULL),
(22,11,2,'Date rent due','1','',NULL,1,NULL,NULL,NULL,NULL),
(23,11,11,'Penalty','20','',NULL,1,NULL,NULL,NULL,NULL),
(24,11,10,'Penalty date','7','',NULL,1,NULL,NULL,NULL,NULL),
(25,11,4,'deposit','2300','',NULL,1,NULL,NULL,NULL,NULL),
(26,11,14,'Visit','200','',NULL,1,NULL,NULL,NULL,NULL),
(27,12,1,'rent','1500','',NULL,1,NULL,NULL,NULL,NULL),
(28,12,2,'Date rent due','1','',NULL,1,NULL,NULL,NULL,NULL),
(29,12,11,'Penalty','20','',NULL,1,NULL,NULL,NULL,NULL),
(30,12,10,'Penalty date','7','',NULL,1,NULL,NULL,NULL,NULL),
(31,12,4,'deposit','1500','',NULL,1,NULL,NULL,NULL,NULL),
(32,12,14,'Visit','200','',NULL,1,NULL,NULL,NULL,NULL),
(33,13,1,'rent','700','',NULL,1,NULL,NULL,NULL,NULL),
(34,13,2,'Date rent due','1','',NULL,1,NULL,NULL,NULL,NULL),
(35,13,11,'Penalty','20','',NULL,1,NULL,NULL,NULL,NULL),
(36,13,10,'Penalty','7','',NULL,1,NULL,NULL,NULL,NULL),
(37,13,4,'deposit','700','',NULL,1,NULL,NULL,NULL,NULL),
(38,13,14,'Visit','200','',NULL,1,NULL,NULL,NULL,NULL),
(39,13,16,'agent','700','',NULL,1,NULL,NULL,NULL,NULL),
(40,12,16,'agent','1500','',NULL,1,NULL,NULL,NULL,NULL),
(41,11,16,'agent','2300','',NULL,1,NULL,NULL,NULL,NULL),
(42,10,16,'agent','7000','',NULL,1,NULL,NULL,NULL,NULL),
(43,14,1,'rent','1300','',NULL,1,NULL,NULL,NULL,NULL),
(44,14,2,'Date rent due','1','',NULL,1,NULL,NULL,NULL,NULL),
(45,14,11,'Penalty','20','',NULL,1,NULL,NULL,NULL,NULL),
(46,14,10,'Penalty date','7','',NULL,1,NULL,NULL,NULL,NULL),
(47,14,4,'deposit','1300','',NULL,1,NULL,NULL,NULL,NULL),
(48,14,14,'Visit','200','',NULL,1,NULL,NULL,NULL,NULL),
(49,14,16,'agent','1300','',NULL,1,NULL,NULL,NULL,NULL),
(50,15,1,NULL,'2000','',NULL,1,NULL,NULL,NULL,NULL),
(51,15,3,NULL,'8','',NULL,1,NULL,NULL,NULL,NULL),
(52,15,2,NULL,'1','',NULL,1,NULL,NULL,NULL,NULL),
(53,15,10,NULL,'7','',NULL,1,NULL,NULL,NULL,NULL),
(54,15,11,NULL,'20','',NULL,1,NULL,NULL,NULL,NULL),
(55,15,4,NULL,'2000','',NULL,1,NULL,NULL,NULL,NULL),
(56,15,14,NULL,'200','',NULL,1,NULL,NULL,NULL,NULL),
(57,15,16,NULL,'2000','',NULL,1,NULL,NULL,NULL,NULL),
(58,16,1,NULL,'3000','',NULL,1,NULL,NULL,NULL,NULL),
(59,16,2,NULL,'1','',NULL,1,NULL,NULL,NULL,NULL),
(60,16,3,NULL,'10','',NULL,1,NULL,NULL,NULL,NULL),
(61,16,10,NULL,'7','',NULL,1,NULL,NULL,NULL,NULL),
(62,16,11,NULL,'20','',NULL,1,NULL,NULL,NULL,NULL),
(63,16,4,NULL,'3000','',NULL,1,NULL,NULL,NULL,NULL),
(64,16,14,NULL,'200','',NULL,1,NULL,NULL,NULL,NULL),
(65,16,16,NULL,'3000','',NULL,1,NULL,NULL,NULL,NULL),
(66,17,1,NULL,'5000','',NULL,1,NULL,NULL,NULL,NULL),
(67,17,4,NULL,'5000','',NULL,1,NULL,NULL,NULL,NULL),
(68,17,2,NULL,'1','',NULL,1,NULL,NULL,NULL,NULL),
(69,17,3,NULL,'10','',NULL,1,NULL,NULL,NULL,NULL),
(70,17,10,NULL,'7','',NULL,1,NULL,NULL,NULL,NULL),
(71,17,11,NULL,'20','',NULL,1,NULL,NULL,NULL,NULL),
(72,17,14,NULL,'200','',NULL,1,NULL,NULL,NULL,NULL),
(73,17,16,NULL,'5000','',NULL,1,NULL,NULL,NULL,NULL),
(74,18,1,NULL,'1000','',NULL,1,NULL,NULL,NULL,NULL),
(75,18,4,NULL,'1000','',NULL,1,NULL,NULL,NULL,NULL),
(76,18,2,NULL,'1','',NULL,1,NULL,NULL,NULL,NULL),
(77,18,3,NULL,'10','',NULL,1,NULL,NULL,NULL,NULL),
(78,18,11,NULL,'20','',NULL,1,NULL,NULL,NULL,NULL),
(79,18,10,NULL,'7','',NULL,1,NULL,NULL,NULL,NULL),
(80,18,14,NULL,'200','',NULL,1,NULL,NULL,NULL,NULL),
(81,18,16,NULL,'1000','',NULL,1,NULL,NULL,NULL,NULL),
(82,19,1,NULL,'1500','',NULL,1,NULL,NULL,NULL,NULL),
(83,19,4,NULL,'1500','',NULL,1,NULL,NULL,NULL,NULL),
(84,19,2,NULL,'1','',NULL,1,NULL,NULL,NULL,NULL),
(85,19,3,NULL,'10','',NULL,1,NULL,NULL,NULL,NULL),
(86,19,10,NULL,'7','',NULL,1,NULL,NULL,NULL,NULL),
(87,19,11,NULL,'20','',NULL,1,NULL,NULL,NULL,NULL),
(88,19,14,NULL,'200','',NULL,1,NULL,NULL,NULL,NULL),
(89,19,16,NULL,'1500','',NULL,1,NULL,NULL,NULL,NULL),
(90,20,1,NULL,'2000','',NULL,1,NULL,NULL,NULL,NULL),
(91,20,4,NULL,'2000','',NULL,1,NULL,NULL,NULL,NULL),
(92,20,2,NULL,'1','',NULL,1,NULL,NULL,NULL,NULL),
(93,20,3,NULL,'9','',NULL,1,NULL,NULL,NULL,NULL),
(94,20,10,NULL,'7','',NULL,1,NULL,NULL,NULL,NULL),
(95,20,11,NULL,'20','',NULL,1,NULL,NULL,NULL,NULL),
(96,20,14,NULL,'200','',NULL,1,NULL,NULL,NULL,NULL),
(97,20,16,NULL,'2000','',NULL,1,NULL,NULL,NULL,NULL),
(98,21,1,NULL,'1800','',NULL,1,NULL,NULL,NULL,NULL),
(99,21,4,NULL,'1800','',NULL,1,NULL,NULL,NULL,NULL),
(100,21,2,NULL,'1','',NULL,1,NULL,NULL,NULL,NULL),
(101,21,3,NULL,'10','',NULL,1,NULL,NULL,NULL,NULL),
(102,21,10,NULL,'7','',NULL,1,NULL,NULL,NULL,NULL),
(103,21,11,NULL,'20','',NULL,1,NULL,NULL,NULL,NULL),
(104,21,14,NULL,'200','',NULL,1,NULL,NULL,NULL,NULL),
(105,21,16,NULL,'1800','',NULL,1,NULL,NULL,NULL,NULL),
(106,22,1,NULL,'1200','',NULL,1,NULL,NULL,NULL,NULL),
(107,22,4,NULL,'1200','',NULL,1,NULL,NULL,NULL,NULL),
(108,22,2,NULL,'1','',NULL,1,NULL,NULL,NULL,NULL),
(109,22,3,NULL,'9','',NULL,1,NULL,NULL,NULL,NULL),
(110,22,10,NULL,'7','',NULL,1,NULL,NULL,NULL,NULL),
(111,22,11,NULL,'20','',NULL,1,NULL,NULL,NULL,NULL),
(112,22,14,NULL,'200','',NULL,1,NULL,NULL,NULL,NULL),
(113,22,16,NULL,'1200','',NULL,1,NULL,NULL,NULL,NULL),
(114,23,1,NULL,'1000','',NULL,1,NULL,NULL,NULL,NULL),
(115,23,4,NULL,'1000','',NULL,1,NULL,NULL,NULL,NULL),
(116,23,16,NULL,'1000','',NULL,1,NULL,NULL,NULL,NULL),
(117,23,10,NULL,'7','',NULL,1,NULL,NULL,NULL,NULL),
(118,23,11,NULL,'20','',NULL,1,NULL,NULL,NULL,NULL),
(119,23,2,NULL,'7','',NULL,1,NULL,NULL,NULL,NULL),
(120,23,3,NULL,'10','',NULL,1,NULL,NULL,NULL,NULL),
(121,23,14,NULL,'200','',NULL,1,NULL,NULL,NULL,NULL),
(122,24,1,NULL,'800','',NULL,1,NULL,NULL,NULL,NULL),
(123,24,4,NULL,'800','',NULL,1,NULL,NULL,NULL,NULL),
(124,24,16,NULL,'800','',NULL,1,NULL,NULL,NULL,NULL),
(125,24,2,NULL,'1','',NULL,1,NULL,NULL,NULL,NULL),
(126,24,3,NULL,'10','',NULL,1,NULL,NULL,NULL,NULL),
(127,24,14,NULL,'200','',NULL,1,NULL,NULL,NULL,NULL),
(128,24,10,NULL,'7','',NULL,1,NULL,NULL,NULL,NULL),
(129,24,11,NULL,'20','',NULL,1,NULL,NULL,NULL,NULL),
(130,25,1,NULL,'1000','',NULL,1,NULL,NULL,NULL,NULL),
(131,25,4,NULL,'1000','',NULL,1,NULL,NULL,NULL,NULL),
(132,25,16,NULL,'1000','',NULL,1,NULL,NULL,NULL,NULL),
(133,25,2,NULL,'1','',NULL,1,NULL,NULL,NULL,NULL),
(134,25,3,NULL,'9','',NULL,1,NULL,NULL,NULL,NULL),
(135,25,10,NULL,'7','',NULL,1,NULL,NULL,NULL,NULL),
(136,25,11,NULL,'20','',NULL,1,NULL,NULL,NULL,NULL),
(137,26,1,NULL,'2500','',NULL,1,NULL,NULL,NULL,NULL),
(138,26,4,NULL,'2500','',NULL,1,NULL,NULL,NULL,NULL),
(139,26,16,NULL,'2500','',NULL,1,NULL,NULL,NULL,NULL),
(140,26,2,NULL,'1','',NULL,1,NULL,NULL,NULL,NULL),
(141,26,3,NULL,'10','',NULL,1,NULL,NULL,NULL,NULL),
(142,26,10,NULL,'7','',NULL,1,NULL,NULL,NULL,NULL),
(143,26,11,NULL,'20','',NULL,1,NULL,NULL,NULL,NULL),
(144,26,14,NULL,'200','',NULL,1,NULL,NULL,NULL,NULL),
(145,27,1,NULL,'1500','',NULL,1,NULL,NULL,NULL,NULL),
(146,27,4,NULL,'1500','',NULL,1,NULL,NULL,NULL,NULL),
(147,27,16,NULL,'1500','',NULL,1,NULL,NULL,NULL,NULL),
(148,27,10,NULL,'7','',NULL,1,NULL,NULL,NULL,NULL),
(149,27,11,NULL,'20','',NULL,1,NULL,NULL,NULL,NULL),
(150,27,2,NULL,'1','',NULL,1,NULL,NULL,NULL,NULL),
(151,27,3,NULL,'10','',NULL,1,NULL,NULL,NULL,NULL),
(152,27,14,NULL,'200','',NULL,1,NULL,NULL,NULL,NULL),
(153,28,1,NULL,'2500','',NULL,1,NULL,NULL,NULL,NULL),
(154,28,4,NULL,'2500','',NULL,1,NULL,NULL,NULL,NULL),
(155,28,16,NULL,'2500','',NULL,1,NULL,NULL,NULL,NULL),
(156,28,2,NULL,'1','',NULL,1,NULL,NULL,NULL,NULL),
(157,28,3,NULL,'10','',NULL,1,NULL,NULL,NULL,NULL),
(158,28,10,NULL,'7','',NULL,1,NULL,NULL,NULL,NULL),
(159,28,11,NULL,'20','',NULL,1,NULL,NULL,NULL,NULL),
(160,28,14,NULL,'200','',NULL,1,NULL,NULL,NULL,NULL),
(161,29,1,NULL,'1800','',NULL,1,NULL,NULL,NULL,NULL),
(162,29,4,NULL,'1800','',NULL,1,NULL,NULL,NULL,NULL),
(163,29,16,NULL,'1800','',NULL,1,NULL,NULL,NULL,NULL),
(164,29,3,NULL,'10','',NULL,1,NULL,NULL,NULL,NULL),
(165,29,2,NULL,'1','',NULL,1,NULL,NULL,NULL,NULL),
(166,29,10,NULL,'7','',NULL,1,NULL,NULL,NULL,NULL),
(167,29,11,NULL,'20','',NULL,1,NULL,NULL,NULL,NULL),
(168,29,14,NULL,'200','',NULL,1,NULL,NULL,NULL,NULL),
(169,30,1,NULL,'1000','',NULL,1,NULL,NULL,NULL,NULL),
(170,30,4,NULL,'1000','',NULL,1,NULL,NULL,NULL,NULL),
(171,30,16,NULL,'1000','',NULL,1,NULL,NULL,NULL,NULL),
(172,30,2,NULL,'1','',NULL,1,NULL,NULL,NULL,NULL),
(173,30,3,NULL,'9','',NULL,1,NULL,NULL,NULL,NULL),
(174,30,10,NULL,'7','',NULL,1,NULL,NULL,NULL,NULL),
(175,30,11,NULL,'20','',NULL,1,NULL,NULL,NULL,NULL),
(176,30,14,NULL,'200','',NULL,1,NULL,NULL,NULL,NULL),
(177,31,1,NULL,'3000','',NULL,1,NULL,NULL,NULL,NULL),
(178,31,4,NULL,'3000','',NULL,1,NULL,NULL,NULL,NULL),
(179,31,16,NULL,'3000','',NULL,1,NULL,NULL,NULL,NULL),
(180,31,2,NULL,'1','',NULL,1,NULL,NULL,NULL,NULL),
(181,31,3,NULL,'10','',NULL,1,NULL,NULL,NULL,NULL),
(182,31,10,NULL,'7','',NULL,1,NULL,NULL,NULL,NULL),
(183,31,11,NULL,'20','',NULL,1,NULL,NULL,NULL,NULL),
(184,31,14,NULL,'200','',NULL,1,NULL,NULL,NULL,NULL),
(185,32,1,NULL,'2000','',NULL,1,NULL,NULL,NULL,NULL),
(186,32,4,NULL,'2000','',NULL,1,NULL,NULL,NULL,NULL),
(187,32,16,NULL,'2000','',NULL,1,NULL,NULL,NULL,NULL),
(188,32,2,NULL,'1','',NULL,1,NULL,NULL,NULL,NULL),
(189,32,3,NULL,'10','',NULL,1,NULL,NULL,NULL,NULL),
(190,32,10,NULL,'7','',NULL,1,NULL,NULL,NULL,NULL),
(191,32,11,NULL,'20','',NULL,1,NULL,NULL,NULL,NULL),
(192,32,14,NULL,'200','',NULL,1,NULL,NULL,NULL,NULL),
(193,33,1,NULL,'2500','',NULL,1,NULL,NULL,NULL,NULL),
(194,33,4,NULL,'2500','',NULL,1,NULL,NULL,NULL,NULL),
(195,33,16,NULL,'2500','',NULL,1,NULL,NULL,NULL,NULL),
(196,33,2,NULL,'1','',NULL,1,NULL,NULL,NULL,NULL),
(197,33,3,NULL,'9','',NULL,1,NULL,NULL,NULL,NULL),
(198,33,10,NULL,'7','',NULL,1,NULL,NULL,NULL,NULL),
(199,33,11,NULL,'20','',NULL,1,NULL,NULL,NULL,NULL),
(200,33,14,NULL,'200','',NULL,1,NULL,NULL,NULL,NULL),
(201,34,1,NULL,'2000','',NULL,1,NULL,NULL,NULL,NULL),
(202,34,4,NULL,'2000','',NULL,1,NULL,NULL,NULL,NULL),
(203,34,16,NULL,'2000','',NULL,1,NULL,NULL,NULL,NULL),
(204,34,2,NULL,'1','',NULL,1,NULL,NULL,NULL,NULL),
(205,34,3,NULL,'9','',NULL,1,NULL,NULL,NULL,NULL),
(206,34,10,NULL,'7','',NULL,1,NULL,NULL,NULL,NULL),
(207,34,14,NULL,'200','',NULL,1,NULL,NULL,NULL,NULL),
(208,34,11,NULL,'20','',NULL,1,NULL,NULL,NULL,NULL),
(209,35,1,NULL,'2000','',NULL,1,NULL,NULL,NULL,NULL),
(210,35,4,NULL,'2000','',NULL,1,NULL,NULL,NULL,NULL),
(211,35,16,NULL,'2000','',NULL,1,NULL,NULL,NULL,NULL),
(212,35,11,NULL,'20','',NULL,1,NULL,NULL,NULL,NULL),
(213,35,10,NULL,'7','',NULL,1,NULL,NULL,NULL,NULL),
(214,35,2,NULL,'1','',NULL,1,NULL,NULL,NULL,NULL),
(215,35,3,NULL,'10','',NULL,1,NULL,NULL,NULL,NULL),
(216,35,14,NULL,'200','',NULL,1,NULL,NULL,NULL,NULL),
(217,36,1,NULL,'8000','',NULL,1,NULL,NULL,NULL,NULL),
(218,36,4,NULL,'8000','',NULL,1,NULL,NULL,NULL,NULL),
(219,36,16,NULL,'8000','',NULL,1,NULL,NULL,NULL,NULL),
(220,36,2,NULL,'1','',NULL,1,NULL,NULL,NULL,NULL),
(221,36,3,NULL,'10','',NULL,1,NULL,NULL,NULL,NULL),
(222,36,10,NULL,'7','',NULL,1,NULL,NULL,NULL,NULL),
(223,36,11,NULL,'20','',NULL,1,NULL,NULL,NULL,NULL),
(224,37,1,NULL,'1800','',NULL,1,NULL,NULL,NULL,NULL),
(225,37,4,NULL,'1800','',NULL,1,NULL,NULL,NULL,NULL),
(226,37,16,NULL,'1800','',NULL,1,NULL,NULL,NULL,NULL),
(227,37,2,NULL,'1','',NULL,1,NULL,NULL,NULL,NULL),
(228,37,3,NULL,'9','',NULL,1,NULL,NULL,NULL,NULL),
(229,37,10,NULL,'7','',NULL,1,NULL,NULL,NULL,NULL),
(230,37,11,NULL,'20','',NULL,1,NULL,NULL,NULL,NULL),
(231,38,1,NULL,'2200','',NULL,1,NULL,NULL,NULL,NULL),
(232,38,4,NULL,'2200','',NULL,1,NULL,NULL,NULL,NULL),
(233,38,16,NULL,'2200','',NULL,1,NULL,NULL,NULL,NULL),
(234,38,14,NULL,'200','',NULL,1,NULL,NULL,NULL,NULL),
(235,38,3,NULL,'10','',NULL,1,NULL,NULL,NULL,NULL),
(236,38,2,NULL,'1','',NULL,1,NULL,NULL,NULL,NULL),
(237,38,10,NULL,'7','',NULL,1,NULL,NULL,NULL,NULL),
(238,38,11,NULL,'20','',NULL,1,NULL,NULL,NULL,NULL),
(239,37,14,NULL,'200','',NULL,1,NULL,NULL,NULL,NULL),
(240,36,14,NULL,'200','',NULL,1,NULL,NULL,NULL,NULL),
(241,39,1,NULL,'2800','',NULL,1,NULL,NULL,NULL,NULL),
(242,39,4,NULL,'2800','',NULL,1,NULL,NULL,NULL,NULL),
(243,39,16,NULL,'2800','',NULL,1,NULL,NULL,NULL,NULL),
(244,39,2,NULL,'1','',NULL,1,NULL,NULL,NULL,NULL),
(245,39,3,NULL,'10','',NULL,1,NULL,NULL,NULL,NULL),
(246,39,10,NULL,'7','',NULL,1,NULL,NULL,NULL,NULL),
(247,39,11,NULL,'20','',NULL,1,NULL,NULL,NULL,NULL),
(248,39,14,NULL,'200','',NULL,1,NULL,NULL,NULL,NULL),
(249,12,3,NULL,'8','day of paying landlord',NULL,1,NULL,NULL,NULL,NULL),
(250,13,3,NULL,'8','',NULL,1,NULL,NULL,NULL,NULL),
(251,10,3,NULL,'7','',NULL,1,NULL,NULL,NULL,NULL),
(252,11,3,NULL,'10','',NULL,1,NULL,NULL,NULL,NULL),
(253,14,3,NULL,'8','',NULL,1,NULL,NULL,NULL,NULL),
(254,40,1,NULL,'3000','',NULL,1,NULL,NULL,NULL,NULL),
(255,40,2,NULL,'1','',NULL,1,NULL,NULL,NULL,NULL),
(256,40,3,NULL,'10','',NULL,1,NULL,NULL,NULL,NULL),
(257,40,4,NULL,'3000','',NULL,1,NULL,NULL,NULL,NULL),
(258,40,5,NULL,'500','',NULL,1,NULL,NULL,NULL,NULL),
(259,40,11,NULL,'20','',NULL,1,NULL,NULL,NULL,NULL),
(260,40,10,NULL,'7','',NULL,1,NULL,NULL,NULL,NULL),
(261,41,1,NULL,'10000','',NULL,1,NULL,NULL,NULL,NULL),
(262,41,2,NULL,'1','',NULL,1,NULL,NULL,NULL,NULL),
(263,41,3,NULL,'8','',NULL,1,NULL,NULL,NULL,NULL),
(264,41,4,NULL,'10000','',NULL,1,NULL,NULL,NULL,NULL),
(265,41,10,NULL,'7','',NULL,1,NULL,NULL,NULL,NULL),
(266,41,11,NULL,'20','',NULL,1,NULL,NULL,NULL,NULL),
(267,41,13,NULL,'20','',NULL,1,NULL,NULL,NULL,NULL),
(268,41,14,NULL,'200','',NULL,1,NULL,NULL,NULL,NULL);

/*Table structure for table `re_receipt` */

DROP TABLE IF EXISTS `re_receipt`;

CREATE TABLE `re_receipt` (
  `id` int(11) NOT NULL AUTO_INCREMENT,
  `receipt_no` varchar(50) NOT NULL,
  `date_created` datetime DEFAULT NULL,
  `created_by` int(11) DEFAULT NULL,
  PRIMARY KEY (`id`)
) ENGINE=InnoDB AUTO_INCREMENT=48 DEFAULT CHARSET=utf8;

/*Data for the table `re_receipt` */

insert  into `re_receipt`(`id`,`receipt_no`,`date_created`,`created_by`) values 
(1,'jnr1','2017-12-13 08:32:06',1),
(2,'jnr2','2017-12-13 08:36:48',1),
(3,'jnr3','2017-12-13 08:49:28',1),
(4,'jnr4','2017-12-27 16:52:55',1),
(5,'jnr5','2017-12-27 16:53:11',1),
(6,'jnr6','2017-12-28 09:55:05',1),
(7,'jnr7','2018-01-03 08:38:26',1),
(8,'jnr8','2018-01-03 14:20:17',1),
(9,'jnr9','2018-01-03 14:24:16',1),
(10,'jnr10','2018-01-04 18:48:40',1),
(11,'jnr11','2018-01-04 18:48:53',1),
(12,'jnr12','2018-01-04 18:49:42',1),
(13,'jnr13','2018-01-04 18:50:08',1),
(14,'jnr14','2018-01-04 18:50:31',1),
(15,'jnr15','2018-01-04 18:51:40',1),
(16,'jnr16','2018-01-05 08:34:07',15),
(17,'jnr17','2018-01-05 08:43:40',15),
(18,'jnr18','2018-01-05 08:47:58',15),
(19,'jnr19','2018-01-05 08:54:48',15),
(20,'jnr20','2018-01-05 08:54:59',15),
(21,'jnr21','2018-01-05 08:55:07',15),
(22,'jnr22','2018-01-05 09:03:41',15),
(23,'jnr23','2018-01-05 09:04:08',15),
(24,'jnr24','2018-01-05 09:04:16',15),
(25,'jnr25','2018-01-05 09:05:14',15),
(26,'jnr26','2018-01-05 09:20:22',15),
(27,'jnr27','2017-08-04 16:16:06',15),
(28,'jnr28','2017-08-01 15:15:12',15),
(29,'jnr29','2017-08-01 16:19:02',15),
(30,'jnr30','2017-08-19 12:55:24',15),
(31,'jnr31','2018-03-08 00:31:36',1),
(32,'jnr32','2018-03-13 16:43:37',1),
(33,'jnr33','2018-03-19 05:43:14',1),
(34,'jnr34','2018-03-19 19:45:58',1),
(35,'jnr35','2018-03-19 19:48:09',1),
(36,'jnr36','2018-03-19 19:50:36',1),
(37,'jnr37','2018-03-19 19:56:11',1),
(38,'jnr38','2018-03-19 20:15:05',1),
(39,'jnr39','2018-03-21 14:35:00',1),
(40,'jnr40','2018-03-21 20:02:53',1),
(41,'jnr41','2018-03-24 06:23:36',1),
(42,'jnr42','2018-03-24 14:12:46',1),
(43,'jnr43','2018-03-28 20:23:24',1),
(44,'jnr44','2018-03-28 20:23:31',1),
(45,'jnr45','2018-03-28 20:23:40',1),
(46,'jnr46','2018-03-28 20:24:22',1),
(47,'jnr47','2018-03-28 20:55:46',1);

/*Table structure for table `re_role` */

DROP TABLE IF EXISTS `re_role`;

CREATE TABLE `re_role` (
  `id` int(11) NOT NULL AUTO_INCREMENT,
  `role_name` varchar(100) DEFAULT NULL,
  `role_description` varchar(100) DEFAULT NULL,
  `date_created` datetime DEFAULT NULL,
  `createdby` varchar(100) DEFAULT NULL,
  `date_modified` datetime DEFAULT NULL,
  `modified_by` varchar(100) DEFAULT NULL,
  PRIMARY KEY (`id`),
  KEY `id` (`id`)
) ENGINE=InnoDB AUTO_INCREMENT=2 DEFAULT CHARSET=latin1;

/*Data for the table `re_role` */

insert  into `re_role`(`id`,`role_name`,`role_description`,`date_created`,`createdby`,`date_modified`,`modified_by`) values 
(1,'agency admin','system administrator',NULL,NULL,NULL,NULL);

/*Table structure for table `re_source` */

DROP TABLE IF EXISTS `re_source`;

CREATE TABLE `re_source` (
  `id` int(50) NOT NULL AUTO_INCREMENT,
  `source_name` varchar(50) DEFAULT NULL,
  `source_description` text,
  `source_type` varchar(50) DEFAULT NULL,
  `category` varchar(50) DEFAULT NULL,
  PRIMARY KEY (`id`)
) ENGINE=InnoDB AUTO_INCREMENT=26 DEFAULT CHARSET=latin1;

/*Data for the table `re_source` */

insert  into `re_source`(`id`,`source_name`,`source_description`,`source_type`,`category`) values 
(1,'Rent','','Income','tenant'),
(2,'Landlord Imprest','','Expense','landlord'),
(3,'Disbursement','','Expense','landlord'),
(4,'Agency Allowance','Rent collection allowances','Income','tenant'),
(5,'Transport','','Expense','agent'),
(6,'Lunch','','Expense','agent'),
(7,'Bank Charges','','Expense','agent'),
(8,'Salary','','Expense','agent'),
(9,'Salary Advance','','Expense','agent'),
(10,'Penalty Waiver','Penalty cancellation','Expense','tenant'),
(11,'Penalty','Penalty incurred due to late payments','Income','tenant'),
(13,'Storage Fees','Goods storage fees','Income','tenant'),
(14,'Tenant Transport','Tenant Transport','Income','tenant'),
(15,'Breaking Fees','Fees for breaking house','Income','tenant'),
(16,'Visit Fees','','Income','tenant'),
(17,'Locking Fees','Locking Fees','Income','tenant'),
(18,'Agency Fee','Agency Fee','Income','tenant'),
(19,'Rent Deposit','Rent Deposit','Income','tenant'),
(20,'Water Deposit','Water Deposit','Income','tenant'),
(21,'Electricity Deposit','Electricity Deposit','Income','tenant'),
(22,'Water Bill','Water Bill','Income','tenant'),
(23,'Electricity Bill','Electricity Bill','Income','tenant'),
(24,'Garbage Collection','Garbage Collection Bills','Income','tenant'),
(25,'assasas','asasasa','Income','tenant');

/*Table structure for table `re_sub_location` */

DROP TABLE IF EXISTS `re_sub_location`;

CREATE TABLE `re_sub_location` (
  `id` int(11) NOT NULL AUTO_INCREMENT,
  `fk_location` int(11) DEFAULT NULL,
  `sub_loc_name` varchar(200) DEFAULT NULL,
  `sub_loc_desc` text,
  `sub_loc_lat` varchar(10) DEFAULT NULL,
  `sub_loc_long` varchar(10) DEFAULT NULL,
  PRIMARY KEY (`id`),
  KEY `fk_location` (`fk_location`),
  CONSTRAINT `re_sub_location_ibfk_1` FOREIGN KEY (`fk_location`) REFERENCES `re_location` (`id`) ON DELETE NO ACTION ON UPDATE CASCADE
) ENGINE=InnoDB AUTO_INCREMENT=5 DEFAULT CHARSET=latin1;

/*Data for the table `re_sub_location` */

insert  into `re_sub_location`(`id`,`fk_location`,`sub_loc_name`,`sub_loc_desc`,`sub_loc_lat`,`sub_loc_long`) values 
(2,1,'kaya','test',NULL,NULL),
(3,3,'kibaoni','test',NULL,NULL),
(4,5,'Unknown','',NULL,NULL);

/*Table structure for table `re_subcounty` */

DROP TABLE IF EXISTS `re_subcounty`;

CREATE TABLE `re_subcounty` (
  `id` int(11) NOT NULL AUTO_INCREMENT,
  `fk_county` int(11) DEFAULT NULL,
  `subcounty_name` varchar(200) DEFAULT NULL,
  `subcounty_desc` text,
  `subcounty_lat` varchar(10) DEFAULT NULL,
  `subcounty_long` varchar(10) DEFAULT NULL,
  `date_created` datetime DEFAULT NULL,
  `created_by` varchar(100) DEFAULT NULL,
  `date_modified` datetime DEFAULT NULL,
  `modified_by` varchar(100) DEFAULT NULL,
  PRIMARY KEY (`id`),
  KEY `fk_county` (`fk_county`),
  CONSTRAINT `re_subcounty_ibfk_1` FOREIGN KEY (`fk_county`) REFERENCES `re_county` (`id`) ON DELETE NO ACTION ON UPDATE CASCADE
) ENGINE=InnoDB AUTO_INCREMENT=7 DEFAULT CHARSET=latin1;

/*Data for the table `re_subcounty` */

insert  into `re_subcounty`(`id`,`fk_county`,`subcounty_name`,`subcounty_desc`,`subcounty_lat`,`subcounty_long`,`date_created`,`created_by`,`date_modified`,`modified_by`) values 
(5,1,'kilifi north','test',NULL,NULL,NULL,NULL,NULL,NULL),
(6,5,'Unknown','',NULL,NULL,NULL,NULL,NULL,NULL);

/*Table structure for table `re_tenant` */

DROP TABLE IF EXISTS `re_tenant`;

CREATE TABLE `re_tenant` (
  `id` int(11) NOT NULL AUTO_INCREMENT,
  `fk_user_id` int(11) DEFAULT NULL,
  `tenant_desc` text,
  `_status` int(11) DEFAULT NULL,
  `date_created` datetime DEFAULT NULL,
  `created_by` int(11) DEFAULT NULL,
  `date_modified` datetime DEFAULT NULL,
  `modified_by` int(11) DEFAULT NULL,
  PRIMARY KEY (`id`),
  KEY `fk_user_id` (`fk_user_id`),
  CONSTRAINT `re_tenant_ibfk_1` FOREIGN KEY (`fk_user_id`) REFERENCES `sys_users` (`id`) ON DELETE NO ACTION ON UPDATE CASCADE
) ENGINE=InnoDB DEFAULT CHARSET=latin1;

/*Data for the table `re_tenant` */

/*Table structure for table `re_tenant_favourite` */

DROP TABLE IF EXISTS `re_tenant_favourite`;

CREATE TABLE `re_tenant_favourite` (
  `id` int(11) NOT NULL AUTO_INCREMENT,
  `fk_property_id` int(11) DEFAULT NULL,
  `fk_tenant_id` int(11) DEFAULT NULL,
  `_status` int(11) DEFAULT NULL,
  `date_created` datetime DEFAULT NULL,
  `created_by` int(11) DEFAULT NULL,
  `date_modified` datetime DEFAULT NULL,
  `modified_by` int(11) DEFAULT NULL,
  PRIMARY KEY (`id`),
  KEY `fk_property_id` (`fk_property_id`),
  KEY `fk_tenant_id` (`fk_tenant_id`),
  CONSTRAINT `re_tenant_favourite_ibfk_1` FOREIGN KEY (`fk_property_id`) REFERENCES `re_property` (`id`) ON DELETE NO ACTION ON UPDATE CASCADE,
  CONSTRAINT `re_tenant_favourite_ibfk_2` FOREIGN KEY (`fk_tenant_id`) REFERENCES `re_tenant` (`id`) ON DELETE NO ACTION ON UPDATE CASCADE
) ENGINE=InnoDB DEFAULT CHARSET=latin1;

/*Data for the table `re_tenant_favourite` */

/*Table structure for table `re_tenant_preference` */

DROP TABLE IF EXISTS `re_tenant_preference`;

CREATE TABLE `re_tenant_preference` (
  `id` int(11) NOT NULL AUTO_INCREMENT,
  `fk_tenant_id` int(11) DEFAULT NULL,
  `fk_pref_id` int(11) DEFAULT NULL,
  `pref_notes` text,
  `_status` int(11) DEFAULT NULL,
  `date_created` datetime DEFAULT NULL,
  `created_by` int(11) DEFAULT NULL,
  `date_modified` datetime DEFAULT NULL,
  `modified_by` int(11) DEFAULT NULL,
  PRIMARY KEY (`id`),
  KEY `fk_tenant_id` (`fk_tenant_id`),
  KEY `fk_pref_id` (`fk_pref_id`),
  CONSTRAINT `re_tenant_preference_ibfk_1` FOREIGN KEY (`fk_tenant_id`) REFERENCES `re_tenant` (`id`) ON DELETE NO ACTION ON UPDATE CASCADE,
  CONSTRAINT `re_tenant_preference_ibfk_2` FOREIGN KEY (`fk_pref_id`) REFERENCES `re_preference` (`id`) ON DELETE NO ACTION ON UPDATE CASCADE
) ENGINE=InnoDB DEFAULT CHARSET=latin1;

/*Data for the table `re_tenant_preference` */

/*Table structure for table `re_term` */

DROP TABLE IF EXISTS `re_term`;

CREATE TABLE `re_term` (
  `id` int(11) NOT NULL AUTO_INCREMENT,
  `term_type` int(11) DEFAULT NULL,
  `term_name` varchar(200) DEFAULT NULL,
  `term_desc` text,
  `_status` int(11) DEFAULT NULL,
  `date_created` datetime DEFAULT NULL,
  `created_by` int(11) DEFAULT NULL,
  `date_modified` datetime DEFAULT NULL,
  `modified_by` int(11) DEFAULT NULL,
  `actionhandler` varchar(500) DEFAULT NULL,
  PRIMARY KEY (`id`)
) ENGINE=InnoDB AUTO_INCREMENT=27 DEFAULT CHARSET=latin1;

/*Data for the table `re_term` */

insert  into `re_term`(`id`,`term_type`,`term_name`,`term_desc`,`_status`,`date_created`,`created_by`,`date_modified`,`modified_by`,`actionhandler`) values 
(1,NULL,'Rent Amount','Rent payable monthly',1,NULL,NULL,NULL,NULL,'DateRentPay'),
(2,NULL,'Date Rent Pay','Date rent due',1,NULL,NULL,NULL,NULL,''),
(3,NULL,'Landlord Disbursment Date','Date of payments to landlord',1,NULL,NULL,NULL,NULL,'LandlordDisbursement'),
(4,NULL,'Rent Deposit','Amount paid by tenant as deposit',1,NULL,NULL,NULL,NULL,'RentDeposit'),
(5,NULL,'Watert Deposit','Amount paid by tenant as water bill deposit',1,NULL,NULL,NULL,NULL,'WaterDeposit'),
(6,NULL,'Electricity Deposit','Amount paid as electricity deposit',1,NULL,NULL,NULL,NULL,'ElectricityDeposit'),
(7,NULL,'Water Bills','Whether the agency will collect water bills.',1,NULL,NULL,NULL,NULL,'WaterBills'),
(8,NULL,'Electricity Bills','Whether the agency will collect electricity bills',1,NULL,NULL,NULL,NULL,'ElectricityBills'),
(9,NULL,'Security Times','Time security gate closes.',1,NULL,NULL,NULL,NULL,''),
(10,NULL,'Penalty Date','Date penalty will be calculated.',1,NULL,NULL,NULL,NULL,'PenatlyDate'),
(11,NULL,'Penalty Percentage','Percentage of the rent payable as penalty.',1,NULL,NULL,NULL,NULL,'PenaltyPercentage'),
(13,NULL,'Agent Commission','A percentage of the rent paid to agent as commission.',1,NULL,NULL,NULL,NULL,'AgentCommission'),
(14,NULL,'Visit Fees','Visit fees',1,NULL,NULL,NULL,NULL,NULL),
(15,NULL,'Locking Fees','',1,NULL,NULL,NULL,NULL,NULL),
(16,NULL,'Agency Fee','When entering the house',1,NULL,NULL,NULL,NULL,NULL),
(17,NULL,'Breaking Fee','',1,NULL,NULL,NULL,NULL,NULL),
(18,NULL,'Storage Fee','',1,NULL,NULL,NULL,NULL,NULL),
(19,NULL,'Payment','',1,NULL,NULL,NULL,NULL,NULL),
(20,NULL,'Imprest',NULL,1,NULL,NULL,NULL,NULL,NULL),
(21,NULL,'Transport',NULL,1,NULL,NULL,NULL,NULL,NULL),
(22,NULL,'Lunch',NULL,1,NULL,NULL,NULL,NULL,NULL),
(23,NULL,'Bank Charges',NULL,1,NULL,NULL,NULL,NULL,NULL),
(24,NULL,'Salary',NULL,1,NULL,NULL,NULL,NULL,NULL),
(25,NULL,'Salary Advance',NULL,1,NULL,NULL,NULL,NULL,NULL),
(26,NULL,'Penalty Waiver',NULL,1,NULL,NULL,NULL,NULL,NULL);

/*Table structure for table `re_ward` */

DROP TABLE IF EXISTS `re_ward`;

CREATE TABLE `re_ward` (
  `id` int(11) NOT NULL AUTO_INCREMENT,
  `fk_subcounty` int(11) DEFAULT NULL,
  `ward_name` varchar(200) DEFAULT NULL,
  `ward_desc` text,
  `ward_lat` varchar(10) DEFAULT NULL,
  `ward_long` varchar(10) DEFAULT NULL,
  PRIMARY KEY (`id`),
  KEY `fk_subcounty` (`fk_subcounty`),
  CONSTRAINT `re_ward_ibfk_1` FOREIGN KEY (`fk_subcounty`) REFERENCES `re_subcounty` (`id`) ON DELETE NO ACTION ON UPDATE CASCADE
) ENGINE=InnoDB AUTO_INCREMENT=5 DEFAULT CHARSET=latin1;

/*Data for the table `re_ward` */

insert  into `re_ward`(`id`,`fk_subcounty`,`ward_name`,`ward_desc`,`ward_lat`,`ward_long`) values 
(2,5,'sokoni','test',NULL,NULL),
(3,5,'kibarani','test',NULL,NULL),
(4,6,'Unknown',NULL,NULL,NULL);

/*Table structure for table `re_ward_one` */

DROP TABLE IF EXISTS `re_ward_one`;

CREATE TABLE `re_ward_one` (
  `id` int(11) NOT NULL AUTO_INCREMENT,
  `fk_subcounty` int(11) DEFAULT NULL,
  `ward_name` varchar(200) DEFAULT NULL,
  `ward_desc` text,
  `ward_lat` varchar(10) DEFAULT NULL,
  `ward_long` varchar(10) DEFAULT NULL,
  PRIMARY KEY (`id`),
  KEY `fk_subcounty` (`fk_subcounty`)
) ENGINE=InnoDB AUTO_INCREMENT=6 DEFAULT CHARSET=latin1;

/*Data for the table `re_ward_one` */

insert  into `re_ward_one`(`id`,`fk_subcounty`,`ward_name`,`ward_desc`,`ward_lat`,`ward_long`) values 
(2,5,'sokoni','test',NULL,NULL),
(3,5,'kibarani','test',NULL,NULL),
(4,6,'Unknown','Hahahahah','',''),
(5,5,'Chasimba','','','');

/*Table structure for table `sys_users` */

DROP TABLE IF EXISTS `sys_users`;

CREATE TABLE `sys_users` (
  `id` int(11) NOT NULL AUTO_INCREMENT,
  `fk_group_id` int(11) DEFAULT NULL,
  `fk_management_id` int(11) DEFAULT NULL,
  `username` varchar(50) DEFAULT NULL,
  `pass` varchar(100) DEFAULT NULL,
  `name1` varchar(200) DEFAULT NULL,
  `name2` varchar(200) DEFAULT NULL,
  `name3` varchar(200) DEFAULT NULL,
  `age` int(11) DEFAULT NULL,
  `email` varchar(500) DEFAULT NULL,
  `phone` varchar(100) DEFAULT NULL,
  `id_number` varchar(50) DEFAULT NULL,
  `address` text,
  `date_added` datetime DEFAULT NULL,
  `gender` varchar(10) DEFAULT NULL,
  `color_code` varchar(100) DEFAULT NULL,
  `icon_id` varchar(11) DEFAULT NULL,
  `position` int(11) DEFAULT NULL,
  `residence` varchar(200) DEFAULT NULL,
  `occupation` varchar(200) DEFAULT NULL,
  `employer` varchar(200) DEFAULT NULL,
  PRIMARY KEY (`id`),
  UNIQUE KEY `phone` (`phone`),
  KEY `fk_group_id` (`fk_group_id`),
  KEY `sys_users_ibfk_2` (`fk_management_id`),
  CONSTRAINT `sys_users_ibfk_1` FOREIGN KEY (`fk_group_id`) REFERENCES `re_group` (`id`) ON DELETE NO ACTION ON UPDATE CASCADE,
  CONSTRAINT `sys_users_ibfk_2` FOREIGN KEY (`fk_management_id`) REFERENCES `re_management` (`id`) ON DELETE NO ACTION ON UPDATE CASCADE
) ENGINE=InnoDB AUTO_INCREMENT=229 DEFAULT CHARSET=latin1;

/*Data for the table `sys_users` */

insert  into `sys_users`(`id`,`fk_group_id`,`fk_management_id`,`username`,`pass`,`name1`,`name2`,`name3`,`age`,`email`,`phone`,`id_number`,`address`,`date_added`,`gender`,`color_code`,`icon_id`,`position`,`residence`,`occupation`,`employer`) values 
(1,2,2,'karisa','$2y$13$vLlfRhW8Rb5JXww6WVvddewt7qZNVjkzICuYnVr6WIFzu/2WL3K.2','karisa','','nzaro',NULL,'','777748',NULL,'',NULL,'Male',NULL,NULL,NULL,NULL,NULL,NULL),
(15,2,2,'anne','$2y$13$vLlfRhW8Rb5JXww6WVvddewt7qZNVjkzICuYnVr6WIFzu/2WL3K.2','Anne','Wangari','Njigua',NULL,'anne@test.com','723397330',NULL,'',NULL,'Female',NULL,NULL,NULL,NULL,NULL,NULL),
(16,3,2,NULL,NULL,'Loice','Maku','Karisa',NULL,'','722393401','9876467','29, gede',NULL,'Female',NULL,NULL,NULL,'Matsangoni',NULL,NULL),
(17,4,2,NULL,NULL,'Price','','Mabula',NULL,'','2147483647','22115315','',NULL,'Male',NULL,NULL,NULL,'Freetown','',''),
(18,4,2,NULL,NULL,'Delfina ','','Mkala',NULL,'','0710101010','','',NULL,'Female',NULL,NULL,NULL,'','',''),
(19,4,2,NULL,NULL,'Sifa','','Thoya',NULL,'',NULL,'','',NULL,'Male',NULL,NULL,NULL,'',NULL,NULL),
(20,4,2,NULL,NULL,'Josphine ','Andia','Baraka',NULL,'',NULL,'','',NULL,'Female',NULL,NULL,NULL,'',NULL,NULL),
(21,3,2,NULL,NULL,'Kajole','Kadenge','Unda',NULL,'','713100672','0052387','',NULL,'Male',NULL,NULL,NULL,'kibaoni',NULL,NULL),
(22,4,2,NULL,NULL,'Josphine ','','Chigamba',NULL,'',NULL,'','',NULL,'Female',NULL,NULL,NULL,'',NULL,NULL),
(23,4,2,NULL,NULL,'Mukii','chebitok','Agnes',NULL,'',NULL,'','',NULL,'Female',NULL,NULL,NULL,'',NULL,NULL),
(24,4,2,NULL,NULL,'Moses','','Masaai',NULL,'',NULL,'','',NULL,'Male',NULL,NULL,NULL,'',NULL,NULL),
(25,4,2,NULL,NULL,'Gladys','','mbuche',NULL,'',NULL,'','',NULL,'Female',NULL,NULL,NULL,'',NULL,NULL),
(26,4,2,NULL,NULL,'Ester','','Wacheke',NULL,'',NULL,'','',NULL,'Female',NULL,NULL,NULL,'',NULL,NULL),
(27,4,2,NULL,NULL,'Abdul','Ali','Hassan',NULL,'',NULL,'','',NULL,'Male',NULL,NULL,NULL,'',NULL,NULL),
(28,4,2,NULL,NULL,'Brian','','isaac',NULL,'',NULL,'','',NULL,'Male',NULL,NULL,NULL,'',NULL,NULL),
(29,4,2,NULL,NULL,'Japheth','Robinson','Mauya',NULL,'',NULL,'','',NULL,'Male',NULL,NULL,NULL,'',NULL,NULL),
(30,4,2,NULL,NULL,'Priscah','','Njeru',NULL,'',NULL,'','',NULL,'Female',NULL,NULL,NULL,'',NULL,NULL),
(31,4,2,NULL,NULL,'Joyce','m','Makau',NULL,'','','','',NULL,'Female',NULL,NULL,NULL,'',NULL,NULL),
(32,4,2,NULL,NULL,'Brendah','kosgoi','Bernard',NULL,'',NULL,'','',NULL,'Male',NULL,NULL,NULL,'',NULL,NULL),
(33,3,2,NULL,NULL,'Noyce','m','Katiku',NULL,'','722680560','','',NULL,'Male',NULL,NULL,NULL,'',NULL,NULL),
(34,4,2,NULL,NULL,'Sidi','','Tsuma',NULL,'',NULL,'','',NULL,'Female',NULL,NULL,NULL,'',NULL,NULL),
(35,4,2,NULL,NULL,'Salim','','Kaingu',NULL,'',NULL,'','',NULL,'Male',NULL,NULL,NULL,'',NULL,NULL),
(36,4,2,NULL,NULL,'Ester','Kadzo','Washe',NULL,'',NULL,'','',NULL,'Female',NULL,NULL,NULL,'',NULL,NULL),
(37,3,2,NULL,NULL,'Fatuma','','Bakari',NULL,'','724915879','','',NULL,'Female',NULL,NULL,NULL,'',NULL,NULL),
(38,4,2,NULL,NULL,'Zawadi','','Kazungu',NULL,'',NULL,'','',NULL,'Female',NULL,NULL,NULL,'',NULL,NULL),
(39,4,2,NULL,NULL,'Ephron ','','Mwashimba                                                               ',NULL,'',NULL,'','',NULL,'Male',NULL,NULL,NULL,'',NULL,NULL),
(40,4,2,NULL,NULL,'margeret','1','Karisa',NULL,'',NULL,'','',NULL,'',NULL,NULL,NULL,'',NULL,NULL),
(41,4,2,NULL,NULL,'margeret','1','Karisa',NULL,'',NULL,'','',NULL,'Female',NULL,NULL,NULL,'',NULL,NULL),
(42,4,2,NULL,NULL,'margeret','3','Karisa',NULL,'',NULL,'','',NULL,'Female',NULL,NULL,NULL,'',NULL,NULL),
(43,4,2,NULL,NULL,'Jocktan','','Karisa',NULL,'',NULL,'','',NULL,'Male',NULL,NULL,NULL,'',NULL,NULL),
(44,3,2,NULL,NULL,'Josphat ','Goe','Chirume',NULL,'','721831913','','',NULL,'Male',NULL,NULL,NULL,'',NULL,NULL),
(45,4,2,NULL,NULL,'Arnest ','','Kahindi',NULL,'',NULL,'','',NULL,'Male',NULL,NULL,NULL,'',NULL,NULL),
(46,4,2,NULL,NULL,'James','','Katana',NULL,'',NULL,'','',NULL,'Male',NULL,NULL,NULL,'',NULL,NULL),
(47,4,2,NULL,NULL,'Pole','Mwatua','Mwadzoya',NULL,'',NULL,'','',NULL,'Male',NULL,NULL,NULL,'',NULL,NULL),
(48,4,2,NULL,NULL,'Joshua','',' Kavutha',NULL,'',NULL,'','',NULL,'',NULL,NULL,NULL,'',NULL,NULL),
(49,4,2,NULL,NULL,'Elina ','','Taura',NULL,'',NULL,'','',NULL,'Female',NULL,NULL,NULL,'',NULL,NULL),
(50,4,2,NULL,NULL,'Neema','','Kazungu',NULL,'',NULL,'','',NULL,'Female',NULL,NULL,NULL,'',NULL,NULL),
(51,4,2,NULL,NULL,'Kima','Karisa','Kadenge',NULL,'',NULL,'','',NULL,'Male',NULL,NULL,NULL,'',NULL,NULL),
(52,4,2,NULL,NULL,'Morris','','Idd',NULL,'',NULL,'','',NULL,'Male',NULL,NULL,NULL,'',NULL,NULL),
(53,4,2,NULL,NULL,'Everlyne','',' Awino',NULL,'',NULL,'','',NULL,'Female',NULL,NULL,NULL,'',NULL,NULL),
(54,4,2,NULL,NULL,'Mangale','','k',NULL,'',NULL,'','',NULL,'',NULL,NULL,NULL,'',NULL,NULL),
(55,4,2,NULL,NULL,'Lasco ','Tzuma','Dominic',NULL,'',NULL,'','',NULL,'Male',NULL,NULL,NULL,'',NULL,NULL),
(56,4,2,NULL,NULL,'Simon ','rukia','Kadzo',NULL,'',NULL,'','',NULL,'Male',NULL,NULL,NULL,'',NULL,NULL),
(57,3,2,NULL,NULL,'Alice','Ngala','Kamina',NULL,'','721571289','8656185','',NULL,'Female',NULL,NULL,NULL,'',NULL,NULL),
(58,4,2,NULL,NULL,'Bwanaidi','','Wariojiouo',NULL,'',NULL,'','',NULL,'Male',NULL,NULL,NULL,'',NULL,NULL),
(59,4,2,NULL,NULL,'Stephen ','','Goe',NULL,'',NULL,'','',NULL,'Male',NULL,NULL,NULL,'',NULL,NULL),
(60,4,2,NULL,NULL,'Moses','n','Kombe',NULL,'',NULL,'','',NULL,'Male',NULL,NULL,NULL,'',NULL,NULL),
(61,4,2,NULL,NULL,'Peter','Mumbo','Rimba',NULL,'',NULL,'','',NULL,'Male',NULL,NULL,NULL,'',NULL,NULL),
(62,4,2,NULL,NULL,'Teresia','','Fikirini',NULL,'',NULL,'','',NULL,'Female',NULL,NULL,NULL,'',NULL,NULL),
(63,4,2,NULL,NULL,'DR','Ombati','Nyakundi',NULL,'',NULL,'','',NULL,'Male',NULL,NULL,NULL,'',NULL,NULL),
(64,3,2,NULL,NULL,'Paul ','','Kaingu',NULL,'',NULL,'','',NULL,'',NULL,NULL,NULL,'',NULL,NULL),
(65,4,2,NULL,NULL,'Michael','','Kalume',NULL,'',NULL,'','',NULL,'Male',NULL,NULL,NULL,'',NULL,NULL),
(66,3,2,NULL,NULL,'Rose','Mary','Mboja',NULL,'','720611923','2181849','',NULL,'Male',NULL,NULL,NULL,'',NULL,NULL),
(67,4,2,NULL,NULL,'Juma','Ali','Charo',NULL,'',NULL,'','',NULL,'Male',NULL,NULL,NULL,'',NULL,NULL),
(68,3,2,NULL,NULL,'Patience','Dhahabu','Charo',NULL,'','720906891','','',NULL,'Female',NULL,NULL,NULL,'',NULL,NULL),
(69,4,2,NULL,NULL,'Madina','Shida','Kenga',NULL,'',NULL,'','',NULL,'Female',NULL,NULL,NULL,'',NULL,NULL),
(70,4,2,NULL,NULL,'Mary','','Tunje',NULL,'',NULL,'','',NULL,'Female',NULL,NULL,NULL,'',NULL,NULL),
(71,4,2,NULL,NULL,'Mdzomba ','Guyo','Chembe',NULL,'',NULL,'','',NULL,'Male',NULL,NULL,NULL,'',NULL,NULL),
(72,4,2,NULL,NULL,'Sakina','','Mwadzombo',NULL,'',NULL,'','',NULL,'Female',NULL,NULL,NULL,'',NULL,NULL),
(73,3,2,NULL,NULL,'Elizabeth','','Kasiwa',NULL,'','725234289','','',NULL,'Female',NULL,NULL,NULL,'',NULL,NULL),
(74,4,2,NULL,NULL,'Frankline ','','Muthaura',NULL,'',NULL,'','',NULL,'Male',NULL,NULL,NULL,'',NULL,NULL),
(75,4,2,NULL,NULL,'Josehn','Stephen','Murima',NULL,'',NULL,'','',NULL,'Male',NULL,NULL,NULL,'',NULL,NULL),
(76,4,2,NULL,NULL,'Kennedy','','Karisa',NULL,'',NULL,'','',NULL,'Male',NULL,NULL,NULL,'',NULL,NULL),
(77,4,2,NULL,NULL,'Jackson','m','Mwamuye',NULL,'',NULL,'','',NULL,'Male',NULL,NULL,NULL,'',NULL,NULL),
(78,4,2,NULL,NULL,'Gladys','','Kombe',NULL,'',NULL,'','',NULL,'Female',NULL,NULL,NULL,'',NULL,NULL),
(79,4,2,NULL,NULL,'Guzo','','Muta',NULL,'',NULL,'','',NULL,'Male',NULL,NULL,NULL,'',NULL,NULL),
(80,4,2,NULL,NULL,'Jesca ','Charo','Shida',NULL,'',NULL,'','',NULL,'Female',NULL,NULL,NULL,'',NULL,NULL),
(81,4,2,NULL,NULL,'Abdhulaziz','','Mohhamed',NULL,'',NULL,'','',NULL,'Male',NULL,NULL,NULL,'',NULL,NULL),
(82,4,2,NULL,NULL,'Katana ','Karisa','Katana',NULL,'',NULL,'','',NULL,'Male',NULL,NULL,NULL,'',NULL,NULL),
(83,4,2,NULL,NULL,'Muriuki','','Joseph',NULL,'',NULL,'','',NULL,'Male',NULL,NULL,NULL,'',NULL,NULL),
(84,4,2,NULL,NULL,'Kai','','Kajembe',NULL,'',NULL,'','',NULL,'Male',NULL,NULL,NULL,'',NULL,NULL),
(85,3,2,NULL,NULL,'Killian','Mwatsuma','Kanyetta',NULL,'','733554280','4591261','',NULL,'Male',NULL,NULL,NULL,'',NULL,NULL),
(86,4,2,NULL,NULL,'Parrick ','Charo','Ponda',NULL,'',NULL,'','',NULL,'Male',NULL,NULL,NULL,'',NULL,NULL),
(87,4,2,NULL,NULL,'Shuhuli','','Mwamunda',NULL,'',NULL,'','',NULL,'Male',NULL,NULL,NULL,'',NULL,NULL),
(88,4,2,NULL,NULL,'George','','Mwachondo',NULL,'',NULL,'','',NULL,'Male',NULL,NULL,NULL,'',NULL,NULL),
(89,4,2,NULL,NULL,'Samuel','','Mwau',NULL,'',NULL,'','',NULL,'Male',NULL,NULL,NULL,'',NULL,NULL),
(90,4,2,NULL,NULL,'Nyawa','','Charo',NULL,'',NULL,'','',NULL,'Male',NULL,NULL,NULL,'',NULL,NULL),
(91,4,2,NULL,NULL,'Stephen','','Charo',NULL,'',NULL,'','',NULL,'Male',NULL,NULL,NULL,'',NULL,NULL),
(92,4,2,NULL,NULL,'AnnRose','','Karithi',NULL,'',NULL,'','',NULL,'Female',NULL,NULL,NULL,'',NULL,NULL),
(93,4,2,NULL,NULL,'Samuel','','Tsuma',NULL,'',NULL,'','',NULL,'',NULL,NULL,NULL,'',NULL,NULL),
(94,4,2,NULL,NULL,'Godwins','Alfred','Mwai',NULL,'',NULL,'','',NULL,'Male',NULL,NULL,NULL,'',NULL,NULL),
(95,4,2,NULL,NULL,'Stephen',' Otieno','Fredrick',NULL,'',NULL,'','',NULL,'Male',NULL,NULL,NULL,'',NULL,NULL),
(96,4,2,NULL,NULL,'Chirongo','','Mwangoka',NULL,'',NULL,'','',NULL,'Male',NULL,NULL,NULL,'',NULL,NULL),
(97,4,2,NULL,NULL,'Beartice','','Koki',NULL,'',NULL,'','',NULL,'Female',NULL,NULL,NULL,'',NULL,NULL),
(98,3,2,NULL,NULL,'Monicah ','','Mwananje',NULL,'',NULL,'','',NULL,'Female',NULL,NULL,NULL,'',NULL,NULL),
(99,4,2,NULL,NULL,'Salim','Bakari','Mweri',NULL,'',NULL,'','',NULL,'Male',NULL,NULL,NULL,'',NULL,NULL),
(100,4,2,NULL,NULL,'Nickson','m','Kiti',NULL,'',NULL,'','',NULL,'',NULL,NULL,NULL,'',NULL,NULL),
(101,4,2,NULL,NULL,'Fatuma','','Karembo',NULL,'',NULL,'','',NULL,'Female',NULL,NULL,NULL,'',NULL,NULL),
(102,4,2,NULL,NULL,'Salim','','Katana',NULL,'',NULL,'','',NULL,'Male',NULL,NULL,NULL,'',NULL,NULL),
(103,4,2,NULL,NULL,'Sheila','','Anyango',NULL,'',NULL,'','',NULL,'Female',NULL,NULL,NULL,'',NULL,NULL),
(104,4,2,NULL,NULL,'Everline ','','Wanjiku',NULL,'',NULL,'','',NULL,'Female',NULL,NULL,NULL,'',NULL,NULL),
(105,4,2,NULL,NULL,'John','','Ngunjiri',NULL,'',NULL,'','',NULL,'Male',NULL,NULL,NULL,'',NULL,NULL),
(106,4,2,NULL,NULL,'Joseph','Odelo','Leaky',NULL,'',NULL,'','',NULL,'Male',NULL,NULL,NULL,'',NULL,NULL),
(107,3,2,NULL,NULL,'Jenniffer','Mutheu','Mwamboi',NULL,'',NULL,'','',NULL,'Female',NULL,NULL,NULL,'',NULL,NULL),
(108,4,2,NULL,NULL,'John','Kithi','Ngombo',NULL,'',NULL,'','',NULL,'Male',NULL,NULL,NULL,'',NULL,NULL),
(109,4,2,NULL,NULL,'Chrispus','k','Kazungu',NULL,'',NULL,'','',NULL,'Male',NULL,NULL,NULL,'',NULL,NULL),
(110,4,2,NULL,NULL,'Mercy','','Katana',NULL,'',NULL,'','',NULL,'Female',NULL,NULL,NULL,'',NULL,NULL),
(111,4,2,NULL,NULL,'Carol','','Nzai',NULL,'',NULL,'','',NULL,'Female',NULL,NULL,NULL,'',NULL,NULL),
(112,4,2,NULL,NULL,'Daniel','','Jele',NULL,'',NULL,'','',NULL,'Male',NULL,NULL,NULL,'',NULL,NULL),
(113,4,2,NULL,NULL,'Milton','','Mbogo',NULL,'',NULL,'','',NULL,'Male',NULL,NULL,NULL,'',NULL,NULL),
(114,4,2,NULL,NULL,'Elizabeth','','Kitsao',NULL,'',NULL,'','',NULL,'Female',NULL,NULL,NULL,'',NULL,NULL),
(115,4,2,NULL,NULL,'Rehema','','Charo',NULL,'',NULL,'','',NULL,'Female',NULL,NULL,NULL,'',NULL,NULL),
(116,3,2,NULL,NULL,'Ester','P','Kea',NULL,'',NULL,'','',NULL,'Female',NULL,NULL,NULL,'',NULL,NULL),
(117,4,2,NULL,NULL,'Christoper','','Nyale',NULL,'',NULL,'','',NULL,'Male',NULL,NULL,NULL,'',NULL,NULL),
(118,4,2,NULL,NULL,'Charles','','Mbuthia',NULL,'',NULL,'','',NULL,'Male',NULL,NULL,NULL,'',NULL,NULL),
(119,4,2,NULL,NULL,'Emily','Hajilo','Buya',NULL,'',NULL,'','',NULL,'Female',NULL,NULL,NULL,'',NULL,NULL),
(120,3,2,NULL,NULL,'Patience','Dhahabu','Charo',NULL,'',NULL,'','',NULL,'Female',NULL,NULL,NULL,'',NULL,NULL),
(121,4,2,NULL,NULL,'Kaloleni','','Charo',NULL,'',NULL,'','',NULL,'Female',NULL,NULL,NULL,'',NULL,NULL),
(122,4,2,NULL,NULL,'Aisha','','Msinda',NULL,'',NULL,'','',NULL,'Female',NULL,NULL,NULL,'',NULL,NULL),
(123,4,2,NULL,NULL,'Kahindi','','Mitsanze',NULL,'',NULL,'','',NULL,'Male',NULL,NULL,NULL,'',NULL,NULL),
(124,4,2,NULL,NULL,'Veronicah','k','Kenga',NULL,'',NULL,'','',NULL,'Female',NULL,NULL,NULL,'',NULL,NULL),
(125,4,2,NULL,NULL,'Jumwa','','Wanje',NULL,'',NULL,'','',NULL,'Female',NULL,NULL,NULL,'',NULL,NULL),
(126,4,2,NULL,NULL,'Denis','','Mambo',NULL,'',NULL,'','',NULL,'Male',NULL,NULL,NULL,'',NULL,NULL),
(127,3,2,NULL,NULL,'Mercy','','Rodgers',NULL,'',NULL,'','',NULL,'Female',NULL,NULL,NULL,'',NULL,NULL),
(128,4,2,NULL,NULL,'Maurice','',' Kapendezo',NULL,'',NULL,'','',NULL,'Female',NULL,NULL,NULL,'',NULL,NULL),
(129,4,2,NULL,NULL,'Amina','','Bakari',NULL,'',NULL,'','',NULL,'Female',NULL,NULL,NULL,'',NULL,NULL),
(130,4,2,NULL,NULL,'Judith','','mbuche',NULL,'',NULL,'','',NULL,'Female',NULL,NULL,NULL,'',NULL,NULL),
(131,4,2,NULL,NULL,'Peter','Mwamuye','Lewa',NULL,'',NULL,'','',NULL,'Male',NULL,NULL,NULL,'',NULL,NULL),
(132,3,2,NULL,NULL,'Hassan','','Omar',NULL,'',NULL,'','',NULL,'Male',NULL,NULL,NULL,'',NULL,NULL),
(133,4,2,NULL,NULL,'Said','','Maitha',NULL,'',NULL,'','',NULL,'Male',NULL,NULL,NULL,'',NULL,NULL),
(134,4,2,NULL,NULL,'Joseph','','Nyamai',NULL,'',NULL,'','',NULL,'Male',NULL,NULL,NULL,'',NULL,NULL),
(135,4,2,NULL,NULL,'Gambari','','Mangale',NULL,'',NULL,'','',NULL,'Male',NULL,NULL,NULL,'',NULL,NULL),
(136,4,2,NULL,NULL,'Gambari','2','Mangale',NULL,'',NULL,'','',NULL,'',NULL,NULL,NULL,'',NULL,NULL),
(137,3,2,NULL,NULL,'Richard','','Changawa',NULL,'',NULL,'','',NULL,'Male',NULL,NULL,NULL,'',NULL,NULL),
(138,4,2,NULL,NULL,'Agnes','Patience','Amina',NULL,'',NULL,'','',NULL,'Female',NULL,NULL,NULL,'',NULL,NULL),
(139,4,2,NULL,NULL,'Tsuzi','','Ksiim',NULL,'',NULL,'','',NULL,'Female',NULL,NULL,NULL,'',NULL,NULL),
(140,4,2,NULL,NULL,'Julius','','Kalama',NULL,'',NULL,'','',NULL,'Male',NULL,NULL,NULL,'',NULL,NULL),
(141,4,2,NULL,NULL,'Joyce ','','Mnyazi',NULL,'',NULL,'','',NULL,'Female',NULL,NULL,NULL,'',NULL,NULL),
(142,4,2,NULL,NULL,'Elida','h','Lotan',NULL,'',NULL,'','',NULL,'Female',NULL,NULL,NULL,'',NULL,NULL),
(143,4,2,NULL,NULL,'Salama','','Baraka',NULL,'',NULL,'','',NULL,'Female',NULL,NULL,NULL,'',NULL,NULL),
(144,4,2,NULL,NULL,'Peter','','Charo',NULL,'',NULL,'','',NULL,'Male',NULL,NULL,NULL,'',NULL,NULL),
(145,3,2,NULL,NULL,'Newton','','Mwamoto',NULL,'',NULL,'','',NULL,'Male',NULL,NULL,NULL,'',NULL,NULL),
(146,4,2,NULL,NULL,'Josphat','Tiongi','Mwema',NULL,'',NULL,'','',NULL,'Male',NULL,NULL,NULL,'',NULL,NULL),
(147,4,2,NULL,NULL,'margeret','','Lewa',NULL,'',NULL,'','',NULL,'Female',NULL,NULL,NULL,'',NULL,NULL),
(148,4,2,NULL,NULL,'Judah','','Keah',NULL,'',NULL,'','',NULL,'Male',NULL,NULL,NULL,'',NULL,NULL),
(149,4,2,NULL,NULL,'Kyalo','','Kimanzi',NULL,'',NULL,'','',NULL,'Male',NULL,NULL,NULL,'',NULL,NULL),
(150,4,2,NULL,NULL,'Onesmus','','Gona',NULL,'',NULL,'','',NULL,'Male',NULL,NULL,NULL,'',NULL,NULL),
(151,4,2,NULL,NULL,'Kennedy','','Munyao',NULL,'',NULL,'','',NULL,'Male',NULL,NULL,NULL,'',NULL,NULL),
(152,4,2,NULL,NULL,'Abisaki','','Nechesa',NULL,'',NULL,'','',NULL,'Male',NULL,NULL,NULL,'',NULL,NULL),
(153,4,2,NULL,NULL,'Bosire','Joshua','Omwenga',NULL,'',NULL,'','',NULL,'Male',NULL,NULL,NULL,'',NULL,NULL),
(154,4,2,NULL,NULL,'John','','Saro',NULL,'',NULL,'','',NULL,'Male',NULL,NULL,NULL,'',NULL,NULL),
(155,4,2,NULL,NULL,'Stephen','','Lindah',NULL,'',NULL,'','',NULL,'Male',NULL,NULL,NULL,'',NULL,NULL),
(156,3,2,NULL,NULL,'Mary','Pendo','Mumba',NULL,'',NULL,'','',NULL,'Female',NULL,NULL,NULL,'',NULL,NULL),
(157,4,2,NULL,NULL,'Fredrick','','Deche',NULL,'',NULL,'','',NULL,'Male',NULL,NULL,NULL,'',NULL,NULL),
(158,4,2,NULL,NULL,'Everyne ','','Hawa',NULL,'',NULL,'','',NULL,'Female',NULL,NULL,NULL,'',NULL,NULL),
(159,4,2,NULL,NULL,'Peninah','','Fedha',NULL,'',NULL,'','',NULL,'Female',NULL,NULL,NULL,'',NULL,NULL),
(160,3,2,NULL,NULL,'Florence','','Katana',NULL,'',NULL,'','',NULL,'Female',NULL,NULL,NULL,'',NULL,NULL),
(161,3,2,NULL,NULL,'Florence','','Katana',NULL,'',NULL,'','',NULL,'Male',NULL,NULL,NULL,'',NULL,NULL),
(162,4,2,NULL,NULL,'Emmanuel','','Kombe',NULL,'',NULL,'','',NULL,'Male',NULL,NULL,NULL,'',NULL,NULL),
(163,4,2,NULL,NULL,'Robert','Chivtsi','Mwatemo',NULL,'',NULL,'','',NULL,'Male',NULL,NULL,NULL,'',NULL,NULL),
(164,4,2,NULL,NULL,'James','Kombe','enock',NULL,'',NULL,'','',NULL,'Male',NULL,NULL,NULL,'',NULL,NULL),
(165,4,2,NULL,NULL,'Rose','Mugii','Mbura',NULL,'',NULL,'','',NULL,'Female',NULL,NULL,NULL,'',NULL,NULL),
(166,4,2,NULL,NULL,'Charo','','Kitsao',NULL,'',NULL,'','',NULL,'Male',NULL,NULL,NULL,'',NULL,NULL),
(167,4,2,NULL,NULL,'Henry','','Sande',NULL,'',NULL,'','',NULL,'Male',NULL,NULL,NULL,'',NULL,NULL),
(168,4,2,NULL,NULL,'Kalume','Ngumbao','Kithi',NULL,'',NULL,'','',NULL,'Male',NULL,NULL,NULL,'',NULL,NULL),
(169,4,2,NULL,NULL,'margeret','','Kaladze',NULL,'',NULL,'','',NULL,'Female',NULL,NULL,NULL,'',NULL,NULL),
(170,4,2,NULL,NULL,'Slyvester','','Ronald',NULL,'',NULL,'','',NULL,'Male',NULL,NULL,NULL,'',NULL,NULL),
(171,4,2,NULL,NULL,'Reuben','Mwatemo','Chivtsi',NULL,'',NULL,'','',NULL,'Male',NULL,NULL,NULL,'',NULL,NULL),
(172,4,2,NULL,NULL,'Ananiah','','Amani',NULL,'',NULL,'','',NULL,'Male',NULL,NULL,NULL,'',NULL,NULL),
(173,4,2,NULL,NULL,'Jackson','','Hara',NULL,'',NULL,'','',NULL,'Male',NULL,NULL,NULL,'',NULL,NULL),
(174,4,2,NULL,NULL,'Pauline','','K',NULL,'',NULL,'','',NULL,'',NULL,NULL,NULL,'',NULL,NULL),
(175,3,2,NULL,NULL,'Linah','','Hiribae',NULL,'',NULL,'','',NULL,'Female',NULL,NULL,NULL,'',NULL,NULL),
(176,4,2,NULL,NULL,'Anne','Wangari','Njigua',NULL,'',NULL,'','',NULL,'Female',NULL,NULL,NULL,'',NULL,NULL),
(177,3,2,NULL,NULL,'Hassan','','Swaleh',NULL,'',NULL,'','',NULL,'Female',NULL,NULL,NULL,'',NULL,NULL),
(178,4,2,NULL,NULL,'Khadijah','','Said',NULL,'',NULL,'','',NULL,'Female',NULL,NULL,NULL,'',NULL,NULL),
(179,3,2,NULL,NULL,'Karisa','Katana','Nasoro',NULL,'',NULL,'','',NULL,'Male',NULL,NULL,NULL,'',NULL,NULL),
(180,4,2,NULL,NULL,'Mary','Akinyi','Harriet',NULL,'',NULL,'','',NULL,'Female',NULL,NULL,NULL,'',NULL,NULL),
(181,4,2,NULL,NULL,'Emmaculate','','Omolo',NULL,'',NULL,'','',NULL,'Female',NULL,NULL,NULL,'',NULL,NULL),
(182,4,2,NULL,NULL,'Ndolo','','Julius',NULL,'',NULL,'','',NULL,'Male',NULL,NULL,NULL,'',NULL,NULL),
(183,4,2,NULL,NULL,'Juma','','Abdalla',NULL,'',NULL,'','',NULL,'Male',NULL,NULL,NULL,'',NULL,NULL),
(184,4,2,NULL,NULL,'Victor','Kania','Mutuku',NULL,'',NULL,'','',NULL,'Male',NULL,NULL,NULL,'',NULL,NULL),
(185,4,2,NULL,NULL,'Ochieng','','Stephen',NULL,'',NULL,'','',NULL,'Male',NULL,NULL,NULL,'',NULL,NULL),
(186,3,2,NULL,NULL,'Edward','Mwatunza','Mundu',NULL,'',NULL,'','',NULL,'Male',NULL,NULL,NULL,'',NULL,NULL),
(187,4,2,NULL,NULL,'Salim','','Kithi',NULL,'',NULL,'','',NULL,'Male',NULL,NULL,NULL,'',NULL,NULL),
(188,4,2,NULL,NULL,'George','','Othuon',NULL,'',NULL,'','',NULL,'Male',NULL,NULL,NULL,'',NULL,NULL),
(189,4,2,NULL,NULL,'Everlyne','Dama','Angore',NULL,'',NULL,'','',NULL,'Female',NULL,NULL,NULL,'',NULL,NULL),
(190,4,2,NULL,NULL,'Saiboku','m','Mollel',NULL,'',NULL,'','',NULL,'Male',NULL,NULL,NULL,'',NULL,NULL),
(191,4,2,NULL,NULL,'Agnes','Samini','Chefu',NULL,'',NULL,'','',NULL,'Female',NULL,NULL,NULL,'',NULL,NULL),
(192,3,2,NULL,NULL,'Loyce','Dhahabu','Mtwana',NULL,'',NULL,'','',NULL,'Female',NULL,NULL,NULL,'',NULL,NULL),
(193,4,2,NULL,NULL,'Nyiramafaranga ','','Adidja',NULL,'',NULL,'','',NULL,'Female',NULL,NULL,NULL,'',NULL,NULL),
(194,4,2,NULL,NULL,'Philip','Onsase','Nyakundi',NULL,'',NULL,'','',NULL,'Male',NULL,NULL,NULL,'',NULL,NULL),
(195,4,2,NULL,NULL,'Ramadhani','Saidi','Ramadhani',NULL,'',NULL,'','',NULL,'Male',NULL,NULL,NULL,'',NULL,NULL),
(196,3,2,NULL,NULL,'Salama','','Matano',NULL,'',NULL,'','',NULL,'Female',NULL,NULL,NULL,'',NULL,NULL),
(197,4,2,NULL,NULL,'Peter','Muema','Maluki',NULL,'',NULL,'','',NULL,'Male',NULL,NULL,NULL,'',NULL,NULL),
(198,3,2,NULL,NULL,'Jimmy','Mwambegu','Mumba',NULL,'',NULL,'','',NULL,'Male',NULL,NULL,NULL,'',NULL,NULL),
(199,4,2,NULL,NULL,'Beatrice','','Jambo',NULL,'',NULL,'','',NULL,'Female',NULL,NULL,NULL,'',NULL,NULL),
(200,3,2,NULL,NULL,'Daniel','Lewa','Dzombo',NULL,'',NULL,'','',NULL,'Male',NULL,NULL,NULL,'',NULL,NULL),
(201,4,2,NULL,NULL,'Lavenda','','Ayoti',NULL,'',NULL,'','',NULL,'Female',NULL,NULL,NULL,'',NULL,NULL),
(202,4,2,NULL,NULL,'Baraka','','Kazungu',NULL,'',NULL,'','',NULL,'Male',NULL,NULL,NULL,'',NULL,NULL),
(203,4,2,NULL,NULL,'Benson','Ruma','Mangale',NULL,'',NULL,'','',NULL,'Male',NULL,NULL,NULL,'',NULL,NULL),
(204,4,2,NULL,NULL,'Josphat','','Kiti',NULL,'',NULL,'','',NULL,'Male',NULL,NULL,NULL,'',NULL,NULL),
(205,4,2,NULL,NULL,'Julius','','Katoto',NULL,'',NULL,'','',NULL,'Male',NULL,NULL,NULL,'',NULL,NULL),
(206,4,2,NULL,NULL,'Susan','','Maluki',NULL,'',NULL,'','',NULL,'Female',NULL,NULL,NULL,'',NULL,NULL),
(207,4,2,NULL,NULL,'Francis','','Chivatsi',NULL,'',NULL,'','',NULL,'Male',NULL,NULL,NULL,'',NULL,NULL),
(208,4,2,NULL,NULL,'Hamisi','','Mbura',NULL,'',NULL,'','',NULL,'',NULL,NULL,NULL,'',NULL,NULL),
(209,3,2,NULL,NULL,'Lenox ','','Mkutanoni',NULL,'',NULL,'','',NULL,'Male',NULL,NULL,NULL,'',NULL,NULL),
(210,4,2,NULL,NULL,'Dorah ','','Kinyeu',NULL,'',NULL,'','',NULL,'Female',NULL,NULL,NULL,'',NULL,NULL),
(211,4,2,NULL,NULL,'Shamsa','','Suleiman',NULL,'',NULL,'','',NULL,'Female',NULL,NULL,NULL,'',NULL,NULL),
(212,4,2,NULL,NULL,'Laymax','','Mwamuye',NULL,'',NULL,'','',NULL,'Male',NULL,NULL,NULL,'',NULL,NULL),
(213,4,2,NULL,NULL,'David','','Charo',NULL,'',NULL,'','',NULL,'Male',NULL,NULL,NULL,'',NULL,NULL),
(214,4,2,NULL,NULL,'Amos ','','Masha',NULL,'',NULL,'','',NULL,'Male',NULL,NULL,NULL,'',NULL,NULL),
(215,4,2,NULL,NULL,'James','','Iha',NULL,'',NULL,'','',NULL,'Male',NULL,NULL,NULL,'',NULL,NULL),
(216,4,2,NULL,NULL,'Nelson','','Mandela',NULL,'',NULL,'','',NULL,'Male',NULL,NULL,NULL,'',NULL,NULL),
(217,4,2,NULL,NULL,'Davine','Irene','Amond',NULL,'',NULL,'','',NULL,'Female',NULL,NULL,NULL,'',NULL,NULL),
(218,4,2,NULL,NULL,'Eric','','Mwangiri',NULL,'',NULL,'','',NULL,'Male',NULL,NULL,NULL,'',NULL,NULL),
(219,4,2,NULL,NULL,'Mark s. Ndurya','','Katana Mwango',NULL,'',NULL,'','',NULL,'Male',NULL,NULL,NULL,'',NULL,NULL),
(221,3,2,NULL,NULL,'Agnes','bendera','Nzai',NULL,'','0723397330','','',NULL,'Female',NULL,NULL,NULL,'',NULL,NULL),
(223,4,2,NULL,NULL,'Rehema','','luwali',NULL,'','0712829419','','','2017-08-26 12:18:47','Female',NULL,NULL,NULL,'','',''),
(224,4,2,NULL,NULL,'agnes ','luvuno','munga',NULL,'','0721531069','','','2017-08-26 12:23:03','Female',NULL,NULL,NULL,'','',''),
(225,4,2,NULL,NULL,'mama','','zuberi',NULL,'','0721531664','','','2017-08-26 12:23:55','Female',NULL,NULL,NULL,'','',''),
(226,4,2,NULL,NULL,'mtunga','','m',NULL,'','0721554044','','','2017-08-26 12:27:39','Male',NULL,NULL,NULL,'','',''),
(227,3,2,NULL,NULL,'Elida','','Auma',NULL,'test@test.com','0710101014','2323232','','2018-03-21 19:52:24','Female',NULL,NULL,NULL,'Kikambala',NULL,NULL),
(228,4,2,NULL,NULL,'Rosemary','','Awuor',NULL,'rsy@test.com','0710101015','25167171','','2018-03-21 19:59:33','Female',NULL,NULL,NULL,'Kikambala','IT','');

/*!40101 SET SQL_MODE=@OLD_SQL_MODE */;
/*!40014 SET FOREIGN_KEY_CHECKS=@OLD_FOREIGN_KEY_CHECKS */;
/*!40014 SET UNIQUE_CHECKS=@OLD_UNIQUE_CHECKS */;
/*!40111 SET SQL_NOTES=@OLD_SQL_NOTES */;
