/*
SQLyog Community v12.5.0 (64 bit)
MySQL - 5.7.19 : Database - real_jongeto
*********************************************************************
*/

/*!40101 SET NAMES utf8 */;

/*!40101 SET SQL_MODE=''*/;

/*!40014 SET @OLD_UNIQUE_CHECKS=@@UNIQUE_CHECKS, UNIQUE_CHECKS=0 */;
/*!40014 SET @OLD_FOREIGN_KEY_CHECKS=@@FOREIGN_KEY_CHECKS, FOREIGN_KEY_CHECKS=0 */;
/*!40101 SET @OLD_SQL_MODE=@@SQL_MODE, SQL_MODE='NO_AUTO_VALUE_ON_ZERO' */;
/*!40111 SET @OLD_SQL_NOTES=@@SQL_NOTES, SQL_NOTES=0 */;
CREATE DATABASE /*!32312 IF NOT EXISTS*/`real_jongeto` /*!40100 DEFAULT CHARACTER SET latin1 */;

USE `real_jongeto`;

/*Table structure for table `re_account_chart` */

DROP TABLE IF EXISTS `re_account_chart`;

CREATE TABLE `re_account_chart` (
  `id` int(11) NOT NULL AUTO_INCREMENT,
  `code` int(11) NOT NULL,
  `name` varchar(255) NOT NULL DEFAULT '',
  `fk_re_account_type` int(11) DEFAULT NULL,
  `status` int(11) DEFAULT NULL,
  `description` text,
  `created_by` int(11) DEFAULT NULL,
  `modified_by` int(11) DEFAULT NULL,
  `created_on` int(11) DEFAULT NULL,
  `modified_on` int(11) DEFAULT NULL,
  PRIMARY KEY (`id`),
  KEY `fk_re_account_type` (`fk_re_account_type`),
  CONSTRAINT `re_account_chart_ibfk_1` FOREIGN KEY (`fk_re_account_type`) REFERENCES `re_account_type` (`id`)
) ENGINE=InnoDB AUTO_INCREMENT=47 DEFAULT CHARSET=utf8;

/*Data for the table `re_account_chart` */

insert  into `re_account_chart`(`id`,`code`,`name`,`fk_re_account_type`,`status`,`description`,`created_by`,`modified_by`,`created_on`,`modified_on`) values 
(32,1101,'Cash',1,1,'Cash Account',1,NULL,NULL,NULL),
(33,1102,'Bank',1,1,'Bank Account',1,NULL,NULL,NULL),
(34,1103,'Accounts Receivable',1,1,'Accounts Receivable\r\n',1,NULL,NULL,NULL),
(35,1104,'Accounts Payable',2,1,'Accounts Payable\r\n',1,NULL,NULL,NULL),
(36,1105,'Rent Income',4,1,NULL,1,NULL,NULL,NULL),
(38,1107,'Disbursement',2,1,'Disbursement account',1,NULL,NULL,NULL),
(39,1108,'Imprest',2,1,'Imprest paid to landlords',1,NULL,NULL,NULL),
(40,1109,'Commission',4,1,NULL,1,NULL,NULL,NULL),
(41,1110,'Transport',5,1,NULL,1,NULL,NULL,NULL),
(42,1111,'Lunch',5,1,NULL,1,NULL,NULL,NULL),
(43,1112,'Bank Charges',5,1,NULL,1,NULL,NULL,NULL),
(44,1113,'Salary',5,1,NULL,1,NULL,NULL,NULL),
(45,1114,'Salary Advance',5,1,NULL,1,NULL,NULL,NULL),
(46,1115,'Penalty Waiver',5,1,NULL,1,NULL,NULL,NULL);

/*Table structure for table `re_account_entries` */

DROP TABLE IF EXISTS `re_account_entries`;

CREATE TABLE `re_account_entries` (
  `id` int(11) NOT NULL AUTO_INCREMENT,
  `fk_account_chart` int(11) NOT NULL,
  `trasaction_type` enum('credit','debit') NOT NULL,
  `particulars` varchar(200) DEFAULT NULL,
  `amount` double NOT NULL,
  `entry_date` date NOT NULL,
  `created_on` datetime DEFAULT NULL,
  `created_by` int(11) DEFAULT NULL,
  `origin_id` int(11) DEFAULT NULL,
  `origin_model` varchar(30) DEFAULT NULL,
  PRIMARY KEY (`id`)
) ENGINE=InnoDB AUTO_INCREMENT=2231 DEFAULT CHARSET=utf8;

/*Data for the table `re_account_entries` */

insert  into `re_account_entries`(`id`,`fk_account_chart`,`trasaction_type`,`particulars`,`amount`,`entry_date`,`created_on`,`created_by`,`origin_id`,`origin_model`) values 
(1525,36,'debit','',7500,'2018-04-14','2018-04-14 06:08:36',1,886,'app\\models\\OccupancyRent'),
(1526,34,'credit','',7500,'2018-04-14','2018-04-14 06:08:36',1,886,'app\\models\\OccupancyRent'),
(1527,36,'debit','',7000,'2018-04-14','2018-04-14 06:08:36',1,888,'app\\models\\OccupancyRent'),
(1528,34,'credit','',7000,'2018-04-14','2018-04-14 06:08:36',1,888,'app\\models\\OccupancyRent'),
(1529,36,'debit','',7000,'2018-04-14','2018-04-14 06:08:36',1,890,'app\\models\\OccupancyRent'),
(1530,34,'credit','',7000,'2018-04-14','2018-04-14 06:08:36',1,890,'app\\models\\OccupancyRent'),
(1531,36,'debit','',2300,'2018-04-14','2018-04-14 06:08:36',1,892,'app\\models\\OccupancyRent'),
(1532,34,'credit','',2300,'2018-04-14','2018-04-14 06:08:36',1,892,'app\\models\\OccupancyRent'),
(1533,36,'debit','',2300,'2018-04-14','2018-04-14 06:08:37',1,894,'app\\models\\OccupancyRent'),
(1534,34,'credit','',2300,'2018-04-14','2018-04-14 06:08:37',1,894,'app\\models\\OccupancyRent'),
(1535,36,'debit','',2300,'2018-04-14','2018-04-14 06:08:37',1,896,'app\\models\\OccupancyRent'),
(1536,34,'credit','',2300,'2018-04-14','2018-04-14 06:08:37',1,896,'app\\models\\OccupancyRent'),
(1537,36,'debit','',2300,'2018-04-14','2018-04-14 06:08:37',1,898,'app\\models\\OccupancyRent'),
(1538,34,'credit','',2300,'2018-04-14','2018-04-14 06:08:37',1,898,'app\\models\\OccupancyRent'),
(1539,36,'debit','',2300,'2018-04-14','2018-04-14 06:08:38',1,900,'app\\models\\OccupancyRent'),
(1540,34,'credit','',2300,'2018-04-14','2018-04-14 06:08:38',1,900,'app\\models\\OccupancyRent'),
(1541,36,'debit','',2300,'2018-04-14','2018-04-14 06:08:38',1,902,'app\\models\\OccupancyRent'),
(1542,34,'credit','',2300,'2018-04-14','2018-04-14 06:08:38',1,902,'app\\models\\OccupancyRent'),
(1543,36,'debit','',2300,'2018-04-14','2018-04-14 06:08:38',1,904,'app\\models\\OccupancyRent'),
(1544,34,'credit','',2300,'2018-04-14','2018-04-14 06:08:38',1,904,'app\\models\\OccupancyRent'),
(1545,36,'debit','',2500,'2018-04-14','2018-04-14 06:08:38',1,906,'app\\models\\OccupancyRent'),
(1546,34,'credit','',2500,'2018-04-14','2018-04-14 06:08:38',1,906,'app\\models\\OccupancyRent'),
(1547,36,'debit','',2300,'2018-04-14','2018-04-14 06:08:38',1,908,'app\\models\\OccupancyRent'),
(1548,34,'credit','',2300,'2018-04-14','2018-04-14 06:08:38',1,908,'app\\models\\OccupancyRent'),
(1549,36,'debit','',2500,'2018-04-14','2018-04-14 06:08:39',1,910,'app\\models\\OccupancyRent'),
(1550,34,'credit','',2500,'2018-04-14','2018-04-14 06:08:39',1,910,'app\\models\\OccupancyRent'),
(1551,36,'debit','',2300,'2018-04-14','2018-04-14 06:08:39',1,912,'app\\models\\OccupancyRent'),
(1552,34,'credit','',2300,'2018-04-14','2018-04-14 06:08:39',1,912,'app\\models\\OccupancyRent'),
(1553,36,'debit','',1500,'2018-04-14','2018-04-14 06:08:39',1,914,'app\\models\\OccupancyRent'),
(1554,34,'credit','',1500,'2018-04-14','2018-04-14 06:08:39',1,914,'app\\models\\OccupancyRent'),
(1555,36,'debit','',1500,'2018-04-14','2018-04-14 06:08:39',1,916,'app\\models\\OccupancyRent'),
(1556,34,'credit','',1500,'2018-04-14','2018-04-14 06:08:39',1,916,'app\\models\\OccupancyRent'),
(1557,36,'debit','',1500,'2018-04-14','2018-04-14 06:08:39',1,918,'app\\models\\OccupancyRent'),
(1558,34,'credit','',1500,'2018-04-14','2018-04-14 06:08:39',1,918,'app\\models\\OccupancyRent'),
(1559,36,'debit','',700,'2018-04-14','2018-04-14 06:08:40',1,920,'app\\models\\OccupancyRent'),
(1560,34,'credit','',700,'2018-04-14','2018-04-14 06:08:40',1,920,'app\\models\\OccupancyRent'),
(1561,36,'debit','',700,'2018-04-14','2018-04-14 06:08:40',1,922,'app\\models\\OccupancyRent'),
(1562,34,'credit','',700,'2018-04-14','2018-04-14 06:08:40',1,922,'app\\models\\OccupancyRent'),
(1563,36,'debit','',700,'2018-04-14','2018-04-14 06:08:40',1,924,'app\\models\\OccupancyRent'),
(1564,34,'credit','',700,'2018-04-14','2018-04-14 06:08:40',1,924,'app\\models\\OccupancyRent'),
(1565,36,'debit','',700,'2018-04-14','2018-04-14 06:08:40',1,926,'app\\models\\OccupancyRent'),
(1566,34,'credit','',700,'2018-04-14','2018-04-14 06:08:40',1,926,'app\\models\\OccupancyRent'),
(1567,36,'debit','',700,'2018-04-14','2018-04-14 06:08:40',1,928,'app\\models\\OccupancyRent'),
(1568,34,'credit','',700,'2018-04-14','2018-04-14 06:08:40',1,928,'app\\models\\OccupancyRent'),
(1569,36,'debit','',700,'2018-04-14','2018-04-14 06:08:41',1,930,'app\\models\\OccupancyRent'),
(1570,34,'credit','',700,'2018-04-14','2018-04-14 06:08:41',1,930,'app\\models\\OccupancyRent'),
(1571,36,'debit','',1300,'2018-04-14','2018-04-14 06:08:41',1,932,'app\\models\\OccupancyRent'),
(1572,34,'credit','',1300,'2018-04-14','2018-04-14 06:08:41',1,932,'app\\models\\OccupancyRent'),
(1573,36,'debit','',1300,'2018-04-14','2018-04-14 06:08:41',1,934,'app\\models\\OccupancyRent'),
(1574,34,'credit','',1300,'2018-04-14','2018-04-14 06:08:41',1,934,'app\\models\\OccupancyRent'),
(1575,36,'debit','',1300,'2018-04-14','2018-04-14 06:08:41',1,936,'app\\models\\OccupancyRent'),
(1576,34,'credit','',1300,'2018-04-14','2018-04-14 06:08:41',1,936,'app\\models\\OccupancyRent'),
(1577,36,'debit','',1300,'2018-04-14','2018-04-14 06:08:41',1,938,'app\\models\\OccupancyRent'),
(1578,34,'credit','',1300,'2018-04-14','2018-04-14 06:08:41',1,938,'app\\models\\OccupancyRent'),
(1579,36,'debit','',1300,'2018-04-14','2018-04-14 06:08:42',1,940,'app\\models\\OccupancyRent'),
(1580,34,'credit','',1300,'2018-04-14','2018-04-14 06:08:42',1,940,'app\\models\\OccupancyRent'),
(1581,36,'debit','',1300,'2018-04-14','2018-04-14 06:08:42',1,942,'app\\models\\OccupancyRent'),
(1582,34,'credit','',1300,'2018-04-14','2018-04-14 06:08:42',1,942,'app\\models\\OccupancyRent'),
(1583,36,'debit','',1300,'2018-04-14','2018-04-14 06:08:42',1,944,'app\\models\\OccupancyRent'),
(1584,34,'credit','',1300,'2018-04-14','2018-04-14 06:08:42',1,944,'app\\models\\OccupancyRent'),
(1585,36,'debit','',1300,'2018-04-14','2018-04-14 06:08:42',1,946,'app\\models\\OccupancyRent'),
(1586,34,'credit','',1300,'2018-04-14','2018-04-14 06:08:42',1,946,'app\\models\\OccupancyRent'),
(1587,36,'debit','',1300,'2018-04-14','2018-04-14 06:08:43',1,948,'app\\models\\OccupancyRent'),
(1588,34,'credit','',1300,'2018-04-14','2018-04-14 06:08:43',1,948,'app\\models\\OccupancyRent'),
(1589,36,'debit','',1300,'2018-04-14','2018-04-14 06:08:43',1,950,'app\\models\\OccupancyRent'),
(1590,34,'credit','',1300,'2018-04-14','2018-04-14 06:08:43',1,950,'app\\models\\OccupancyRent'),
(1591,36,'debit','',1300,'2018-04-14','2018-04-14 06:08:43',1,952,'app\\models\\OccupancyRent'),
(1592,34,'credit','',1300,'2018-04-14','2018-04-14 06:08:43',1,952,'app\\models\\OccupancyRent'),
(1593,36,'debit','',1300,'2018-04-14','2018-04-14 06:08:43',1,954,'app\\models\\OccupancyRent'),
(1594,34,'credit','',1300,'2018-04-14','2018-04-14 06:08:43',1,954,'app\\models\\OccupancyRent'),
(1595,36,'debit','',2000,'2018-04-14','2018-04-14 06:08:43',1,956,'app\\models\\OccupancyRent'),
(1596,34,'credit','',2000,'2018-04-14','2018-04-14 06:08:43',1,956,'app\\models\\OccupancyRent'),
(1597,36,'debit','',2000,'2018-04-14','2018-04-14 06:08:43',1,958,'app\\models\\OccupancyRent'),
(1598,34,'credit','',2000,'2018-04-14','2018-04-14 06:08:43',1,958,'app\\models\\OccupancyRent'),
(1599,36,'debit','',2000,'2018-04-14','2018-04-14 06:08:44',1,960,'app\\models\\OccupancyRent'),
(1600,34,'credit','',2000,'2018-04-14','2018-04-14 06:08:44',1,960,'app\\models\\OccupancyRent'),
(1601,36,'debit','',2000,'2018-04-14','2018-04-14 06:08:44',1,962,'app\\models\\OccupancyRent'),
(1602,34,'credit','',2000,'2018-04-14','2018-04-14 06:08:44',1,962,'app\\models\\OccupancyRent'),
(1603,36,'debit','',2000,'2018-04-14','2018-04-14 06:08:44',1,964,'app\\models\\OccupancyRent'),
(1604,34,'credit','',2000,'2018-04-14','2018-04-14 06:08:44',1,964,'app\\models\\OccupancyRent'),
(1605,36,'debit','',2000,'2018-04-14','2018-04-14 06:08:44',1,966,'app\\models\\OccupancyRent'),
(1606,34,'credit','',2000,'2018-04-14','2018-04-14 06:08:44',1,966,'app\\models\\OccupancyRent'),
(1607,36,'debit','',1500,'2018-04-14','2018-04-14 06:08:44',1,968,'app\\models\\OccupancyRent'),
(1608,34,'credit','',1500,'2018-04-14','2018-04-14 06:08:44',1,968,'app\\models\\OccupancyRent'),
(1609,36,'debit','',5000,'2018-04-14','2018-04-14 06:08:45',1,970,'app\\models\\OccupancyRent'),
(1610,34,'credit','',5000,'2018-04-14','2018-04-14 06:08:45',1,970,'app\\models\\OccupancyRent'),
(1611,36,'debit','',1000,'2018-04-14','2018-04-14 06:08:45',1,972,'app\\models\\OccupancyRent'),
(1612,34,'credit','',1000,'2018-04-14','2018-04-14 06:08:45',1,972,'app\\models\\OccupancyRent'),
(1613,36,'debit','',1000,'2018-04-14','2018-04-14 06:08:45',1,974,'app\\models\\OccupancyRent'),
(1614,34,'credit','',1000,'2018-04-14','2018-04-14 06:08:45',1,974,'app\\models\\OccupancyRent'),
(1615,36,'debit','',1000,'2018-04-14','2018-04-14 06:08:45',1,976,'app\\models\\OccupancyRent'),
(1616,34,'credit','',1000,'2018-04-14','2018-04-14 06:08:45',1,976,'app\\models\\OccupancyRent'),
(1617,36,'debit','',1000,'2018-04-14','2018-04-14 06:08:45',1,978,'app\\models\\OccupancyRent'),
(1618,34,'credit','',1000,'2018-04-14','2018-04-14 06:08:45',1,978,'app\\models\\OccupancyRent'),
(1619,36,'debit','',1500,'2018-04-14','2018-04-14 06:08:46',1,980,'app\\models\\OccupancyRent'),
(1620,34,'credit','',1500,'2018-04-14','2018-04-14 06:08:46',1,980,'app\\models\\OccupancyRent'),
(1621,36,'debit','',1500,'2018-04-14','2018-04-14 06:08:46',1,982,'app\\models\\OccupancyRent'),
(1622,34,'credit','',1500,'2018-04-14','2018-04-14 06:08:46',1,982,'app\\models\\OccupancyRent'),
(1623,36,'debit','',1500,'2018-04-14','2018-04-14 06:08:46',1,984,'app\\models\\OccupancyRent'),
(1624,34,'credit','',1500,'2018-04-14','2018-04-14 06:08:46',1,984,'app\\models\\OccupancyRent'),
(1625,36,'debit','',1500,'2018-04-14','2018-04-14 06:08:46',1,986,'app\\models\\OccupancyRent'),
(1626,34,'credit','',1500,'2018-04-14','2018-04-14 06:08:46',1,986,'app\\models\\OccupancyRent'),
(1627,36,'debit','',3500,'2018-04-14','2018-04-14 06:08:46',1,988,'app\\models\\OccupancyRent'),
(1628,34,'credit','',3500,'2018-04-14','2018-04-14 06:08:46',1,988,'app\\models\\OccupancyRent'),
(1629,36,'debit','',1500,'2018-04-14','2018-04-14 06:08:47',1,990,'app\\models\\OccupancyRent'),
(1630,34,'credit','',1500,'2018-04-14','2018-04-14 06:08:47',1,990,'app\\models\\OccupancyRent'),
(1631,36,'debit','',1500,'2018-04-14','2018-04-14 06:08:47',1,992,'app\\models\\OccupancyRent'),
(1632,34,'credit','',1500,'2018-04-14','2018-04-14 06:08:47',1,992,'app\\models\\OccupancyRent'),
(1633,36,'debit','',1500,'2018-04-14','2018-04-14 06:08:47',1,994,'app\\models\\OccupancyRent'),
(1634,34,'credit','',1500,'2018-04-14','2018-04-14 06:08:47',1,994,'app\\models\\OccupancyRent'),
(1635,36,'debit','',1500,'2018-04-14','2018-04-14 06:08:47',1,996,'app\\models\\OccupancyRent'),
(1636,34,'credit','',1500,'2018-04-14','2018-04-14 06:08:47',1,996,'app\\models\\OccupancyRent'),
(1637,36,'debit','',1500,'2018-04-14','2018-04-14 06:08:47',1,998,'app\\models\\OccupancyRent'),
(1638,34,'credit','',1500,'2018-04-14','2018-04-14 06:08:47',1,998,'app\\models\\OccupancyRent'),
(1639,36,'debit','',1500,'2018-04-14','2018-04-14 06:08:48',1,1000,'app\\models\\OccupancyRent'),
(1640,34,'credit','',1500,'2018-04-14','2018-04-14 06:08:48',1,1000,'app\\models\\OccupancyRent'),
(1641,36,'debit','',2000,'2018-04-14','2018-04-14 06:08:48',1,1002,'app\\models\\OccupancyRent'),
(1642,34,'credit','',2000,'2018-04-14','2018-04-14 06:08:48',1,1002,'app\\models\\OccupancyRent'),
(1643,36,'debit','',2000,'2018-04-14','2018-04-14 06:08:48',1,1004,'app\\models\\OccupancyRent'),
(1644,34,'credit','',2000,'2018-04-14','2018-04-14 06:08:48',1,1004,'app\\models\\OccupancyRent'),
(1645,36,'debit','',2000,'2018-04-14','2018-04-14 06:08:49',1,1006,'app\\models\\OccupancyRent'),
(1646,34,'credit','',2000,'2018-04-14','2018-04-14 06:08:49',1,1006,'app\\models\\OccupancyRent'),
(1647,36,'debit','',2000,'2018-04-14','2018-04-14 06:08:49',1,1008,'app\\models\\OccupancyRent'),
(1648,34,'credit','',2000,'2018-04-14','2018-04-14 06:08:49',1,1008,'app\\models\\OccupancyRent'),
(1649,36,'debit','',2000,'2018-04-14','2018-04-14 06:08:49',1,1010,'app\\models\\OccupancyRent'),
(1650,34,'credit','',2000,'2018-04-14','2018-04-14 06:08:49',1,1010,'app\\models\\OccupancyRent'),
(1651,36,'debit','',2000,'2018-04-14','2018-04-14 06:08:49',1,1012,'app\\models\\OccupancyRent'),
(1652,34,'credit','',2000,'2018-04-14','2018-04-14 06:08:49',1,1012,'app\\models\\OccupancyRent'),
(1653,36,'debit','',2000,'2018-04-14','2018-04-14 06:08:50',1,1014,'app\\models\\OccupancyRent'),
(1654,34,'credit','',2000,'2018-04-14','2018-04-14 06:08:50',1,1014,'app\\models\\OccupancyRent'),
(1655,36,'debit','',2000,'2018-04-14','2018-04-14 06:08:50',1,1016,'app\\models\\OccupancyRent'),
(1656,34,'credit','',2000,'2018-04-14','2018-04-14 06:08:50',1,1016,'app\\models\\OccupancyRent'),
(1657,36,'debit','',2000,'2018-04-14','2018-04-14 06:08:50',1,1018,'app\\models\\OccupancyRent'),
(1658,34,'credit','',2000,'2018-04-14','2018-04-14 06:08:50',1,1018,'app\\models\\OccupancyRent'),
(1659,36,'debit','',2000,'2018-04-14','2018-04-14 06:08:50',1,1020,'app\\models\\OccupancyRent'),
(1660,34,'credit','',2000,'2018-04-14','2018-04-14 06:08:50',1,1020,'app\\models\\OccupancyRent'),
(1661,36,'debit','',2000,'2018-04-14','2018-04-14 06:08:50',1,1022,'app\\models\\OccupancyRent'),
(1662,34,'credit','',2000,'2018-04-14','2018-04-14 06:08:50',1,1022,'app\\models\\OccupancyRent'),
(1663,36,'debit','',1800,'2018-04-14','2018-04-14 06:08:50',1,1024,'app\\models\\OccupancyRent'),
(1664,34,'credit','',1800,'2018-04-14','2018-04-14 06:08:50',1,1024,'app\\models\\OccupancyRent'),
(1665,36,'debit','',1800,'2018-04-14','2018-04-14 06:08:51',1,1026,'app\\models\\OccupancyRent'),
(1666,34,'credit','',1800,'2018-04-14','2018-04-14 06:08:51',1,1026,'app\\models\\OccupancyRent'),
(1667,36,'debit','',1800,'2018-04-14','2018-04-14 06:08:51',1,1028,'app\\models\\OccupancyRent'),
(1668,34,'credit','',1800,'2018-04-14','2018-04-14 06:08:51',1,1028,'app\\models\\OccupancyRent'),
(1669,36,'debit','',1800,'2018-04-14','2018-04-14 06:08:51',1,1030,'app\\models\\OccupancyRent'),
(1670,34,'credit','',1800,'2018-04-14','2018-04-14 06:08:51',1,1030,'app\\models\\OccupancyRent'),
(1671,36,'debit','',1800,'2018-04-14','2018-04-14 06:08:51',1,1032,'app\\models\\OccupancyRent'),
(1672,34,'credit','',1800,'2018-04-14','2018-04-14 06:08:51',1,1032,'app\\models\\OccupancyRent'),
(1673,36,'debit','',1800,'2018-04-14','2018-04-14 06:08:51',1,1034,'app\\models\\OccupancyRent'),
(1674,34,'credit','',1800,'2018-04-14','2018-04-14 06:08:51',1,1034,'app\\models\\OccupancyRent'),
(1675,36,'debit','',1800,'2018-04-14','2018-04-14 06:08:52',1,1036,'app\\models\\OccupancyRent'),
(1676,34,'credit','',1800,'2018-04-14','2018-04-14 06:08:52',1,1036,'app\\models\\OccupancyRent'),
(1677,36,'debit','',1800,'2018-04-14','2018-04-14 06:08:52',1,1038,'app\\models\\OccupancyRent'),
(1678,34,'credit','',1800,'2018-04-14','2018-04-14 06:08:52',1,1038,'app\\models\\OccupancyRent'),
(1679,36,'debit','',1200,'2018-04-14','2018-04-14 06:08:52',1,1040,'app\\models\\OccupancyRent'),
(1680,34,'credit','',1200,'2018-04-14','2018-04-14 06:08:52',1,1040,'app\\models\\OccupancyRent'),
(1681,36,'debit','',1200,'2018-04-14','2018-04-14 06:08:52',1,1042,'app\\models\\OccupancyRent'),
(1682,34,'credit','',1200,'2018-04-14','2018-04-14 06:08:52',1,1042,'app\\models\\OccupancyRent'),
(1683,36,'debit','',1200,'2018-04-14','2018-04-14 06:08:52',1,1044,'app\\models\\OccupancyRent'),
(1684,34,'credit','',1200,'2018-04-14','2018-04-14 06:08:52',1,1044,'app\\models\\OccupancyRent'),
(1685,36,'debit','',1200,'2018-04-14','2018-04-14 06:08:52',1,1046,'app\\models\\OccupancyRent'),
(1686,34,'credit','',1200,'2018-04-14','2018-04-14 06:08:52',1,1046,'app\\models\\OccupancyRent'),
(1687,36,'debit','',1200,'2018-04-14','2018-04-14 06:08:53',1,1048,'app\\models\\OccupancyRent'),
(1688,34,'credit','',1200,'2018-04-14','2018-04-14 06:08:53',1,1048,'app\\models\\OccupancyRent'),
(1689,36,'debit','',1200,'2018-04-14','2018-04-14 06:08:53',1,1050,'app\\models\\OccupancyRent'),
(1690,34,'credit','',1200,'2018-04-14','2018-04-14 06:08:53',1,1050,'app\\models\\OccupancyRent'),
(1691,36,'debit','',1200,'2018-04-14','2018-04-14 06:08:53',1,1052,'app\\models\\OccupancyRent'),
(1692,34,'credit','',1200,'2018-04-14','2018-04-14 06:08:53',1,1052,'app\\models\\OccupancyRent'),
(1693,36,'debit','',1200,'2018-04-14','2018-04-14 06:08:53',1,1054,'app\\models\\OccupancyRent'),
(1694,34,'credit','',1200,'2018-04-14','2018-04-14 06:08:53',1,1054,'app\\models\\OccupancyRent'),
(1695,36,'debit','',1000,'2018-04-14','2018-04-14 06:08:54',1,1056,'app\\models\\OccupancyRent'),
(1696,34,'credit','',1000,'2018-04-14','2018-04-14 06:08:54',1,1056,'app\\models\\OccupancyRent'),
(1697,36,'debit','',1000,'2018-04-14','2018-04-14 06:08:54',1,1058,'app\\models\\OccupancyRent'),
(1698,34,'credit','',1000,'2018-04-14','2018-04-14 06:08:54',1,1058,'app\\models\\OccupancyRent'),
(1699,36,'debit','',1000,'2018-04-14','2018-04-14 06:08:54',1,1060,'app\\models\\OccupancyRent'),
(1700,34,'credit','',1000,'2018-04-14','2018-04-14 06:08:54',1,1060,'app\\models\\OccupancyRent'),
(1701,36,'debit','',800,'2018-04-14','2018-04-14 06:08:54',1,1062,'app\\models\\OccupancyRent'),
(1702,34,'credit','',800,'2018-04-14','2018-04-14 06:08:54',1,1062,'app\\models\\OccupancyRent'),
(1703,36,'debit','',800,'2018-04-14','2018-04-14 06:08:55',1,1064,'app\\models\\OccupancyRent'),
(1704,34,'credit','',800,'2018-04-14','2018-04-14 06:08:55',1,1064,'app\\models\\OccupancyRent'),
(1705,36,'debit','',800,'2018-04-14','2018-04-14 06:08:55',1,1066,'app\\models\\OccupancyRent'),
(1706,34,'credit','',800,'2018-04-14','2018-04-14 06:08:55',1,1066,'app\\models\\OccupancyRent'),
(1707,36,'debit','',800,'2018-04-14','2018-04-14 06:08:55',1,1068,'app\\models\\OccupancyRent'),
(1708,34,'credit','',800,'2018-04-14','2018-04-14 06:08:55',1,1068,'app\\models\\OccupancyRent'),
(1709,36,'debit','',800,'2018-04-14','2018-04-14 06:08:55',1,1070,'app\\models\\OccupancyRent'),
(1710,34,'credit','',800,'2018-04-14','2018-04-14 06:08:55',1,1070,'app\\models\\OccupancyRent'),
(1711,36,'debit','',800,'2018-04-14','2018-04-14 06:08:55',1,1072,'app\\models\\OccupancyRent'),
(1712,34,'credit','',800,'2018-04-14','2018-04-14 06:08:55',1,1072,'app\\models\\OccupancyRent'),
(1713,36,'debit','',1000,'2018-04-14','2018-04-14 06:08:56',1,1074,'app\\models\\OccupancyRent'),
(1714,34,'credit','',1000,'2018-04-14','2018-04-14 06:08:56',1,1074,'app\\models\\OccupancyRent'),
(1715,36,'debit','',1000,'2018-04-14','2018-04-14 06:08:56',1,1076,'app\\models\\OccupancyRent'),
(1716,34,'credit','',1000,'2018-04-14','2018-04-14 06:08:56',1,1076,'app\\models\\OccupancyRent'),
(1717,36,'debit','',1000,'2018-04-14','2018-04-14 06:08:56',1,1078,'app\\models\\OccupancyRent'),
(1718,34,'credit','',1000,'2018-04-14','2018-04-14 06:08:56',1,1078,'app\\models\\OccupancyRent'),
(1719,36,'debit','',2500,'2018-04-14','2018-04-14 06:08:56',1,1080,'app\\models\\OccupancyRent'),
(1720,34,'credit','',2500,'2018-04-14','2018-04-14 06:08:56',1,1080,'app\\models\\OccupancyRent'),
(1721,36,'debit','',2500,'2018-04-14','2018-04-14 06:08:56',1,1082,'app\\models\\OccupancyRent'),
(1722,34,'credit','',2500,'2018-04-14','2018-04-14 06:08:56',1,1082,'app\\models\\OccupancyRent'),
(1723,36,'debit','',2500,'2018-04-14','2018-04-14 06:08:57',1,1084,'app\\models\\OccupancyRent'),
(1724,34,'credit','',2500,'2018-04-14','2018-04-14 06:08:57',1,1084,'app\\models\\OccupancyRent'),
(1725,36,'debit','',2500,'2018-04-14','2018-04-14 06:08:57',1,1086,'app\\models\\OccupancyRent'),
(1726,34,'credit','',2500,'2018-04-14','2018-04-14 06:08:57',1,1086,'app\\models\\OccupancyRent'),
(1727,36,'debit','',1500,'2018-04-14','2018-04-14 06:08:57',1,1088,'app\\models\\OccupancyRent'),
(1728,34,'credit','',1500,'2018-04-14','2018-04-14 06:08:57',1,1088,'app\\models\\OccupancyRent'),
(1729,36,'debit','',1500,'2018-04-14','2018-04-14 06:08:57',1,1090,'app\\models\\OccupancyRent'),
(1730,34,'credit','',1500,'2018-04-14','2018-04-14 06:08:57',1,1090,'app\\models\\OccupancyRent'),
(1731,36,'debit','',1500,'2018-04-14','2018-04-14 06:08:57',1,1092,'app\\models\\OccupancyRent'),
(1732,34,'credit','',1500,'2018-04-14','2018-04-14 06:08:57',1,1092,'app\\models\\OccupancyRent'),
(1733,36,'debit','',1500,'2018-04-14','2018-04-14 06:08:58',1,1094,'app\\models\\OccupancyRent'),
(1734,34,'credit','',1500,'2018-04-14','2018-04-14 06:08:58',1,1094,'app\\models\\OccupancyRent'),
(1735,36,'debit','',1500,'2018-04-14','2018-04-14 06:08:58',1,1096,'app\\models\\OccupancyRent'),
(1736,34,'credit','',1500,'2018-04-14','2018-04-14 06:08:58',1,1096,'app\\models\\OccupancyRent'),
(1737,36,'debit','',1500,'2018-04-14','2018-04-14 06:08:58',1,1098,'app\\models\\OccupancyRent'),
(1738,34,'credit','',1500,'2018-04-14','2018-04-14 06:08:58',1,1098,'app\\models\\OccupancyRent'),
(1739,36,'debit','',1500,'2018-04-14','2018-04-14 06:08:58',1,1100,'app\\models\\OccupancyRent'),
(1740,34,'credit','',1500,'2018-04-14','2018-04-14 06:08:58',1,1100,'app\\models\\OccupancyRent'),
(1741,36,'debit','',2500,'2018-04-14','2018-04-14 06:08:58',1,1102,'app\\models\\OccupancyRent'),
(1742,34,'credit','',2500,'2018-04-14','2018-04-14 06:08:58',1,1102,'app\\models\\OccupancyRent'),
(1743,36,'debit','',2500,'2018-04-14','2018-04-14 06:08:59',1,1104,'app\\models\\OccupancyRent'),
(1744,34,'credit','',2500,'2018-04-14','2018-04-14 06:08:59',1,1104,'app\\models\\OccupancyRent'),
(1745,36,'debit','',2500,'2018-04-14','2018-04-14 06:08:59',1,1106,'app\\models\\OccupancyRent'),
(1746,34,'credit','',2500,'2018-04-14','2018-04-14 06:08:59',1,1106,'app\\models\\OccupancyRent'),
(1747,36,'debit','',2500,'2018-04-14','2018-04-14 06:08:59',1,1108,'app\\models\\OccupancyRent'),
(1748,34,'credit','',2500,'2018-04-14','2018-04-14 06:08:59',1,1108,'app\\models\\OccupancyRent'),
(1749,36,'debit','',2500,'2018-04-14','2018-04-14 06:08:59',1,1110,'app\\models\\OccupancyRent'),
(1750,34,'credit','',2500,'2018-04-14','2018-04-14 06:08:59',1,1110,'app\\models\\OccupancyRent'),
(1751,36,'debit','',2500,'2018-04-14','2018-04-14 06:08:59',1,1112,'app\\models\\OccupancyRent'),
(1752,34,'credit','',2500,'2018-04-14','2018-04-14 06:08:59',1,1112,'app\\models\\OccupancyRent'),
(1753,36,'debit','',2500,'2018-04-14','2018-04-14 06:09:00',1,1114,'app\\models\\OccupancyRent'),
(1754,34,'credit','',2500,'2018-04-14','2018-04-14 06:09:00',1,1114,'app\\models\\OccupancyRent'),
(1755,36,'debit','',2500,'2018-04-14','2018-04-14 06:09:00',1,1116,'app\\models\\OccupancyRent'),
(1756,34,'credit','',2500,'2018-04-14','2018-04-14 06:09:00',1,1116,'app\\models\\OccupancyRent'),
(1757,36,'debit','',2500,'2018-04-14','2018-04-14 06:09:00',1,1118,'app\\models\\OccupancyRent'),
(1758,34,'credit','',2500,'2018-04-14','2018-04-14 06:09:00',1,1118,'app\\models\\OccupancyRent'),
(1759,36,'debit','',1800,'2018-04-14','2018-04-14 06:09:00',1,1120,'app\\models\\OccupancyRent'),
(1760,34,'credit','',1800,'2018-04-14','2018-04-14 06:09:00',1,1120,'app\\models\\OccupancyRent'),
(1761,36,'debit','',1800,'2018-04-14','2018-04-14 06:09:00',1,1122,'app\\models\\OccupancyRent'),
(1762,34,'credit','',1800,'2018-04-14','2018-04-14 06:09:00',1,1122,'app\\models\\OccupancyRent'),
(1763,36,'debit','',1800,'2018-04-14','2018-04-14 06:09:01',1,1124,'app\\models\\OccupancyRent'),
(1764,34,'credit','',1800,'2018-04-14','2018-04-14 06:09:01',1,1124,'app\\models\\OccupancyRent'),
(1765,36,'debit','',1000,'2018-04-14','2018-04-14 06:09:01',1,1126,'app\\models\\OccupancyRent'),
(1766,34,'credit','',1000,'2018-04-14','2018-04-14 06:09:01',1,1126,'app\\models\\OccupancyRent'),
(1767,36,'debit','',1000,'2018-04-14','2018-04-14 06:09:01',1,1128,'app\\models\\OccupancyRent'),
(1768,34,'credit','',1000,'2018-04-14','2018-04-14 06:09:01',1,1128,'app\\models\\OccupancyRent'),
(1769,36,'debit','',1000,'2018-04-14','2018-04-14 06:09:01',1,1130,'app\\models\\OccupancyRent'),
(1770,34,'credit','',1000,'2018-04-14','2018-04-14 06:09:01',1,1130,'app\\models\\OccupancyRent'),
(1771,36,'debit','',1000,'2018-04-14','2018-04-14 06:09:01',1,1132,'app\\models\\OccupancyRent'),
(1772,34,'credit','',1000,'2018-04-14','2018-04-14 06:09:01',1,1132,'app\\models\\OccupancyRent'),
(1773,36,'debit','',1000,'2018-04-14','2018-04-14 06:09:02',1,1134,'app\\models\\OccupancyRent'),
(1774,34,'credit','',1000,'2018-04-14','2018-04-14 06:09:02',1,1134,'app\\models\\OccupancyRent'),
(1775,36,'debit','',1000,'2018-04-14','2018-04-14 06:09:02',1,1136,'app\\models\\OccupancyRent'),
(1776,34,'credit','',1000,'2018-04-14','2018-04-14 06:09:02',1,1136,'app\\models\\OccupancyRent'),
(1777,36,'debit','',1000,'2018-04-14','2018-04-14 06:09:02',1,1138,'app\\models\\OccupancyRent'),
(1778,34,'credit','',1000,'2018-04-14','2018-04-14 06:09:02',1,1138,'app\\models\\OccupancyRent'),
(1779,36,'debit','',1000,'2018-04-14','2018-04-14 06:09:02',1,1140,'app\\models\\OccupancyRent'),
(1780,34,'credit','',1000,'2018-04-14','2018-04-14 06:09:02',1,1140,'app\\models\\OccupancyRent'),
(1781,36,'debit','',1000,'2018-04-14','2018-04-14 06:09:02',1,1142,'app\\models\\OccupancyRent'),
(1782,34,'credit','',1000,'2018-04-14','2018-04-14 06:09:02',1,1142,'app\\models\\OccupancyRent'),
(1783,36,'debit','',1000,'2018-04-14','2018-04-14 06:09:03',1,1144,'app\\models\\OccupancyRent'),
(1784,34,'credit','',1000,'2018-04-14','2018-04-14 06:09:03',1,1144,'app\\models\\OccupancyRent'),
(1785,36,'debit','',1000,'2018-04-14','2018-04-14 06:09:03',1,1146,'app\\models\\OccupancyRent'),
(1786,34,'credit','',1000,'2018-04-14','2018-04-14 06:09:03',1,1146,'app\\models\\OccupancyRent'),
(1787,36,'debit','',1000,'2018-04-14','2018-04-14 06:09:03',1,1148,'app\\models\\OccupancyRent'),
(1788,34,'credit','',1000,'2018-04-14','2018-04-14 06:09:03',1,1148,'app\\models\\OccupancyRent'),
(1789,36,'debit','',1000,'2018-04-14','2018-04-14 06:09:03',1,1150,'app\\models\\OccupancyRent'),
(1790,34,'credit','',1000,'2018-04-14','2018-04-14 06:09:03',1,1150,'app\\models\\OccupancyRent'),
(1791,36,'debit','',3000,'2018-04-14','2018-04-14 06:09:03',1,1152,'app\\models\\OccupancyRent'),
(1792,34,'credit','',3000,'2018-04-14','2018-04-14 06:09:03',1,1152,'app\\models\\OccupancyRent'),
(1793,36,'debit','',2000,'2018-04-14','2018-04-14 06:09:04',1,1154,'app\\models\\OccupancyRent'),
(1794,34,'credit','',2000,'2018-04-14','2018-04-14 06:09:04',1,1154,'app\\models\\OccupancyRent'),
(1795,36,'debit','',2500,'2018-04-14','2018-04-14 06:09:04',1,1156,'app\\models\\OccupancyRent'),
(1796,34,'credit','',2500,'2018-04-14','2018-04-14 06:09:04',1,1156,'app\\models\\OccupancyRent'),
(1797,36,'debit','',2500,'2018-04-14','2018-04-14 06:09:04',1,1158,'app\\models\\OccupancyRent'),
(1798,34,'credit','',2500,'2018-04-14','2018-04-14 06:09:04',1,1158,'app\\models\\OccupancyRent'),
(1799,36,'debit','',2500,'2018-04-14','2018-04-14 06:09:04',1,1160,'app\\models\\OccupancyRent'),
(1800,34,'credit','',2500,'2018-04-14','2018-04-14 06:09:04',1,1160,'app\\models\\OccupancyRent'),
(1801,36,'debit','',2500,'2018-04-14','2018-04-14 06:09:04',1,1162,'app\\models\\OccupancyRent'),
(1802,34,'credit','',2500,'2018-04-14','2018-04-14 06:09:04',1,1162,'app\\models\\OccupancyRent'),
(1803,36,'debit','',2500,'2018-04-14','2018-04-14 06:09:05',1,1164,'app\\models\\OccupancyRent'),
(1804,34,'credit','',2500,'2018-04-14','2018-04-14 06:09:05',1,1164,'app\\models\\OccupancyRent'),
(1805,36,'debit','',2500,'2018-04-14','2018-04-14 06:09:05',1,1166,'app\\models\\OccupancyRent'),
(1806,34,'credit','',2500,'2018-04-14','2018-04-14 06:09:05',1,1166,'app\\models\\OccupancyRent'),
(1807,36,'debit','',2000,'2018-04-14','2018-04-14 06:09:05',1,1168,'app\\models\\OccupancyRent'),
(1808,34,'credit','',2000,'2018-04-14','2018-04-14 06:09:05',1,1168,'app\\models\\OccupancyRent'),
(1809,36,'debit','',2000,'2018-04-14','2018-04-14 06:09:05',1,1170,'app\\models\\OccupancyRent'),
(1810,34,'credit','',2000,'2018-04-14','2018-04-14 06:09:05',1,1170,'app\\models\\OccupancyRent'),
(1811,36,'debit','',2000,'2018-04-14','2018-04-14 06:09:05',1,1172,'app\\models\\OccupancyRent'),
(1812,34,'credit','',2000,'2018-04-14','2018-04-14 06:09:05',1,1172,'app\\models\\OccupancyRent'),
(1813,36,'debit','',2000,'2018-04-14','2018-04-14 06:09:06',1,1174,'app\\models\\OccupancyRent'),
(1814,34,'credit','',2000,'2018-04-14','2018-04-14 06:09:06',1,1174,'app\\models\\OccupancyRent'),
(1815,36,'debit','',2000,'2018-04-14','2018-04-14 06:09:06',1,1176,'app\\models\\OccupancyRent'),
(1816,34,'credit','',2000,'2018-04-14','2018-04-14 06:09:06',1,1176,'app\\models\\OccupancyRent'),
(1817,36,'debit','',2000,'2018-04-14','2018-04-14 06:09:06',1,1178,'app\\models\\OccupancyRent'),
(1818,34,'credit','',2000,'2018-04-14','2018-04-14 06:09:06',1,1178,'app\\models\\OccupancyRent'),
(1819,36,'debit','',2000,'2018-04-14','2018-04-14 06:09:06',1,1180,'app\\models\\OccupancyRent'),
(1820,34,'credit','',2000,'2018-04-14','2018-04-14 06:09:06',1,1180,'app\\models\\OccupancyRent'),
(1821,36,'debit','',8000,'2018-04-14','2018-04-14 06:09:06',1,1182,'app\\models\\OccupancyRent'),
(1822,34,'credit','',8000,'2018-04-14','2018-04-14 06:09:06',1,1182,'app\\models\\OccupancyRent'),
(1823,36,'debit','',1800,'2018-04-14','2018-04-14 06:09:07',1,1184,'app\\models\\OccupancyRent'),
(1824,34,'credit','',1800,'2018-04-14','2018-04-14 06:09:07',1,1184,'app\\models\\OccupancyRent'),
(1825,36,'debit','',2200,'2018-04-14','2018-04-14 06:09:07',1,1186,'app\\models\\OccupancyRent'),
(1826,34,'credit','',2200,'2018-04-14','2018-04-14 06:09:07',1,1186,'app\\models\\OccupancyRent'),
(1827,36,'debit','',2200,'2018-04-14','2018-04-14 06:09:07',1,1188,'app\\models\\OccupancyRent'),
(1828,34,'credit','',2200,'2018-04-14','2018-04-14 06:09:07',1,1188,'app\\models\\OccupancyRent'),
(1829,36,'debit','',2200,'2018-04-14','2018-04-14 06:09:07',1,1190,'app\\models\\OccupancyRent'),
(1830,34,'credit','',2200,'2018-04-14','2018-04-14 06:09:07',1,1190,'app\\models\\OccupancyRent'),
(1831,36,'debit','',2200,'2018-04-14','2018-04-14 06:09:07',1,1192,'app\\models\\OccupancyRent'),
(1832,34,'credit','',2200,'2018-04-14','2018-04-14 06:09:07',1,1192,'app\\models\\OccupancyRent'),
(1833,36,'debit','',2200,'2018-04-14','2018-04-14 06:09:08',1,1194,'app\\models\\OccupancyRent'),
(1834,34,'credit','',2200,'2018-04-14','2018-04-14 06:09:08',1,1194,'app\\models\\OccupancyRent'),
(1835,36,'debit','',2200,'2018-04-14','2018-04-14 06:09:08',1,1196,'app\\models\\OccupancyRent'),
(1836,34,'credit','',2200,'2018-04-14','2018-04-14 06:09:08',1,1196,'app\\models\\OccupancyRent'),
(1837,36,'debit','',2200,'2018-04-14','2018-04-14 06:09:08',1,1198,'app\\models\\OccupancyRent'),
(1838,34,'credit','',2200,'2018-04-14','2018-04-14 06:09:08',1,1198,'app\\models\\OccupancyRent'),
(1839,36,'debit','',2200,'2018-04-14','2018-04-14 06:09:08',1,1200,'app\\models\\OccupancyRent'),
(1840,34,'credit','',2200,'2018-04-14','2018-04-14 06:09:08',1,1200,'app\\models\\OccupancyRent'),
(1841,36,'debit','',2800,'2018-04-14','2018-04-14 06:09:08',1,1202,'app\\models\\OccupancyRent'),
(1842,34,'credit','',2800,'2018-04-14','2018-04-14 06:09:08',1,1202,'app\\models\\OccupancyRent'),
(1843,36,'debit','',2800,'2018-04-14','2018-04-14 06:09:09',1,1204,'app\\models\\OccupancyRent'),
(1844,34,'credit','',2800,'2018-04-14','2018-04-14 06:09:09',1,1204,'app\\models\\OccupancyRent'),
(1845,36,'debit','',2800,'2018-04-14','2018-04-14 06:09:09',1,1206,'app\\models\\OccupancyRent'),
(1846,34,'credit','',2800,'2018-04-14','2018-04-14 06:09:09',1,1206,'app\\models\\OccupancyRent'),
(1847,36,'debit','',2800,'2018-04-14','2018-04-14 06:09:09',1,1208,'app\\models\\OccupancyRent'),
(1848,34,'credit','',2800,'2018-04-14','2018-04-14 06:09:09',1,1208,'app\\models\\OccupancyRent'),
(1849,36,'debit','',2800,'2018-04-14','2018-04-14 06:09:09',1,1210,'app\\models\\OccupancyRent'),
(1850,34,'credit','',2800,'2018-04-14','2018-04-14 06:09:09',1,1210,'app\\models\\OccupancyRent'),
(1851,36,'debit','',2800,'2018-04-14','2018-04-14 06:09:09',1,1212,'app\\models\\OccupancyRent'),
(1852,34,'credit','',2800,'2018-04-14','2018-04-14 06:09:09',1,1212,'app\\models\\OccupancyRent'),
(1853,36,'debit','',2800,'2018-04-14','2018-04-14 06:09:10',1,1214,'app\\models\\OccupancyRent'),
(1854,34,'credit','',2800,'2018-04-14','2018-04-14 06:09:10',1,1214,'app\\models\\OccupancyRent'),
(1855,36,'debit','',2800,'2018-04-14','2018-04-14 06:09:10',1,1216,'app\\models\\OccupancyRent'),
(1856,34,'credit','',2800,'2018-04-14','2018-04-14 06:09:10',1,1216,'app\\models\\OccupancyRent'),
(1857,36,'debit','',2800,'2018-04-14','2018-04-14 06:09:10',1,1218,'app\\models\\OccupancyRent'),
(1858,34,'credit','',2800,'2018-04-14','2018-04-14 06:09:10',1,1218,'app\\models\\OccupancyRent'),
(1859,36,'debit','',2800,'2018-04-14','2018-04-14 06:09:10',1,1220,'app\\models\\OccupancyRent'),
(1860,34,'credit','',2800,'2018-04-14','2018-04-14 06:09:10',1,1220,'app\\models\\OccupancyRent'),
(1861,36,'debit','',7000,'2018-04-14','2018-04-14 06:09:10',1,1222,'app\\models\\OccupancyRent'),
(1862,34,'credit','',7000,'2018-04-14','2018-04-14 06:09:10',1,1222,'app\\models\\OccupancyRent'),
(1863,36,'debit','',2300,'2018-04-14','2018-04-14 06:09:11',1,1224,'app\\models\\OccupancyRent'),
(1864,34,'credit','',2300,'2018-04-14','2018-04-14 06:09:11',1,1224,'app\\models\\OccupancyRent'),
(1865,36,'debit','',10000,'2018-04-14','2018-04-14 06:09:11',1,1226,'app\\models\\OccupancyRent'),
(1866,34,'credit','',10000,'2018-04-14','2018-04-14 06:09:11',1,1226,'app\\models\\OccupancyRent'),
(1867,36,'debit','',2300,'2018-04-14','2018-04-14 06:09:11',1,1228,'app\\models\\OccupancyRent'),
(1868,34,'credit','',2300,'2018-04-14','2018-04-14 06:09:11',1,1228,'app\\models\\OccupancyRent'),
(1869,36,'debit','',6000,'2018-04-14','2018-04-14 06:09:11',1,1230,'app\\models\\OccupancyRent'),
(1870,34,'credit','',6000,'2018-04-14','2018-04-14 06:09:11',1,1230,'app\\models\\OccupancyRent'),
(1871,32,'debit','',8000,'2018-04-14','2018-04-14 06:09:54',1,30,'app\\models\\OccupancyPayments'),
(1872,36,'credit','',8000,'2018-04-14','2018-04-14 06:09:54',1,30,'app\\models\\OccupancyPayments'),
(1873,40,'debit','',300,'2018-04-14','2018-04-14 06:10:12',1,1230,'app\\models\\OccupancyRent'),
(1874,36,'credit','',300,'2018-04-14','2018-04-14 06:10:12',1,1230,'app\\models\\OccupancyRent'),
(1875,38,'debit','',6750,'2018-04-14','2018-04-14 06:11:12',1,210,'app\\models\\Disbursements'),
(1876,35,'credit','',6750,'2018-04-14','2018-04-14 06:11:12',1,210,'app\\models\\Disbursements'),
(1877,38,'debit','',6300,'2018-04-14','2018-04-14 06:11:12',1,211,'app\\models\\Disbursements'),
(1878,35,'credit','',6300,'2018-04-14','2018-04-14 06:11:12',1,211,'app\\models\\Disbursements'),
(1879,38,'debit','',6300,'2018-04-14','2018-04-14 06:11:12',1,212,'app\\models\\Disbursements'),
(1880,35,'credit','',6300,'2018-04-14','2018-04-14 06:11:12',1,212,'app\\models\\Disbursements'),
(1881,38,'debit','',2070,'2018-04-14','2018-04-14 06:11:12',1,213,'app\\models\\Disbursements'),
(1882,35,'credit','',2070,'2018-04-14','2018-04-14 06:11:12',1,213,'app\\models\\Disbursements'),
(1883,38,'debit','',2070,'2018-04-14','2018-04-14 06:11:12',1,214,'app\\models\\Disbursements'),
(1884,35,'credit','',2070,'2018-04-14','2018-04-14 06:11:12',1,214,'app\\models\\Disbursements'),
(1885,38,'debit','',2070,'2018-04-14','2018-04-14 06:11:12',1,215,'app\\models\\Disbursements'),
(1886,35,'credit','',2070,'2018-04-14','2018-04-14 06:11:12',1,215,'app\\models\\Disbursements'),
(1887,38,'debit','',2070,'2018-04-14','2018-04-14 06:11:13',1,216,'app\\models\\Disbursements'),
(1888,35,'credit','',2070,'2018-04-14','2018-04-14 06:11:13',1,216,'app\\models\\Disbursements'),
(1889,38,'debit','',2070,'2018-04-14','2018-04-14 06:11:13',1,217,'app\\models\\Disbursements'),
(1890,35,'credit','',2070,'2018-04-14','2018-04-14 06:11:13',1,217,'app\\models\\Disbursements'),
(1891,38,'debit','',2070,'2018-04-14','2018-04-14 06:11:13',1,218,'app\\models\\Disbursements'),
(1892,35,'credit','',2070,'2018-04-14','2018-04-14 06:11:13',1,218,'app\\models\\Disbursements'),
(1893,38,'debit','',2070,'2018-04-14','2018-04-14 06:11:13',1,219,'app\\models\\Disbursements'),
(1894,35,'credit','',2070,'2018-04-14','2018-04-14 06:11:13',1,219,'app\\models\\Disbursements'),
(1895,38,'debit','',2250,'2018-04-14','2018-04-14 06:11:13',1,220,'app\\models\\Disbursements'),
(1896,35,'credit','',2250,'2018-04-14','2018-04-14 06:11:13',1,220,'app\\models\\Disbursements'),
(1897,38,'debit','',2070,'2018-04-14','2018-04-14 06:11:13',1,221,'app\\models\\Disbursements'),
(1898,35,'credit','',2070,'2018-04-14','2018-04-14 06:11:13',1,221,'app\\models\\Disbursements'),
(1899,38,'debit','',2250,'2018-04-14','2018-04-14 06:11:13',1,222,'app\\models\\Disbursements'),
(1900,35,'credit','',2250,'2018-04-14','2018-04-14 06:11:13',1,222,'app\\models\\Disbursements'),
(1901,38,'debit','',2070,'2018-04-14','2018-04-14 06:11:13',1,223,'app\\models\\Disbursements'),
(1902,35,'credit','',2070,'2018-04-14','2018-04-14 06:11:13',1,223,'app\\models\\Disbursements'),
(1903,38,'debit','',1350,'2018-04-14','2018-04-14 06:11:13',1,224,'app\\models\\Disbursements'),
(1904,35,'credit','',1350,'2018-04-14','2018-04-14 06:11:13',1,224,'app\\models\\Disbursements'),
(1905,38,'debit','',1350,'2018-04-14','2018-04-14 06:11:13',1,225,'app\\models\\Disbursements'),
(1906,35,'credit','',1350,'2018-04-14','2018-04-14 06:11:13',1,225,'app\\models\\Disbursements'),
(1907,38,'debit','',1350,'2018-04-14','2018-04-14 06:11:13',1,226,'app\\models\\Disbursements'),
(1908,35,'credit','',1350,'2018-04-14','2018-04-14 06:11:13',1,226,'app\\models\\Disbursements'),
(1909,38,'debit','',630,'2018-04-14','2018-04-14 06:11:13',1,227,'app\\models\\Disbursements'),
(1910,35,'credit','',630,'2018-04-14','2018-04-14 06:11:13',1,227,'app\\models\\Disbursements'),
(1911,38,'debit','',630,'2018-04-14','2018-04-14 06:11:13',1,228,'app\\models\\Disbursements'),
(1912,35,'credit','',630,'2018-04-14','2018-04-14 06:11:13',1,228,'app\\models\\Disbursements'),
(1913,38,'debit','',630,'2018-04-14','2018-04-14 06:11:13',1,229,'app\\models\\Disbursements'),
(1914,35,'credit','',630,'2018-04-14','2018-04-14 06:11:13',1,229,'app\\models\\Disbursements'),
(1915,38,'debit','',630,'2018-04-14','2018-04-14 06:11:14',1,230,'app\\models\\Disbursements'),
(1916,35,'credit','',630,'2018-04-14','2018-04-14 06:11:14',1,230,'app\\models\\Disbursements'),
(1917,38,'debit','',630,'2018-04-14','2018-04-14 06:11:14',1,231,'app\\models\\Disbursements'),
(1918,35,'credit','',630,'2018-04-14','2018-04-14 06:11:14',1,231,'app\\models\\Disbursements'),
(1919,38,'debit','',630,'2018-04-14','2018-04-14 06:11:14',1,232,'app\\models\\Disbursements'),
(1920,35,'credit','',630,'2018-04-14','2018-04-14 06:11:14',1,232,'app\\models\\Disbursements'),
(1921,38,'debit','',1170,'2018-04-14','2018-04-14 06:11:14',1,233,'app\\models\\Disbursements'),
(1922,35,'credit','',1170,'2018-04-14','2018-04-14 06:11:14',1,233,'app\\models\\Disbursements'),
(1923,38,'debit','',1170,'2018-04-14','2018-04-14 06:11:14',1,234,'app\\models\\Disbursements'),
(1924,35,'credit','',1170,'2018-04-14','2018-04-14 06:11:14',1,234,'app\\models\\Disbursements'),
(1925,38,'debit','',1170,'2018-04-14','2018-04-14 06:11:14',1,235,'app\\models\\Disbursements'),
(1926,35,'credit','',1170,'2018-04-14','2018-04-14 06:11:14',1,235,'app\\models\\Disbursements'),
(1927,38,'debit','',1170,'2018-04-14','2018-04-14 06:11:14',1,236,'app\\models\\Disbursements'),
(1928,35,'credit','',1170,'2018-04-14','2018-04-14 06:11:14',1,236,'app\\models\\Disbursements'),
(1929,38,'debit','',1170,'2018-04-14','2018-04-14 06:11:14',1,237,'app\\models\\Disbursements'),
(1930,35,'credit','',1170,'2018-04-14','2018-04-14 06:11:14',1,237,'app\\models\\Disbursements'),
(1931,38,'debit','',1170,'2018-04-14','2018-04-14 06:11:14',1,238,'app\\models\\Disbursements'),
(1932,35,'credit','',1170,'2018-04-14','2018-04-14 06:11:14',1,238,'app\\models\\Disbursements'),
(1933,38,'debit','',1170,'2018-04-14','2018-04-14 06:11:14',1,239,'app\\models\\Disbursements'),
(1934,35,'credit','',1170,'2018-04-14','2018-04-14 06:11:14',1,239,'app\\models\\Disbursements'),
(1935,38,'debit','',1170,'2018-04-14','2018-04-14 06:11:14',1,240,'app\\models\\Disbursements'),
(1936,35,'credit','',1170,'2018-04-14','2018-04-14 06:11:14',1,240,'app\\models\\Disbursements'),
(1937,38,'debit','',1170,'2018-04-14','2018-04-14 06:11:14',1,241,'app\\models\\Disbursements'),
(1938,35,'credit','',1170,'2018-04-14','2018-04-14 06:11:14',1,241,'app\\models\\Disbursements'),
(1939,38,'debit','',1170,'2018-04-14','2018-04-14 06:11:14',1,242,'app\\models\\Disbursements'),
(1940,35,'credit','',1170,'2018-04-14','2018-04-14 06:11:14',1,242,'app\\models\\Disbursements'),
(1941,38,'debit','',1170,'2018-04-14','2018-04-14 06:11:15',1,243,'app\\models\\Disbursements'),
(1942,35,'credit','',1170,'2018-04-14','2018-04-14 06:11:15',1,243,'app\\models\\Disbursements'),
(1943,38,'debit','',1170,'2018-04-14','2018-04-14 06:11:15',1,244,'app\\models\\Disbursements'),
(1944,35,'credit','',1170,'2018-04-14','2018-04-14 06:11:15',1,244,'app\\models\\Disbursements'),
(1945,38,'debit','',1800,'2018-04-14','2018-04-14 06:11:15',1,245,'app\\models\\Disbursements'),
(1946,35,'credit','',1800,'2018-04-14','2018-04-14 06:11:15',1,245,'app\\models\\Disbursements'),
(1947,38,'debit','',1800,'2018-04-14','2018-04-14 06:11:15',1,246,'app\\models\\Disbursements'),
(1948,35,'credit','',1800,'2018-04-14','2018-04-14 06:11:15',1,246,'app\\models\\Disbursements'),
(1949,38,'debit','',1800,'2018-04-14','2018-04-14 06:11:15',1,247,'app\\models\\Disbursements'),
(1950,35,'credit','',1800,'2018-04-14','2018-04-14 06:11:15',1,247,'app\\models\\Disbursements'),
(1951,38,'debit','',1800,'2018-04-14','2018-04-14 06:11:15',1,248,'app\\models\\Disbursements'),
(1952,35,'credit','',1800,'2018-04-14','2018-04-14 06:11:15',1,248,'app\\models\\Disbursements'),
(1953,38,'debit','',1800,'2018-04-14','2018-04-14 06:11:15',1,249,'app\\models\\Disbursements'),
(1954,35,'credit','',1800,'2018-04-14','2018-04-14 06:11:15',1,249,'app\\models\\Disbursements'),
(1955,38,'debit','',1800,'2018-04-14','2018-04-14 06:11:15',1,250,'app\\models\\Disbursements'),
(1956,35,'credit','',1800,'2018-04-14','2018-04-14 06:11:15',1,250,'app\\models\\Disbursements'),
(1957,38,'debit','',1350,'2018-04-14','2018-04-14 06:11:15',1,251,'app\\models\\Disbursements'),
(1958,35,'credit','',1350,'2018-04-14','2018-04-14 06:11:15',1,251,'app\\models\\Disbursements'),
(1959,38,'debit','',4500,'2018-04-14','2018-04-14 06:11:15',1,252,'app\\models\\Disbursements'),
(1960,35,'credit','',4500,'2018-04-14','2018-04-14 06:11:15',1,252,'app\\models\\Disbursements'),
(1961,38,'debit','',900,'2018-04-14','2018-04-14 06:11:15',1,253,'app\\models\\Disbursements'),
(1962,35,'credit','',900,'2018-04-14','2018-04-14 06:11:15',1,253,'app\\models\\Disbursements'),
(1963,38,'debit','',900,'2018-04-14','2018-04-14 06:11:15',1,254,'app\\models\\Disbursements'),
(1964,35,'credit','',900,'2018-04-14','2018-04-14 06:11:15',1,254,'app\\models\\Disbursements'),
(1965,38,'debit','',900,'2018-04-14','2018-04-14 06:11:15',1,255,'app\\models\\Disbursements'),
(1966,35,'credit','',900,'2018-04-14','2018-04-14 06:11:15',1,255,'app\\models\\Disbursements'),
(1967,38,'debit','',900,'2018-04-14','2018-04-14 06:11:15',1,256,'app\\models\\Disbursements'),
(1968,35,'credit','',900,'2018-04-14','2018-04-14 06:11:15',1,256,'app\\models\\Disbursements'),
(1969,38,'debit','',1350,'2018-04-14','2018-04-14 06:11:16',1,257,'app\\models\\Disbursements'),
(1970,35,'credit','',1350,'2018-04-14','2018-04-14 06:11:16',1,257,'app\\models\\Disbursements'),
(1971,38,'debit','',1350,'2018-04-14','2018-04-14 06:11:16',1,258,'app\\models\\Disbursements'),
(1972,35,'credit','',1350,'2018-04-14','2018-04-14 06:11:16',1,258,'app\\models\\Disbursements'),
(1973,38,'debit','',1350,'2018-04-14','2018-04-14 06:11:16',1,259,'app\\models\\Disbursements'),
(1974,35,'credit','',1350,'2018-04-14','2018-04-14 06:11:16',1,259,'app\\models\\Disbursements'),
(1975,38,'debit','',1350,'2018-04-14','2018-04-14 06:11:16',1,260,'app\\models\\Disbursements'),
(1976,35,'credit','',1350,'2018-04-14','2018-04-14 06:11:16',1,260,'app\\models\\Disbursements'),
(1977,38,'debit','',3150,'2018-04-14','2018-04-14 06:11:16',1,261,'app\\models\\Disbursements'),
(1978,35,'credit','',3150,'2018-04-14','2018-04-14 06:11:16',1,261,'app\\models\\Disbursements'),
(1979,38,'debit','',1350,'2018-04-14','2018-04-14 06:11:16',1,262,'app\\models\\Disbursements'),
(1980,35,'credit','',1350,'2018-04-14','2018-04-14 06:11:16',1,262,'app\\models\\Disbursements'),
(1981,38,'debit','',1350,'2018-04-14','2018-04-14 06:11:16',1,263,'app\\models\\Disbursements'),
(1982,35,'credit','',1350,'2018-04-14','2018-04-14 06:11:16',1,263,'app\\models\\Disbursements'),
(1983,38,'debit','',1350,'2018-04-14','2018-04-14 06:11:16',1,264,'app\\models\\Disbursements'),
(1984,35,'credit','',1350,'2018-04-14','2018-04-14 06:11:16',1,264,'app\\models\\Disbursements'),
(1985,38,'debit','',1350,'2018-04-14','2018-04-14 06:11:16',1,265,'app\\models\\Disbursements'),
(1986,35,'credit','',1350,'2018-04-14','2018-04-14 06:11:16',1,265,'app\\models\\Disbursements'),
(1987,38,'debit','',1350,'2018-04-14','2018-04-14 06:11:16',1,266,'app\\models\\Disbursements'),
(1988,35,'credit','',1350,'2018-04-14','2018-04-14 06:11:16',1,266,'app\\models\\Disbursements'),
(1989,38,'debit','',1350,'2018-04-14','2018-04-14 06:11:16',1,267,'app\\models\\Disbursements'),
(1990,35,'credit','',1350,'2018-04-14','2018-04-14 06:11:16',1,267,'app\\models\\Disbursements'),
(1991,38,'debit','',1800,'2018-04-14','2018-04-14 06:11:16',1,268,'app\\models\\Disbursements'),
(1992,35,'credit','',1800,'2018-04-14','2018-04-14 06:11:16',1,268,'app\\models\\Disbursements'),
(1993,38,'debit','',1800,'2018-04-14','2018-04-14 06:11:16',1,269,'app\\models\\Disbursements'),
(1994,35,'credit','',1800,'2018-04-14','2018-04-14 06:11:16',1,269,'app\\models\\Disbursements'),
(1995,38,'debit','',1800,'2018-04-14','2018-04-14 06:11:16',1,270,'app\\models\\Disbursements'),
(1996,35,'credit','',1800,'2018-04-14','2018-04-14 06:11:16',1,270,'app\\models\\Disbursements'),
(1997,38,'debit','',1800,'2018-04-14','2018-04-14 06:11:17',1,271,'app\\models\\Disbursements'),
(1998,35,'credit','',1800,'2018-04-14','2018-04-14 06:11:17',1,271,'app\\models\\Disbursements'),
(1999,38,'debit','',1800,'2018-04-14','2018-04-14 06:11:17',1,272,'app\\models\\Disbursements'),
(2000,35,'credit','',1800,'2018-04-14','2018-04-14 06:11:17',1,272,'app\\models\\Disbursements'),
(2001,38,'debit','',1800,'2018-04-14','2018-04-14 06:11:17',1,273,'app\\models\\Disbursements'),
(2002,35,'credit','',1800,'2018-04-14','2018-04-14 06:11:17',1,273,'app\\models\\Disbursements'),
(2003,38,'debit','',1800,'2018-04-14','2018-04-14 06:11:17',1,274,'app\\models\\Disbursements'),
(2004,35,'credit','',1800,'2018-04-14','2018-04-14 06:11:17',1,274,'app\\models\\Disbursements'),
(2005,38,'debit','',1800,'2018-04-14','2018-04-14 06:11:17',1,275,'app\\models\\Disbursements'),
(2006,35,'credit','',1800,'2018-04-14','2018-04-14 06:11:17',1,275,'app\\models\\Disbursements'),
(2007,38,'debit','',1800,'2018-04-14','2018-04-14 06:11:17',1,276,'app\\models\\Disbursements'),
(2008,35,'credit','',1800,'2018-04-14','2018-04-14 06:11:17',1,276,'app\\models\\Disbursements'),
(2009,38,'debit','',1800,'2018-04-14','2018-04-14 06:11:17',1,277,'app\\models\\Disbursements'),
(2010,35,'credit','',1800,'2018-04-14','2018-04-14 06:11:17',1,277,'app\\models\\Disbursements'),
(2011,38,'debit','',1800,'2018-04-14','2018-04-14 06:11:17',1,278,'app\\models\\Disbursements'),
(2012,35,'credit','',1800,'2018-04-14','2018-04-14 06:11:17',1,278,'app\\models\\Disbursements'),
(2013,38,'debit','',1620,'2018-04-14','2018-04-14 06:11:17',1,279,'app\\models\\Disbursements'),
(2014,35,'credit','',1620,'2018-04-14','2018-04-14 06:11:17',1,279,'app\\models\\Disbursements'),
(2015,38,'debit','',1620,'2018-04-14','2018-04-14 06:11:17',1,280,'app\\models\\Disbursements'),
(2016,35,'credit','',1620,'2018-04-14','2018-04-14 06:11:17',1,280,'app\\models\\Disbursements'),
(2017,38,'debit','',1620,'2018-04-14','2018-04-14 06:11:17',1,281,'app\\models\\Disbursements'),
(2018,35,'credit','',1620,'2018-04-14','2018-04-14 06:11:17',1,281,'app\\models\\Disbursements'),
(2019,38,'debit','',1620,'2018-04-14','2018-04-14 06:11:17',1,282,'app\\models\\Disbursements'),
(2020,35,'credit','',1620,'2018-04-14','2018-04-14 06:11:17',1,282,'app\\models\\Disbursements'),
(2021,38,'debit','',1620,'2018-04-14','2018-04-14 06:11:17',1,283,'app\\models\\Disbursements'),
(2022,35,'credit','',1620,'2018-04-14','2018-04-14 06:11:17',1,283,'app\\models\\Disbursements'),
(2023,38,'debit','',1620,'2018-04-14','2018-04-14 06:11:18',1,284,'app\\models\\Disbursements'),
(2024,35,'credit','',1620,'2018-04-14','2018-04-14 06:11:18',1,284,'app\\models\\Disbursements'),
(2025,38,'debit','',1620,'2018-04-14','2018-04-14 06:11:18',1,285,'app\\models\\Disbursements'),
(2026,35,'credit','',1620,'2018-04-14','2018-04-14 06:11:18',1,285,'app\\models\\Disbursements'),
(2027,38,'debit','',1620,'2018-04-14','2018-04-14 06:11:18',1,286,'app\\models\\Disbursements'),
(2028,35,'credit','',1620,'2018-04-14','2018-04-14 06:11:18',1,286,'app\\models\\Disbursements'),
(2029,38,'debit','',1080,'2018-04-14','2018-04-14 06:11:18',1,287,'app\\models\\Disbursements'),
(2030,35,'credit','',1080,'2018-04-14','2018-04-14 06:11:18',1,287,'app\\models\\Disbursements'),
(2031,38,'debit','',1080,'2018-04-14','2018-04-14 06:11:18',1,288,'app\\models\\Disbursements'),
(2032,35,'credit','',1080,'2018-04-14','2018-04-14 06:11:18',1,288,'app\\models\\Disbursements'),
(2033,38,'debit','',1080,'2018-04-14','2018-04-14 06:11:18',1,289,'app\\models\\Disbursements'),
(2034,35,'credit','',1080,'2018-04-14','2018-04-14 06:11:18',1,289,'app\\models\\Disbursements'),
(2035,38,'debit','',1080,'2018-04-14','2018-04-14 06:11:18',1,290,'app\\models\\Disbursements'),
(2036,35,'credit','',1080,'2018-04-14','2018-04-14 06:11:18',1,290,'app\\models\\Disbursements'),
(2037,38,'debit','',1080,'2018-04-14','2018-04-14 06:11:18',1,291,'app\\models\\Disbursements'),
(2038,35,'credit','',1080,'2018-04-14','2018-04-14 06:11:18',1,291,'app\\models\\Disbursements'),
(2039,38,'debit','',1080,'2018-04-14','2018-04-14 06:11:18',1,292,'app\\models\\Disbursements'),
(2040,35,'credit','',1080,'2018-04-14','2018-04-14 06:11:18',1,292,'app\\models\\Disbursements'),
(2041,38,'debit','',1080,'2018-04-14','2018-04-14 06:11:18',1,293,'app\\models\\Disbursements'),
(2042,35,'credit','',1080,'2018-04-14','2018-04-14 06:11:18',1,293,'app\\models\\Disbursements'),
(2043,38,'debit','',1080,'2018-04-14','2018-04-14 06:11:19',1,294,'app\\models\\Disbursements'),
(2044,35,'credit','',1080,'2018-04-14','2018-04-14 06:11:19',1,294,'app\\models\\Disbursements'),
(2045,38,'debit','',900,'2018-04-14','2018-04-14 06:11:19',1,295,'app\\models\\Disbursements'),
(2046,35,'credit','',900,'2018-04-14','2018-04-14 06:11:19',1,295,'app\\models\\Disbursements'),
(2047,38,'debit','',900,'2018-04-14','2018-04-14 06:11:19',1,296,'app\\models\\Disbursements'),
(2048,35,'credit','',900,'2018-04-14','2018-04-14 06:11:19',1,296,'app\\models\\Disbursements'),
(2049,38,'debit','',900,'2018-04-14','2018-04-14 06:11:19',1,297,'app\\models\\Disbursements'),
(2050,35,'credit','',900,'2018-04-14','2018-04-14 06:11:19',1,297,'app\\models\\Disbursements'),
(2051,38,'debit','',720,'2018-04-14','2018-04-14 06:11:19',1,298,'app\\models\\Disbursements'),
(2052,35,'credit','',720,'2018-04-14','2018-04-14 06:11:19',1,298,'app\\models\\Disbursements'),
(2053,38,'debit','',720,'2018-04-14','2018-04-14 06:11:19',1,299,'app\\models\\Disbursements'),
(2054,35,'credit','',720,'2018-04-14','2018-04-14 06:11:19',1,299,'app\\models\\Disbursements'),
(2055,38,'debit','',720,'2018-04-14','2018-04-14 06:11:19',1,300,'app\\models\\Disbursements'),
(2056,35,'credit','',720,'2018-04-14','2018-04-14 06:11:19',1,300,'app\\models\\Disbursements'),
(2057,38,'debit','',720,'2018-04-14','2018-04-14 06:11:19',1,301,'app\\models\\Disbursements'),
(2058,35,'credit','',720,'2018-04-14','2018-04-14 06:11:19',1,301,'app\\models\\Disbursements'),
(2059,38,'debit','',720,'2018-04-14','2018-04-14 06:11:19',1,302,'app\\models\\Disbursements'),
(2060,35,'credit','',720,'2018-04-14','2018-04-14 06:11:19',1,302,'app\\models\\Disbursements'),
(2061,38,'debit','',720,'2018-04-14','2018-04-14 06:11:19',1,303,'app\\models\\Disbursements'),
(2062,35,'credit','',720,'2018-04-14','2018-04-14 06:11:19',1,303,'app\\models\\Disbursements'),
(2063,38,'debit','',900,'2018-04-14','2018-04-14 06:11:19',1,304,'app\\models\\Disbursements'),
(2064,35,'credit','',900,'2018-04-14','2018-04-14 06:11:19',1,304,'app\\models\\Disbursements'),
(2065,38,'debit','',900,'2018-04-14','2018-04-14 06:11:19',1,305,'app\\models\\Disbursements'),
(2066,35,'credit','',900,'2018-04-14','2018-04-14 06:11:19',1,305,'app\\models\\Disbursements'),
(2067,38,'debit','',900,'2018-04-14','2018-04-14 06:11:19',1,306,'app\\models\\Disbursements'),
(2068,35,'credit','',900,'2018-04-14','2018-04-14 06:11:19',1,306,'app\\models\\Disbursements'),
(2069,38,'debit','',2250,'2018-04-14','2018-04-14 06:11:20',1,307,'app\\models\\Disbursements'),
(2070,35,'credit','',2250,'2018-04-14','2018-04-14 06:11:20',1,307,'app\\models\\Disbursements'),
(2071,38,'debit','',2250,'2018-04-14','2018-04-14 06:11:20',1,308,'app\\models\\Disbursements'),
(2072,35,'credit','',2250,'2018-04-14','2018-04-14 06:11:20',1,308,'app\\models\\Disbursements'),
(2073,38,'debit','',2250,'2018-04-14','2018-04-14 06:11:20',1,309,'app\\models\\Disbursements'),
(2074,35,'credit','',2250,'2018-04-14','2018-04-14 06:11:20',1,309,'app\\models\\Disbursements'),
(2075,38,'debit','',2250,'2018-04-14','2018-04-14 06:11:20',1,310,'app\\models\\Disbursements'),
(2076,35,'credit','',2250,'2018-04-14','2018-04-14 06:11:20',1,310,'app\\models\\Disbursements'),
(2077,38,'debit','',1350,'2018-04-14','2018-04-14 06:11:20',1,311,'app\\models\\Disbursements'),
(2078,35,'credit','',1350,'2018-04-14','2018-04-14 06:11:20',1,311,'app\\models\\Disbursements'),
(2079,38,'debit','',1350,'2018-04-14','2018-04-14 06:11:20',1,312,'app\\models\\Disbursements'),
(2080,35,'credit','',1350,'2018-04-14','2018-04-14 06:11:20',1,312,'app\\models\\Disbursements'),
(2081,38,'debit','',1350,'2018-04-14','2018-04-14 06:11:20',1,313,'app\\models\\Disbursements'),
(2082,35,'credit','',1350,'2018-04-14','2018-04-14 06:11:20',1,313,'app\\models\\Disbursements'),
(2083,38,'debit','',1350,'2018-04-14','2018-04-14 06:11:20',1,314,'app\\models\\Disbursements'),
(2084,35,'credit','',1350,'2018-04-14','2018-04-14 06:11:20',1,314,'app\\models\\Disbursements'),
(2085,38,'debit','',1350,'2018-04-14','2018-04-14 06:11:20',1,315,'app\\models\\Disbursements'),
(2086,35,'credit','',1350,'2018-04-14','2018-04-14 06:11:20',1,315,'app\\models\\Disbursements'),
(2087,38,'debit','',1350,'2018-04-14','2018-04-14 06:11:20',1,316,'app\\models\\Disbursements'),
(2088,35,'credit','',1350,'2018-04-14','2018-04-14 06:11:20',1,316,'app\\models\\Disbursements'),
(2089,38,'debit','',1350,'2018-04-14','2018-04-14 06:11:20',1,317,'app\\models\\Disbursements'),
(2090,35,'credit','',1350,'2018-04-14','2018-04-14 06:11:20',1,317,'app\\models\\Disbursements'),
(2091,38,'debit','',2250,'2018-04-14','2018-04-14 06:11:20',1,318,'app\\models\\Disbursements'),
(2092,35,'credit','',2250,'2018-04-14','2018-04-14 06:11:20',1,318,'app\\models\\Disbursements'),
(2093,38,'debit','',2250,'2018-04-14','2018-04-14 06:11:20',1,319,'app\\models\\Disbursements'),
(2094,35,'credit','',2250,'2018-04-14','2018-04-14 06:11:20',1,319,'app\\models\\Disbursements'),
(2095,38,'debit','',2250,'2018-04-14','2018-04-14 06:11:21',1,320,'app\\models\\Disbursements'),
(2096,35,'credit','',2250,'2018-04-14','2018-04-14 06:11:21',1,320,'app\\models\\Disbursements'),
(2097,38,'debit','',2250,'2018-04-14','2018-04-14 06:11:21',1,321,'app\\models\\Disbursements'),
(2098,35,'credit','',2250,'2018-04-14','2018-04-14 06:11:21',1,321,'app\\models\\Disbursements'),
(2099,38,'debit','',2250,'2018-04-14','2018-04-14 06:11:21',1,322,'app\\models\\Disbursements'),
(2100,35,'credit','',2250,'2018-04-14','2018-04-14 06:11:21',1,322,'app\\models\\Disbursements'),
(2101,38,'debit','',2250,'2018-04-14','2018-04-14 06:11:21',1,323,'app\\models\\Disbursements'),
(2102,35,'credit','',2250,'2018-04-14','2018-04-14 06:11:21',1,323,'app\\models\\Disbursements'),
(2103,38,'debit','',2250,'2018-04-14','2018-04-14 06:11:21',1,324,'app\\models\\Disbursements'),
(2104,35,'credit','',2250,'2018-04-14','2018-04-14 06:11:21',1,324,'app\\models\\Disbursements'),
(2105,38,'debit','',2250,'2018-04-14','2018-04-14 06:11:21',1,325,'app\\models\\Disbursements'),
(2106,35,'credit','',2250,'2018-04-14','2018-04-14 06:11:21',1,325,'app\\models\\Disbursements'),
(2107,38,'debit','',2250,'2018-04-14','2018-04-14 06:11:21',1,326,'app\\models\\Disbursements'),
(2108,35,'credit','',2250,'2018-04-14','2018-04-14 06:11:21',1,326,'app\\models\\Disbursements'),
(2109,38,'debit','',1620,'2018-04-14','2018-04-14 06:11:21',1,327,'app\\models\\Disbursements'),
(2110,35,'credit','',1620,'2018-04-14','2018-04-14 06:11:21',1,327,'app\\models\\Disbursements'),
(2111,38,'debit','',1620,'2018-04-14','2018-04-14 06:11:21',1,328,'app\\models\\Disbursements'),
(2112,35,'credit','',1620,'2018-04-14','2018-04-14 06:11:21',1,328,'app\\models\\Disbursements'),
(2113,38,'debit','',1620,'2018-04-14','2018-04-14 06:11:21',1,329,'app\\models\\Disbursements'),
(2114,35,'credit','',1620,'2018-04-14','2018-04-14 06:11:21',1,329,'app\\models\\Disbursements'),
(2115,38,'debit','',900,'2018-04-14','2018-04-14 06:11:21',1,330,'app\\models\\Disbursements'),
(2116,35,'credit','',900,'2018-04-14','2018-04-14 06:11:21',1,330,'app\\models\\Disbursements'),
(2117,38,'debit','',900,'2018-04-14','2018-04-14 06:11:21',1,331,'app\\models\\Disbursements'),
(2118,35,'credit','',900,'2018-04-14','2018-04-14 06:11:21',1,331,'app\\models\\Disbursements'),
(2119,38,'debit','',900,'2018-04-14','2018-04-14 06:11:22',1,332,'app\\models\\Disbursements'),
(2120,35,'credit','',900,'2018-04-14','2018-04-14 06:11:22',1,332,'app\\models\\Disbursements'),
(2121,38,'debit','',900,'2018-04-14','2018-04-14 06:11:22',1,333,'app\\models\\Disbursements'),
(2122,35,'credit','',900,'2018-04-14','2018-04-14 06:11:22',1,333,'app\\models\\Disbursements'),
(2123,38,'debit','',900,'2018-04-14','2018-04-14 06:11:22',1,334,'app\\models\\Disbursements'),
(2124,35,'credit','',900,'2018-04-14','2018-04-14 06:11:22',1,334,'app\\models\\Disbursements'),
(2125,38,'debit','',900,'2018-04-14','2018-04-14 06:11:22',1,335,'app\\models\\Disbursements'),
(2126,35,'credit','',900,'2018-04-14','2018-04-14 06:11:22',1,335,'app\\models\\Disbursements'),
(2127,38,'debit','',900,'2018-04-14','2018-04-14 06:11:22',1,336,'app\\models\\Disbursements'),
(2128,35,'credit','',900,'2018-04-14','2018-04-14 06:11:22',1,336,'app\\models\\Disbursements'),
(2129,38,'debit','',900,'2018-04-14','2018-04-14 06:11:22',1,337,'app\\models\\Disbursements'),
(2130,35,'credit','',900,'2018-04-14','2018-04-14 06:11:22',1,337,'app\\models\\Disbursements'),
(2131,38,'debit','',900,'2018-04-14','2018-04-14 06:11:22',1,338,'app\\models\\Disbursements'),
(2132,35,'credit','',900,'2018-04-14','2018-04-14 06:11:22',1,338,'app\\models\\Disbursements'),
(2133,38,'debit','',900,'2018-04-14','2018-04-14 06:11:22',1,339,'app\\models\\Disbursements'),
(2134,35,'credit','',900,'2018-04-14','2018-04-14 06:11:22',1,339,'app\\models\\Disbursements'),
(2135,38,'debit','',900,'2018-04-14','2018-04-14 06:11:22',1,340,'app\\models\\Disbursements'),
(2136,35,'credit','',900,'2018-04-14','2018-04-14 06:11:22',1,340,'app\\models\\Disbursements'),
(2137,38,'debit','',900,'2018-04-14','2018-04-14 06:11:22',1,341,'app\\models\\Disbursements'),
(2138,35,'credit','',900,'2018-04-14','2018-04-14 06:11:22',1,341,'app\\models\\Disbursements'),
(2139,38,'debit','',900,'2018-04-14','2018-04-14 06:11:22',1,342,'app\\models\\Disbursements'),
(2140,35,'credit','',900,'2018-04-14','2018-04-14 06:11:22',1,342,'app\\models\\Disbursements'),
(2141,38,'debit','',2700,'2018-04-14','2018-04-14 06:11:22',1,343,'app\\models\\Disbursements'),
(2142,35,'credit','',2700,'2018-04-14','2018-04-14 06:11:22',1,343,'app\\models\\Disbursements'),
(2143,38,'debit','',1800,'2018-04-14','2018-04-14 06:11:22',1,344,'app\\models\\Disbursements'),
(2144,35,'credit','',1800,'2018-04-14','2018-04-14 06:11:22',1,344,'app\\models\\Disbursements'),
(2145,38,'debit','',2250,'2018-04-14','2018-04-14 06:11:23',1,345,'app\\models\\Disbursements'),
(2146,35,'credit','',2250,'2018-04-14','2018-04-14 06:11:23',1,345,'app\\models\\Disbursements'),
(2147,38,'debit','',2250,'2018-04-14','2018-04-14 06:11:23',1,346,'app\\models\\Disbursements'),
(2148,35,'credit','',2250,'2018-04-14','2018-04-14 06:11:23',1,346,'app\\models\\Disbursements'),
(2149,38,'debit','',2250,'2018-04-14','2018-04-14 06:11:23',1,347,'app\\models\\Disbursements'),
(2150,35,'credit','',2250,'2018-04-14','2018-04-14 06:11:23',1,347,'app\\models\\Disbursements'),
(2151,38,'debit','',2250,'2018-04-14','2018-04-14 06:11:23',1,348,'app\\models\\Disbursements'),
(2152,35,'credit','',2250,'2018-04-14','2018-04-14 06:11:23',1,348,'app\\models\\Disbursements'),
(2153,38,'debit','',2250,'2018-04-14','2018-04-14 06:11:23',1,349,'app\\models\\Disbursements'),
(2154,35,'credit','',2250,'2018-04-14','2018-04-14 06:11:23',1,349,'app\\models\\Disbursements'),
(2155,38,'debit','',2250,'2018-04-14','2018-04-14 06:11:23',1,350,'app\\models\\Disbursements'),
(2156,35,'credit','',2250,'2018-04-14','2018-04-14 06:11:23',1,350,'app\\models\\Disbursements'),
(2157,38,'debit','',1800,'2018-04-14','2018-04-14 06:11:23',1,351,'app\\models\\Disbursements'),
(2158,35,'credit','',1800,'2018-04-14','2018-04-14 06:11:23',1,351,'app\\models\\Disbursements'),
(2159,38,'debit','',1800,'2018-04-14','2018-04-14 06:11:23',1,352,'app\\models\\Disbursements'),
(2160,35,'credit','',1800,'2018-04-14','2018-04-14 06:11:23',1,352,'app\\models\\Disbursements'),
(2161,38,'debit','',1800,'2018-04-14','2018-04-14 06:11:23',1,353,'app\\models\\Disbursements'),
(2162,35,'credit','',1800,'2018-04-14','2018-04-14 06:11:23',1,353,'app\\models\\Disbursements'),
(2163,38,'debit','',1800,'2018-04-14','2018-04-14 06:11:23',1,354,'app\\models\\Disbursements'),
(2164,35,'credit','',1800,'2018-04-14','2018-04-14 06:11:23',1,354,'app\\models\\Disbursements'),
(2165,38,'debit','',1800,'2018-04-14','2018-04-14 06:11:23',1,355,'app\\models\\Disbursements'),
(2166,35,'credit','',1800,'2018-04-14','2018-04-14 06:11:23',1,355,'app\\models\\Disbursements'),
(2167,38,'debit','',1800,'2018-04-14','2018-04-14 06:11:23',1,356,'app\\models\\Disbursements'),
(2168,35,'credit','',1800,'2018-04-14','2018-04-14 06:11:23',1,356,'app\\models\\Disbursements'),
(2169,38,'debit','',1800,'2018-04-14','2018-04-14 06:11:23',1,357,'app\\models\\Disbursements'),
(2170,35,'credit','',1800,'2018-04-14','2018-04-14 06:11:23',1,357,'app\\models\\Disbursements'),
(2171,38,'debit','',7200,'2018-04-14','2018-04-14 06:11:24',1,358,'app\\models\\Disbursements'),
(2172,35,'credit','',7200,'2018-04-14','2018-04-14 06:11:24',1,358,'app\\models\\Disbursements'),
(2173,38,'debit','',1620,'2018-04-14','2018-04-14 06:11:24',1,359,'app\\models\\Disbursements'),
(2174,35,'credit','',1620,'2018-04-14','2018-04-14 06:11:24',1,359,'app\\models\\Disbursements'),
(2175,38,'debit','',1980,'2018-04-14','2018-04-14 06:11:24',1,360,'app\\models\\Disbursements'),
(2176,35,'credit','',1980,'2018-04-14','2018-04-14 06:11:24',1,360,'app\\models\\Disbursements'),
(2177,38,'debit','',1980,'2018-04-14','2018-04-14 06:11:24',1,361,'app\\models\\Disbursements'),
(2178,35,'credit','',1980,'2018-04-14','2018-04-14 06:11:24',1,361,'app\\models\\Disbursements'),
(2179,38,'debit','',1980,'2018-04-14','2018-04-14 06:11:24',1,362,'app\\models\\Disbursements'),
(2180,35,'credit','',1980,'2018-04-14','2018-04-14 06:11:24',1,362,'app\\models\\Disbursements'),
(2181,38,'debit','',1980,'2018-04-14','2018-04-14 06:11:24',1,363,'app\\models\\Disbursements'),
(2182,35,'credit','',1980,'2018-04-14','2018-04-14 06:11:24',1,363,'app\\models\\Disbursements'),
(2183,38,'debit','',1980,'2018-04-14','2018-04-14 06:11:24',1,364,'app\\models\\Disbursements'),
(2184,35,'credit','',1980,'2018-04-14','2018-04-14 06:11:24',1,364,'app\\models\\Disbursements'),
(2185,38,'debit','',1980,'2018-04-14','2018-04-14 06:11:24',1,365,'app\\models\\Disbursements'),
(2186,35,'credit','',1980,'2018-04-14','2018-04-14 06:11:24',1,365,'app\\models\\Disbursements'),
(2187,38,'debit','',1980,'2018-04-14','2018-04-14 06:11:24',1,366,'app\\models\\Disbursements'),
(2188,35,'credit','',1980,'2018-04-14','2018-04-14 06:11:24',1,366,'app\\models\\Disbursements'),
(2189,38,'debit','',1980,'2018-04-14','2018-04-14 06:11:24',1,367,'app\\models\\Disbursements'),
(2190,35,'credit','',1980,'2018-04-14','2018-04-14 06:11:24',1,367,'app\\models\\Disbursements'),
(2191,38,'debit','',2520,'2018-04-14','2018-04-14 06:11:24',1,368,'app\\models\\Disbursements'),
(2192,35,'credit','',2520,'2018-04-14','2018-04-14 06:11:24',1,368,'app\\models\\Disbursements'),
(2193,38,'debit','',2520,'2018-04-14','2018-04-14 06:11:24',1,369,'app\\models\\Disbursements'),
(2194,35,'credit','',2520,'2018-04-14','2018-04-14 06:11:24',1,369,'app\\models\\Disbursements'),
(2195,38,'debit','',2520,'2018-04-14','2018-04-14 06:11:25',1,370,'app\\models\\Disbursements'),
(2196,35,'credit','',2520,'2018-04-14','2018-04-14 06:11:25',1,370,'app\\models\\Disbursements'),
(2197,38,'debit','',2520,'2018-04-14','2018-04-14 06:11:25',1,371,'app\\models\\Disbursements'),
(2198,35,'credit','',2520,'2018-04-14','2018-04-14 06:11:25',1,371,'app\\models\\Disbursements'),
(2199,38,'debit','',2520,'2018-04-14','2018-04-14 06:11:25',1,372,'app\\models\\Disbursements'),
(2200,35,'credit','',2520,'2018-04-14','2018-04-14 06:11:25',1,372,'app\\models\\Disbursements'),
(2201,38,'debit','',2520,'2018-04-14','2018-04-14 06:11:25',1,373,'app\\models\\Disbursements'),
(2202,35,'credit','',2520,'2018-04-14','2018-04-14 06:11:25',1,373,'app\\models\\Disbursements'),
(2203,38,'debit','',2520,'2018-04-14','2018-04-14 06:11:25',1,374,'app\\models\\Disbursements'),
(2204,35,'credit','',2520,'2018-04-14','2018-04-14 06:11:25',1,374,'app\\models\\Disbursements'),
(2205,38,'debit','',2520,'2018-04-14','2018-04-14 06:11:25',1,375,'app\\models\\Disbursements'),
(2206,35,'credit','',2520,'2018-04-14','2018-04-14 06:11:25',1,375,'app\\models\\Disbursements'),
(2207,38,'debit','',2520,'2018-04-14','2018-04-14 06:11:25',1,376,'app\\models\\Disbursements'),
(2208,35,'credit','',2520,'2018-04-14','2018-04-14 06:11:25',1,376,'app\\models\\Disbursements'),
(2209,38,'debit','',2520,'2018-04-14','2018-04-14 06:11:25',1,377,'app\\models\\Disbursements'),
(2210,35,'credit','',2520,'2018-04-14','2018-04-14 06:11:25',1,377,'app\\models\\Disbursements'),
(2211,38,'debit','',6300,'2018-04-14','2018-04-14 06:11:25',1,378,'app\\models\\Disbursements'),
(2212,35,'credit','',6300,'2018-04-14','2018-04-14 06:11:25',1,378,'app\\models\\Disbursements'),
(2213,38,'debit','',2070,'2018-04-14','2018-04-14 06:11:25',1,379,'app\\models\\Disbursements'),
(2214,35,'credit','',2070,'2018-04-14','2018-04-14 06:11:25',1,379,'app\\models\\Disbursements'),
(2215,38,'debit','',8000,'2018-04-14','2018-04-14 06:11:25',1,380,'app\\models\\Disbursements'),
(2216,35,'credit','',8000,'2018-04-14','2018-04-14 06:11:25',1,380,'app\\models\\Disbursements'),
(2217,38,'debit','',2070,'2018-04-14','2018-04-14 06:11:25',1,381,'app\\models\\Disbursements'),
(2218,35,'credit','',2070,'2018-04-14','2018-04-14 06:11:25',1,381,'app\\models\\Disbursements'),
(2219,38,'debit','',5400,'2018-04-14','2018-04-14 06:11:25',1,382,'app\\models\\Disbursements'),
(2220,35,'credit','',5400,'2018-04-14','2018-04-14 06:11:25',1,382,'app\\models\\Disbursements'),
(2221,36,'debit','',20000,'2018-04-14','2018-04-14 07:36:20',1,1232,'app\\models\\OccupancyRent'),
(2222,34,'credit','',20000,'2018-04-14','2018-04-14 07:36:20',1,1232,'app\\models\\OccupancyRent'),
(2223,32,'debit','',40000,'2018-04-14','2018-04-14 07:37:53',1,31,'app\\models\\OccupancyPayments'),
(2224,36,'credit','',40000,'2018-04-14','2018-04-14 07:37:53',1,31,'app\\models\\OccupancyPayments'),
(2225,32,'debit','',40000,'2018-04-14','2018-04-14 07:38:28',1,32,'app\\models\\OccupancyPayments'),
(2226,36,'credit','',40000,'2018-04-14','2018-04-14 07:38:28',1,32,'app\\models\\OccupancyPayments'),
(2227,40,'debit','',2000,'2018-04-14','2018-04-14 07:38:49',1,1232,'app\\models\\OccupancyRent'),
(2228,36,'credit','',2000,'2018-04-14','2018-04-14 07:38:49',1,1232,'app\\models\\OccupancyRent'),
(2229,39,'debit','',9900,'2018-04-14','2018-04-14 10:39:10',1,21,'app\\models\\LandlordImprest'),
(2230,32,'credit','',9900,'2018-04-14','2018-04-14 10:39:10',1,21,'app\\models\\LandlordImprest');

/*Table structure for table `re_account_map` */

DROP TABLE IF EXISTS `re_account_map`;

CREATE TABLE `re_account_map` (
  `id` int(11) NOT NULL AUTO_INCREMENT,
  `fk_term` int(11) NOT NULL,
  `fk_account_chart` int(11) NOT NULL,
  `transaction_type` enum('credit','debit') NOT NULL,
  `status` tinyint(4) NOT NULL,
  `created_on` datetime DEFAULT NULL,
  `created_by` int(11) DEFAULT NULL,
  `modified_on` datetime DEFAULT NULL,
  `modified_by` int(11) DEFAULT NULL,
  PRIMARY KEY (`id`),
  KEY `fk_term` (`fk_term`),
  KEY `fk_account_chart` (`fk_account_chart`),
  CONSTRAINT `re_account_map_ibfk_1` FOREIGN KEY (`fk_term`) REFERENCES `re_term` (`id`),
  CONSTRAINT `re_account_map_ibfk_2` FOREIGN KEY (`fk_account_chart`) REFERENCES `re_account_chart` (`id`)
) ENGINE=InnoDB AUTO_INCREMENT=23 DEFAULT CHARSET=utf8;

/*Data for the table `re_account_map` */

insert  into `re_account_map`(`id`,`fk_term`,`fk_account_chart`,`transaction_type`,`status`,`created_on`,`created_by`,`modified_on`,`modified_by`) values 
(1,1,36,'debit',1,'2017-12-18 15:00:25',NULL,NULL,NULL),
(2,1,34,'credit',1,'2017-12-18 15:00:54',NULL,NULL,NULL),
(3,3,38,'debit',1,NULL,NULL,NULL,NULL),
(4,3,35,'credit',1,NULL,NULL,NULL,NULL),
(5,20,39,'debit',1,NULL,NULL,NULL,NULL),
(6,20,32,'credit',1,NULL,NULL,NULL,NULL),
(7,19,32,'debit',1,NULL,NULL,NULL,NULL),
(8,19,36,'credit',1,NULL,NULL,NULL,NULL),
(9,13,40,'debit',1,NULL,NULL,NULL,NULL),
(10,13,36,'credit',1,NULL,NULL,NULL,NULL),
(11,21,41,'debit',1,NULL,NULL,NULL,NULL),
(12,21,32,'credit',1,NULL,NULL,NULL,NULL),
(13,22,42,'debit',1,NULL,NULL,NULL,NULL),
(14,22,32,'credit',1,NULL,NULL,NULL,NULL),
(15,23,43,'debit',1,NULL,NULL,NULL,NULL),
(16,23,32,'credit',1,NULL,NULL,NULL,NULL),
(17,24,44,'debit',1,NULL,NULL,NULL,NULL),
(18,24,32,'credit',1,NULL,NULL,NULL,NULL),
(19,25,45,'debit',1,NULL,NULL,NULL,NULL),
(20,25,32,'credit',1,NULL,NULL,NULL,NULL),
(21,26,46,'debit',1,NULL,NULL,NULL,NULL),
(22,26,32,'credit',1,NULL,NULL,NULL,NULL);

/*Table structure for table `re_account_type` */

DROP TABLE IF EXISTS `re_account_type`;

CREATE TABLE `re_account_type` (
  `id` int(11) NOT NULL AUTO_INCREMENT,
  `name` varchar(45) NOT NULL,
  `Description` varchar(255) NOT NULL,
  `created_by` int(11) DEFAULT NULL,
  `modified_by` int(11) DEFAULT NULL,
  `created_on` datetime DEFAULT NULL,
  `modified_on` datetime DEFAULT NULL,
  PRIMARY KEY (`id`)
) ENGINE=InnoDB AUTO_INCREMENT=6 DEFAULT CHARSET=utf8;

/*Data for the table `re_account_type` */

insert  into `re_account_type`(`id`,`name`,`Description`,`created_by`,`modified_by`,`created_on`,`modified_on`) values 
(1,'Assets','Assets',1,1,NULL,NULL),
(2,'Liabilities','Liabilities',1,1,NULL,NULL),
(3,'Equity','Equity',1,1,NULL,NULL),
(4,'Revenue','Revenue',1,1,NULL,NULL),
(5,'Expenses','Expenses',1,1,NULL,NULL);

/*Table structure for table `re_accounts` */

DROP TABLE IF EXISTS `re_accounts`;

CREATE TABLE `re_accounts` (
  `id` int(11) NOT NULL AUTO_INCREMENT,
  `account_name` varchar(100) DEFAULT NULL,
  `account_description` text,
  `account_no` decimal(10,0) DEFAULT NULL,
  `bank_name` varchar(100) DEFAULT NULL,
  `branch` varchar(100) DEFAULT NULL,
  `bank_code` varchar(100) DEFAULT NULL,
  `date_created` datetime DEFAULT NULL,
  `created_by` varchar(100) DEFAULT NULL,
  `date_modified` datetime DEFAULT NULL,
  `modified_by` varchar(100) DEFAULT NULL,
  PRIMARY KEY (`id`)
) ENGINE=InnoDB AUTO_INCREMENT=2 DEFAULT CHARSET=latin1;

/*Data for the table `re_accounts` */

insert  into `re_accounts`(`id`,`account_name`,`account_description`,`account_no`,`bank_name`,`branch`,`bank_code`,`date_created`,`created_by`,`date_modified`,`modified_by`) values 
(1,'Petty Cash','',1,'Petty Cash','001','001',NULL,NULL,NULL,NULL);

/*Table structure for table `re_accounts_transaction` */

DROP TABLE IF EXISTS `re_accounts_transaction`;

CREATE TABLE `re_accounts_transaction` (
  `id` int(11) NOT NULL AUTO_INCREMENT,
  `fk_journal` int(11) DEFAULT NULL,
  `fk_account` int(11) DEFAULT NULL,
  `fk_source` int(11) DEFAULT NULL,
  `dr` decimal(11,2) DEFAULT NULL,
  `cr` decimal(11,2) DEFAULT NULL,
  `running_balance` decimal(11,2) DEFAULT NULL,
  `details` text,
  `date_created` datetime DEFAULT NULL,
  `created_by` varchar(100) DEFAULT NULL,
  `date_modified` datetime DEFAULT NULL,
  `modified_by` varchar(100) DEFAULT NULL,
  `reconciled` int(11) DEFAULT NULL,
  `reconciled_amount` decimal(11,2) DEFAULT NULL,
  `reconciled_by` varchar(100) DEFAULT NULL,
  `reconciled_date` datetime DEFAULT NULL,
  PRIMARY KEY (`id`),
  KEY `fk_account_type` (`fk_account`),
  KEY `fk_journal` (`fk_journal`),
  KEY `fk_source` (`fk_source`),
  CONSTRAINT `ac_ibfk_2` FOREIGN KEY (`fk_journal`) REFERENCES `re_journal` (`id`) ON DELETE NO ACTION ON UPDATE CASCADE,
  CONSTRAINT `ac_ibfk_3` FOREIGN KEY (`fk_source`) REFERENCES `re_source` (`id`) ON DELETE NO ACTION ON UPDATE CASCADE,
  CONSTRAINT `re_accounts_transaction_ibfk_1` FOREIGN KEY (`fk_account`) REFERENCES `re_accounts` (`id`) ON DELETE NO ACTION ON UPDATE CASCADE
) ENGINE=InnoDB DEFAULT CHARSET=latin1;

/*Data for the table `re_accounts_transaction` */

/*Table structure for table `re_advert` */

DROP TABLE IF EXISTS `re_advert`;

CREATE TABLE `re_advert` (
  `id` int(11) NOT NULL AUTO_INCREMENT,
  `advert_name` varchar(200) DEFAULT NULL,
  `advert_desc` text,
  `advert_owner_id` int(11) DEFAULT NULL,
  `start_date` datetime DEFAULT NULL,
  `end_date` datetime DEFAULT NULL,
  `_status` int(11) DEFAULT NULL,
  `image1` text,
  `image2` text,
  `image3` text,
  `image4` text,
  `image5` text,
  `contact_details` text,
  `date_created` datetime DEFAULT NULL,
  `created_by` int(11) DEFAULT NULL,
  `date_modified` datetime DEFAULT NULL,
  `modified_by` int(11) DEFAULT NULL,
  `advert_fee` int(11) DEFAULT NULL,
  PRIMARY KEY (`id`),
  KEY `advert_owner_id` (`advert_owner_id`),
  CONSTRAINT `re_advert_ibfk_1` FOREIGN KEY (`advert_owner_id`) REFERENCES `re_management` (`id`) ON DELETE NO ACTION ON UPDATE CASCADE
) ENGINE=InnoDB DEFAULT CHARSET=latin1;

/*Data for the table `re_advert` */

/*Table structure for table `re_advert_feature` */

DROP TABLE IF EXISTS `re_advert_feature`;

CREATE TABLE `re_advert_feature` (
  `id` int(11) NOT NULL AUTO_INCREMENT,
  `fk_advert_id` int(11) DEFAULT NULL,
  `fk_feature_id` int(11) DEFAULT NULL,
  `feature_narration` text,
  `image1` text,
  `image2` text,
  `image3` text,
  `_status` int(11) DEFAULT NULL,
  `date_created` datetime DEFAULT NULL,
  `date_modified` datetime DEFAULT NULL,
  `created_by` int(11) DEFAULT NULL,
  `modified_by` int(11) DEFAULT NULL,
  PRIMARY KEY (`id`),
  KEY `fk_advert_id` (`fk_advert_id`),
  KEY `fk_feature_id` (`fk_feature_id`),
  CONSTRAINT `re_advert_feature_ibfk_1` FOREIGN KEY (`fk_advert_id`) REFERENCES `re_advert` (`id`) ON DELETE NO ACTION ON UPDATE CASCADE,
  CONSTRAINT `re_advert_feature_ibfk_2` FOREIGN KEY (`fk_feature_id`) REFERENCES `re_feature` (`id`) ON DELETE NO ACTION ON UPDATE CASCADE
) ENGINE=InnoDB DEFAULT CHARSET=latin1;

/*Data for the table `re_advert_feature` */

/*Table structure for table `re_blog` */

DROP TABLE IF EXISTS `re_blog`;

CREATE TABLE `re_blog` (
  `id` int(11) NOT NULL AUTO_INCREMENT,
  `fk_user_id` int(11) DEFAULT NULL,
  `blog_title` text,
  `blog_post` text,
  `posted_date` datetime DEFAULT NULL,
  `_status` int(11) DEFAULT NULL,
  `date_created` datetime DEFAULT NULL,
  `created_by` int(11) DEFAULT NULL,
  `date_modified` datetime DEFAULT NULL,
  `modified_by` int(11) DEFAULT NULL,
  PRIMARY KEY (`id`),
  KEY `fk_user_id` (`fk_user_id`),
  CONSTRAINT `re_blog_ibfk_1` FOREIGN KEY (`fk_user_id`) REFERENCES `re_blog` (`id`) ON DELETE NO ACTION ON UPDATE CASCADE
) ENGINE=InnoDB DEFAULT CHARSET=latin1;

/*Data for the table `re_blog` */

/*Table structure for table `re_county` */

DROP TABLE IF EXISTS `re_county`;

CREATE TABLE `re_county` (
  `id` int(11) NOT NULL AUTO_INCREMENT,
  `county_desc` text,
  `county_name` varchar(200) DEFAULT NULL,
  `county_lat` varchar(10) DEFAULT NULL,
  `county_long` varchar(10) DEFAULT NULL,
  PRIMARY KEY (`id`)
) ENGINE=InnoDB AUTO_INCREMENT=6 DEFAULT CHARSET=latin1;

/*Data for the table `re_county` */

insert  into `re_county`(`id`,`county_desc`,`county_name`,`county_lat`,`county_long`) values 
(5,'','kilifi',NULL,NULL);

/*Table structure for table `re_disbursements` */

DROP TABLE IF EXISTS `re_disbursements`;

CREATE TABLE `re_disbursements` (
  `id` int(11) NOT NULL AUTO_INCREMENT,
  `fk_occupancy_rent` int(11) NOT NULL,
  `fk_landlord` int(11) DEFAULT NULL,
  `batch_id` int(11) DEFAULT NULL,
  `amount` double NOT NULL,
  `month` int(11) DEFAULT NULL,
  `year` int(11) DEFAULT NULL,
  `entry_date` date NOT NULL,
  `created_on` datetime DEFAULT NULL,
  `created_by` int(11) DEFAULT NULL,
  `_status` int(11) DEFAULT NULL,
  PRIMARY KEY (`id`),
  KEY `fk_landlord` (`fk_landlord`),
  KEY `fk_occupancy_rent` (`fk_occupancy_rent`),
  CONSTRAINT `re_disbursements_ibfk_1` FOREIGN KEY (`fk_landlord`) REFERENCES `sys_users` (`id`) ON DELETE NO ACTION ON UPDATE CASCADE,
  CONSTRAINT `re_disbursements_ibfk_2` FOREIGN KEY (`fk_occupancy_rent`) REFERENCES `re_occupancy_rent` (`id`) ON DELETE NO ACTION ON UPDATE CASCADE
) ENGINE=InnoDB AUTO_INCREMENT=383 DEFAULT CHARSET=utf8;

/*Data for the table `re_disbursements` */

insert  into `re_disbursements`(`id`,`fk_occupancy_rent`,`fk_landlord`,`batch_id`,`amount`,`month`,`year`,`entry_date`,`created_on`,`created_by`,`_status`) values 
(210,886,16,NULL,6750,4,2018,'2018-04-14','2018-04-14 06:11:12',1,1),
(211,888,16,NULL,6300,4,2018,'2018-04-14','2018-04-14 06:11:12',1,1),
(212,890,16,NULL,6300,4,2018,'2018-04-14','2018-04-14 06:11:12',1,1),
(213,892,21,NULL,2070,4,2018,'2018-04-14','2018-04-14 06:11:12',1,1),
(214,894,21,NULL,2070,4,2018,'2018-04-14','2018-04-14 06:11:12',1,1),
(215,896,21,NULL,2070,4,2018,'2018-04-14','2018-04-14 06:11:12',1,1),
(216,898,21,NULL,2070,4,2018,'2018-04-14','2018-04-14 06:11:13',1,1),
(217,900,21,NULL,2070,4,2018,'2018-04-14','2018-04-14 06:11:13',1,1),
(218,902,21,NULL,2070,4,2018,'2018-04-14','2018-04-14 06:11:13',1,1),
(219,904,21,NULL,2070,4,2018,'2018-04-14','2018-04-14 06:11:13',1,1),
(220,906,21,NULL,2250,4,2018,'2018-04-14','2018-04-14 06:11:13',1,1),
(221,908,21,NULL,2070,4,2018,'2018-04-14','2018-04-14 06:11:13',1,1),
(222,910,21,NULL,2250,4,2018,'2018-04-14','2018-04-14 06:11:13',1,1),
(223,912,21,NULL,2070,4,2018,'2018-04-14','2018-04-14 06:11:13',1,1),
(224,914,33,NULL,1350,4,2018,'2018-04-14','2018-04-14 06:11:13',1,1),
(225,916,33,NULL,1350,4,2018,'2018-04-14','2018-04-14 06:11:13',1,1),
(226,918,33,NULL,1350,4,2018,'2018-04-14','2018-04-14 06:11:13',1,1),
(227,920,37,NULL,630,4,2018,'2018-04-14','2018-04-14 06:11:13',1,1),
(228,922,37,NULL,630,4,2018,'2018-04-14','2018-04-14 06:11:13',1,1),
(229,924,37,NULL,630,4,2018,'2018-04-14','2018-04-14 06:11:13',1,1),
(230,926,37,NULL,630,4,2018,'2018-04-14','2018-04-14 06:11:14',1,1),
(231,928,37,NULL,630,4,2018,'2018-04-14','2018-04-14 06:11:14',1,1),
(232,930,37,NULL,630,4,2018,'2018-04-14','2018-04-14 06:11:14',1,1),
(233,932,44,NULL,1170,4,2018,'2018-04-14','2018-04-14 06:11:14',1,1),
(234,934,44,NULL,1170,4,2018,'2018-04-14','2018-04-14 06:11:14',1,1),
(235,936,44,NULL,1170,4,2018,'2018-04-14','2018-04-14 06:11:14',1,1),
(236,938,44,NULL,1170,4,2018,'2018-04-14','2018-04-14 06:11:14',1,1),
(237,940,44,NULL,1170,4,2018,'2018-04-14','2018-04-14 06:11:14',1,1),
(238,942,44,NULL,1170,4,2018,'2018-04-14','2018-04-14 06:11:14',1,1),
(239,944,44,NULL,1170,4,2018,'2018-04-14','2018-04-14 06:11:14',1,1),
(240,946,44,NULL,1170,4,2018,'2018-04-14','2018-04-14 06:11:14',1,1),
(241,948,44,NULL,1170,4,2018,'2018-04-14','2018-04-14 06:11:14',1,1),
(242,950,44,NULL,1170,4,2018,'2018-04-14','2018-04-14 06:11:14',1,1),
(243,952,44,NULL,1170,4,2018,'2018-04-14','2018-04-14 06:11:15',1,1),
(244,954,44,NULL,1170,4,2018,'2018-04-14','2018-04-14 06:11:15',1,1),
(245,956,57,NULL,1800,4,2018,'2018-04-14','2018-04-14 06:11:15',1,1),
(246,958,57,NULL,1800,4,2018,'2018-04-14','2018-04-14 06:11:15',1,1),
(247,960,57,NULL,1800,4,2018,'2018-04-14','2018-04-14 06:11:15',1,1),
(248,962,57,NULL,1800,4,2018,'2018-04-14','2018-04-14 06:11:15',1,1),
(249,964,57,NULL,1800,4,2018,'2018-04-14','2018-04-14 06:11:15',1,1),
(250,966,57,NULL,1800,4,2018,'2018-04-14','2018-04-14 06:11:15',1,1),
(251,968,64,NULL,1350,4,2018,'2018-04-14','2018-04-14 06:11:15',1,1),
(252,970,66,21,4500,4,2018,'2018-04-14','2018-04-14 06:11:15',1,2),
(253,972,68,NULL,900,4,2018,'2018-04-14','2018-04-14 06:11:15',1,1),
(254,974,68,NULL,900,4,2018,'2018-04-14','2018-04-14 06:11:15',1,1),
(255,976,68,NULL,900,4,2018,'2018-04-14','2018-04-14 06:11:15',1,1),
(256,978,68,NULL,900,4,2018,'2018-04-14','2018-04-14 06:11:15',1,1),
(257,980,73,NULL,1350,4,2018,'2018-04-14','2018-04-14 06:11:16',1,1),
(258,982,73,NULL,1350,4,2018,'2018-04-14','2018-04-14 06:11:16',1,1),
(259,984,73,NULL,1350,4,2018,'2018-04-14','2018-04-14 06:11:16',1,1),
(260,986,73,NULL,1350,4,2018,'2018-04-14','2018-04-14 06:11:16',1,1),
(261,988,73,NULL,3150,4,2018,'2018-04-14','2018-04-14 06:11:16',1,1),
(262,990,73,NULL,1350,4,2018,'2018-04-14','2018-04-14 06:11:16',1,1),
(263,992,73,NULL,1350,4,2018,'2018-04-14','2018-04-14 06:11:16',1,1),
(264,994,73,NULL,1350,4,2018,'2018-04-14','2018-04-14 06:11:16',1,1),
(265,996,73,NULL,1350,4,2018,'2018-04-14','2018-04-14 06:11:16',1,1),
(266,998,73,NULL,1350,4,2018,'2018-04-14','2018-04-14 06:11:16',1,1),
(267,1000,73,NULL,1350,4,2018,'2018-04-14','2018-04-14 06:11:16',1,1),
(268,1002,85,NULL,1800,4,2018,'2018-04-14','2018-04-14 06:11:16',1,1),
(269,1004,85,NULL,1800,4,2018,'2018-04-14','2018-04-14 06:11:16',1,1),
(270,1006,85,NULL,1800,4,2018,'2018-04-14','2018-04-14 06:11:16',1,1),
(271,1008,85,NULL,1800,4,2018,'2018-04-14','2018-04-14 06:11:16',1,1),
(272,1010,85,NULL,1800,4,2018,'2018-04-14','2018-04-14 06:11:17',1,1),
(273,1012,85,NULL,1800,4,2018,'2018-04-14','2018-04-14 06:11:17',1,1),
(274,1014,85,NULL,1800,4,2018,'2018-04-14','2018-04-14 06:11:17',1,1),
(275,1016,85,NULL,1800,4,2018,'2018-04-14','2018-04-14 06:11:17',1,1),
(276,1018,85,NULL,1800,4,2018,'2018-04-14','2018-04-14 06:11:17',1,1),
(277,1020,85,NULL,1800,4,2018,'2018-04-14','2018-04-14 06:11:17',1,1),
(278,1022,85,NULL,1800,4,2018,'2018-04-14','2018-04-14 06:11:17',1,1),
(279,1024,98,NULL,1620,4,2018,'2018-04-14','2018-04-14 06:11:17',1,1),
(280,1026,98,NULL,1620,4,2018,'2018-04-14','2018-04-14 06:11:17',1,1),
(281,1028,98,NULL,1620,4,2018,'2018-04-14','2018-04-14 06:11:17',1,1),
(282,1030,98,NULL,1620,4,2018,'2018-04-14','2018-04-14 06:11:17',1,1),
(283,1032,98,NULL,1620,4,2018,'2018-04-14','2018-04-14 06:11:17',1,1),
(284,1034,98,NULL,1620,4,2018,'2018-04-14','2018-04-14 06:11:18',1,1),
(285,1036,98,NULL,1620,4,2018,'2018-04-14','2018-04-14 06:11:18',1,1),
(286,1038,98,NULL,1620,4,2018,'2018-04-14','2018-04-14 06:11:18',1,1),
(287,1040,107,NULL,1080,4,2018,'2018-04-14','2018-04-14 06:11:18',1,1),
(288,1042,107,NULL,1080,4,2018,'2018-04-14','2018-04-14 06:11:18',1,1),
(289,1044,107,NULL,1080,4,2018,'2018-04-14','2018-04-14 06:11:18',1,1),
(290,1046,107,NULL,1080,4,2018,'2018-04-14','2018-04-14 06:11:18',1,1),
(291,1048,107,NULL,1080,4,2018,'2018-04-14','2018-04-14 06:11:18',1,1),
(292,1050,107,NULL,1080,4,2018,'2018-04-14','2018-04-14 06:11:18',1,1),
(293,1052,107,NULL,1080,4,2018,'2018-04-14','2018-04-14 06:11:18',1,1),
(294,1054,107,NULL,1080,4,2018,'2018-04-14','2018-04-14 06:11:18',1,1),
(295,1056,116,NULL,900,4,2018,'2018-04-14','2018-04-14 06:11:19',1,1),
(296,1058,116,NULL,900,4,2018,'2018-04-14','2018-04-14 06:11:19',1,1),
(297,1060,116,NULL,900,4,2018,'2018-04-14','2018-04-14 06:11:19',1,1),
(298,1062,120,NULL,720,4,2018,'2018-04-14','2018-04-14 06:11:19',1,1),
(299,1064,120,NULL,720,4,2018,'2018-04-14','2018-04-14 06:11:19',1,1),
(300,1066,120,NULL,720,4,2018,'2018-04-14','2018-04-14 06:11:19',1,1),
(301,1068,120,NULL,720,4,2018,'2018-04-14','2018-04-14 06:11:19',1,1),
(302,1070,120,NULL,720,4,2018,'2018-04-14','2018-04-14 06:11:19',1,1),
(303,1072,120,NULL,720,4,2018,'2018-04-14','2018-04-14 06:11:19',1,1),
(304,1074,127,NULL,900,4,2018,'2018-04-14','2018-04-14 06:11:19',1,1),
(305,1076,127,NULL,900,4,2018,'2018-04-14','2018-04-14 06:11:19',1,1),
(306,1078,127,NULL,900,4,2018,'2018-04-14','2018-04-14 06:11:19',1,1),
(307,1080,132,NULL,2250,4,2018,'2018-04-14','2018-04-14 06:11:20',1,1),
(308,1082,132,NULL,2250,4,2018,'2018-04-14','2018-04-14 06:11:20',1,1),
(309,1084,132,NULL,2250,4,2018,'2018-04-14','2018-04-14 06:11:20',1,1),
(310,1086,132,NULL,2250,4,2018,'2018-04-14','2018-04-14 06:11:20',1,1),
(311,1088,137,NULL,1350,4,2018,'2018-04-14','2018-04-14 06:11:20',1,1),
(312,1090,137,NULL,1350,4,2018,'2018-04-14','2018-04-14 06:11:20',1,1),
(313,1092,137,NULL,1350,4,2018,'2018-04-14','2018-04-14 06:11:20',1,1),
(314,1094,137,NULL,1350,4,2018,'2018-04-14','2018-04-14 06:11:20',1,1),
(315,1096,137,NULL,1350,4,2018,'2018-04-14','2018-04-14 06:11:20',1,1),
(316,1098,137,NULL,1350,4,2018,'2018-04-14','2018-04-14 06:11:20',1,1),
(317,1100,137,NULL,1350,4,2018,'2018-04-14','2018-04-14 06:11:20',1,1),
(318,1102,145,NULL,2250,4,2018,'2018-04-14','2018-04-14 06:11:20',1,1),
(319,1104,145,NULL,2250,4,2018,'2018-04-14','2018-04-14 06:11:20',1,1),
(320,1106,145,NULL,2250,4,2018,'2018-04-14','2018-04-14 06:11:21',1,1),
(321,1108,145,NULL,2250,4,2018,'2018-04-14','2018-04-14 06:11:21',1,1),
(322,1110,145,NULL,2250,4,2018,'2018-04-14','2018-04-14 06:11:21',1,1),
(323,1112,145,NULL,2250,4,2018,'2018-04-14','2018-04-14 06:11:21',1,1),
(324,1114,145,NULL,2250,4,2018,'2018-04-14','2018-04-14 06:11:21',1,1),
(325,1116,145,NULL,2250,4,2018,'2018-04-14','2018-04-14 06:11:21',1,1),
(326,1118,145,NULL,2250,4,2018,'2018-04-14','2018-04-14 06:11:21',1,1),
(327,1120,156,NULL,1620,4,2018,'2018-04-14','2018-04-14 06:11:21',1,1),
(328,1122,156,NULL,1620,4,2018,'2018-04-14','2018-04-14 06:11:21',1,1),
(329,1124,156,NULL,1620,4,2018,'2018-04-14','2018-04-14 06:11:21',1,1),
(330,1126,160,NULL,900,4,2018,'2018-04-14','2018-04-14 06:11:21',1,1),
(331,1128,160,NULL,900,4,2018,'2018-04-14','2018-04-14 06:11:21',1,1),
(332,1130,160,NULL,900,4,2018,'2018-04-14','2018-04-14 06:11:22',1,1),
(333,1132,160,NULL,900,4,2018,'2018-04-14','2018-04-14 06:11:22',1,1),
(334,1134,160,NULL,900,4,2018,'2018-04-14','2018-04-14 06:11:22',1,1),
(335,1136,160,NULL,900,4,2018,'2018-04-14','2018-04-14 06:11:22',1,1),
(336,1138,160,NULL,900,4,2018,'2018-04-14','2018-04-14 06:11:22',1,1),
(337,1140,160,NULL,900,4,2018,'2018-04-14','2018-04-14 06:11:22',1,1),
(338,1142,160,NULL,900,4,2018,'2018-04-14','2018-04-14 06:11:22',1,1),
(339,1144,160,NULL,900,4,2018,'2018-04-14','2018-04-14 06:11:22',1,1),
(340,1146,160,NULL,900,4,2018,'2018-04-14','2018-04-14 06:11:22',1,1),
(341,1148,160,NULL,900,4,2018,'2018-04-14','2018-04-14 06:11:22',1,1),
(342,1150,160,NULL,900,4,2018,'2018-04-14','2018-04-14 06:11:22',1,1),
(343,1152,175,NULL,2700,4,2018,'2018-04-14','2018-04-14 06:11:22',1,1),
(344,1154,177,NULL,1800,4,2018,'2018-04-14','2018-04-14 06:11:22',1,1),
(345,1156,179,NULL,2250,4,2018,'2018-04-14','2018-04-14 06:11:23',1,1),
(346,1158,179,NULL,2250,4,2018,'2018-04-14','2018-04-14 06:11:23',1,1),
(347,1160,179,NULL,2250,4,2018,'2018-04-14','2018-04-14 06:11:23',1,1),
(348,1162,179,NULL,2250,4,2018,'2018-04-14','2018-04-14 06:11:23',1,1),
(349,1164,179,NULL,2250,4,2018,'2018-04-14','2018-04-14 06:11:23',1,1),
(350,1166,179,NULL,2250,4,2018,'2018-04-14','2018-04-14 06:11:23',1,1),
(351,1168,186,NULL,1800,4,2018,'2018-04-14','2018-04-14 06:11:23',1,1),
(352,1170,186,NULL,1800,4,2018,'2018-04-14','2018-04-14 06:11:23',1,1),
(353,1172,186,NULL,1800,4,2018,'2018-04-14','2018-04-14 06:11:23',1,1),
(354,1174,186,NULL,1800,4,2018,'2018-04-14','2018-04-14 06:11:23',1,1),
(355,1176,192,NULL,1800,4,2018,'2018-04-14','2018-04-14 06:11:23',1,1),
(356,1178,192,NULL,1800,4,2018,'2018-04-14','2018-04-14 06:11:23',1,1),
(357,1180,192,NULL,1800,4,2018,'2018-04-14','2018-04-14 06:11:23',1,1),
(358,1182,196,NULL,7200,4,2018,'2018-04-14','2018-04-14 06:11:24',1,1),
(359,1184,198,NULL,1620,4,2018,'2018-04-14','2018-04-14 06:11:24',1,1),
(360,1186,200,NULL,1980,4,2018,'2018-04-14','2018-04-14 06:11:24',1,1),
(361,1188,200,NULL,1980,4,2018,'2018-04-14','2018-04-14 06:11:24',1,1),
(362,1190,200,NULL,1980,4,2018,'2018-04-14','2018-04-14 06:11:24',1,1),
(363,1192,200,NULL,1980,4,2018,'2018-04-14','2018-04-14 06:11:24',1,1),
(364,1194,200,NULL,1980,4,2018,'2018-04-14','2018-04-14 06:11:24',1,1),
(365,1196,200,NULL,1980,4,2018,'2018-04-14','2018-04-14 06:11:24',1,1),
(366,1198,200,NULL,1980,4,2018,'2018-04-14','2018-04-14 06:11:24',1,1),
(367,1200,200,NULL,1980,4,2018,'2018-04-14','2018-04-14 06:11:24',1,1),
(368,1202,209,NULL,2520,4,2018,'2018-04-14','2018-04-14 06:11:24',1,1),
(369,1204,209,NULL,2520,4,2018,'2018-04-14','2018-04-14 06:11:24',1,1),
(370,1206,209,NULL,2520,4,2018,'2018-04-14','2018-04-14 06:11:25',1,1),
(371,1208,209,NULL,2520,4,2018,'2018-04-14','2018-04-14 06:11:25',1,1),
(372,1210,209,NULL,2520,4,2018,'2018-04-14','2018-04-14 06:11:25',1,1),
(373,1212,209,NULL,2520,4,2018,'2018-04-14','2018-04-14 06:11:25',1,1),
(374,1214,209,NULL,2520,4,2018,'2018-04-14','2018-04-14 06:11:25',1,1),
(375,1216,209,NULL,2520,4,2018,'2018-04-14','2018-04-14 06:11:25',1,1),
(376,1218,209,NULL,2520,4,2018,'2018-04-14','2018-04-14 06:11:25',1,1),
(377,1220,209,NULL,2520,4,2018,'2018-04-14','2018-04-14 06:11:25',1,1),
(378,1222,16,NULL,6300,4,2018,'2018-04-14','2018-04-14 06:11:25',1,1),
(379,1224,21,NULL,2070,4,2018,'2018-04-14','2018-04-14 06:11:25',1,1),
(380,1226,227,NULL,8000,4,2018,'2018-04-14','2018-04-14 06:11:25',1,1),
(381,1228,21,NULL,2070,4,2018,'2018-04-14','2018-04-14 06:11:25',1,1),
(382,1230,66,21,5400,4,2018,'2018-04-14','2018-04-14 06:11:25',1,2);

/*Table structure for table `re_estate` */

DROP TABLE IF EXISTS `re_estate`;

CREATE TABLE `re_estate` (
  `id` int(11) NOT NULL AUTO_INCREMENT,
  `fk_sub_location` int(11) DEFAULT NULL,
  `estate_name` varchar(200) DEFAULT NULL,
  `estate_desc` text,
  `estate_review` text,
  `estate_media` text,
  `_status` int(11) DEFAULT NULL,
  `date_created` datetime DEFAULT NULL,
  `created_by` int(11) DEFAULT NULL,
  `date_modified` datetime DEFAULT NULL,
  `modified_by` int(11) DEFAULT NULL,
  `estate_lat` varchar(10) DEFAULT NULL,
  `estate_long` varchar(10) DEFAULT NULL,
  PRIMARY KEY (`id`),
  KEY `fk_sub_location` (`fk_sub_location`),
  CONSTRAINT `re_estate_ibfk_1` FOREIGN KEY (`fk_sub_location`) REFERENCES `re_sub_location` (`id`) ON DELETE NO ACTION ON UPDATE CASCADE
) ENGINE=InnoDB AUTO_INCREMENT=6 DEFAULT CHARSET=latin1;

/*Data for the table `re_estate` */

insert  into `re_estate`(`id`,`fk_sub_location`,`estate_name`,`estate_desc`,`estate_review`,`estate_media`,`_status`,`date_created`,`created_by`,`date_modified`,`modified_by`,`estate_lat`,`estate_long`) values 
(1,3,'kwa mike ','','','',NULL,NULL,NULL,NULL,NULL,NULL,NULL),
(2,2,'Tumaini','','','',NULL,NULL,NULL,NULL,NULL,NULL,NULL),
(3,2,'prisons','test estate','','',NULL,NULL,NULL,NULL,NULL,NULL,NULL),
(4,4,'Kichinjioni','','','',NULL,NULL,NULL,NULL,NULL,NULL,NULL),
(5,4,'Unknown','','','',NULL,NULL,NULL,NULL,NULL,NULL,NULL);

/*Table structure for table `re_feature` */

DROP TABLE IF EXISTS `re_feature`;

CREATE TABLE `re_feature` (
  `id` int(11) NOT NULL AUTO_INCREMENT,
  `feature_name` varchar(200) DEFAULT NULL,
  `feature_desc` text,
  `date_created` datetime DEFAULT NULL,
  `created_by` int(11) DEFAULT NULL,
  `date_modified` datetime DEFAULT NULL,
  `modified_by` int(11) DEFAULT NULL,
  `_status` int(11) DEFAULT NULL,
  PRIMARY KEY (`id`)
) ENGINE=InnoDB AUTO_INCREMENT=8 DEFAULT CHARSET=latin1;

/*Data for the table `re_feature` */

insert  into `re_feature`(`id`,`feature_name`,`feature_desc`,`date_created`,`created_by`,`date_modified`,`modified_by`,`_status`) values 
(1,'gate',NULL,NULL,NULL,NULL,NULL,NULL),
(2,'floor','',NULL,NULL,NULL,NULL,NULL),
(3,'roof',NULL,NULL,NULL,NULL,NULL,NULL),
(4,'Water',NULL,NULL,NULL,NULL,NULL,NULL),
(5,'Electricity',NULL,NULL,NULL,NULL,NULL,NULL),
(6,'Permanent',NULL,NULL,NULL,NULL,NULL,NULL),
(7,'Semi Permanent',NULL,NULL,NULL,NULL,NULL,NULL);

/*Table structure for table `re_group` */

DROP TABLE IF EXISTS `re_group`;

CREATE TABLE `re_group` (
  `id` int(11) NOT NULL AUTO_INCREMENT,
  `group_name` varchar(200) DEFAULT NULL,
  `_status` int(11) DEFAULT NULL,
  PRIMARY KEY (`id`)
) ENGINE=InnoDB AUTO_INCREMENT=5 DEFAULT CHARSET=latin1;

/*Data for the table `re_group` */

insert  into `re_group`(`id`,`group_name`,`_status`) values 
(1,'Admin',1),
(2,'Agent',1),
(3,'Landlord',1),
(4,'Tenant',1);

/*Table structure for table `re_journal` */

DROP TABLE IF EXISTS `re_journal`;

CREATE TABLE `re_journal` (
  `id` int(11) NOT NULL AUTO_INCREMENT,
  `date` date DEFAULT NULL,
  `receipt_invoice_no` varchar(50) CHARACTER SET latin1 DEFAULT NULL,
  `fk_occupancy_rent` int(11) DEFAULT NULL,
  `fk_user` int(11) DEFAULT NULL,
  `account_type` int(11) DEFAULT NULL,
  `transaction_type` int(11) DEFAULT NULL,
  `cheque_no` varchar(50) CHARACTER SET latin1 DEFAULT NULL,
  `details` text CHARACTER SET latin1,
  `transacted_by` varchar(50) CHARACTER SET latin1 DEFAULT NULL,
  `date_created` datetime DEFAULT NULL,
  `created_by` varchar(50) CHARACTER SET latin1 DEFAULT NULL,
  `date_modified` datetime DEFAULT NULL,
  `modified_by` varchar(50) CHARACTER SET latin1 DEFAULT NULL,
  `amount` double(10,2) DEFAULT NULL,
  `post_status` int(11) DEFAULT NULL,
  PRIMARY KEY (`id`),
  KEY `transaction_type` (`transaction_type`),
  KEY `account_type` (`account_type`),
  CONSTRAINT `re_journal_ibfk_1` FOREIGN KEY (`transaction_type`) REFERENCES `re_source` (`id`) ON DELETE NO ACTION ON UPDATE NO ACTION,
  CONSTRAINT `re_journal_ibfk_2` FOREIGN KEY (`account_type`) REFERENCES `re_accounts` (`id`) ON DELETE NO ACTION ON UPDATE CASCADE
) ENGINE=InnoDB DEFAULT CHARSET=utf8;

/*Data for the table `re_journal` */

/*Table structure for table `re_landlord_imprest` */

DROP TABLE IF EXISTS `re_landlord_imprest`;

CREATE TABLE `re_landlord_imprest` (
  `id` int(11) NOT NULL AUTO_INCREMENT,
  `fk_landlord` int(11) DEFAULT NULL,
  `imprest_type` varchar(20) DEFAULT NULL,
  `amount` double NOT NULL,
  `entry_date` date NOT NULL,
  `settlement_id` int(11) DEFAULT NULL,
  `created_on` datetime DEFAULT NULL,
  `created_by` int(11) DEFAULT NULL,
  `_status` int(11) DEFAULT NULL,
  `narration` varchar(200) DEFAULT NULL,
  PRIMARY KEY (`id`),
  KEY `fk_landlord` (`fk_landlord`),
  CONSTRAINT `re_landlord_imprest_ibfk_1` FOREIGN KEY (`fk_landlord`) REFERENCES `sys_users` (`id`) ON DELETE NO ACTION ON UPDATE CASCADE
) ENGINE=InnoDB AUTO_INCREMENT=22 DEFAULT CHARSET=utf8;

/*Data for the table `re_landlord_imprest` */

insert  into `re_landlord_imprest`(`id`,`fk_landlord`,`imprest_type`,`amount`,`entry_date`,`settlement_id`,`created_on`,`created_by`,`_status`,`narration`) values 
(21,66,'Disbursement',9900,'2018-04-14',NULL,'2018-04-14 10:39:10',1,1,NULL);

/*Table structure for table `re_location` */

DROP TABLE IF EXISTS `re_location`;

CREATE TABLE `re_location` (
  `id` int(11) NOT NULL AUTO_INCREMENT,
  `fk_ward` int(11) DEFAULT NULL,
  `location_name` varchar(200) DEFAULT NULL,
  `location_desc` text,
  `location_lat` varchar(10) DEFAULT NULL,
  `location_long` varchar(10) DEFAULT NULL,
  PRIMARY KEY (`id`),
  KEY `fk_ward` (`fk_ward`),
  CONSTRAINT `re_location_ibfk_1` FOREIGN KEY (`fk_ward`) REFERENCES `re_ward` (`id`) ON DELETE NO ACTION ON UPDATE CASCADE
) ENGINE=InnoDB AUTO_INCREMENT=6 DEFAULT CHARSET=latin1;

/*Data for the table `re_location` */

insert  into `re_location`(`id`,`fk_ward`,`location_name`,`location_desc`,`location_lat`,`location_long`) values 
(1,2,'kaya','test',NULL,NULL),
(3,3,'pwani','test',NULL,NULL),
(4,4,'Kichinjioni','',NULL,NULL),
(5,4,'Unknown','',NULL,NULL);

/*Table structure for table `re_lookup` */

DROP TABLE IF EXISTS `re_lookup`;

CREATE TABLE `re_lookup` (
  `id` int(11) NOT NULL AUTO_INCREMENT,
  `_key` varchar(200) DEFAULT NULL,
  `_value` text,
  `category` int(11) DEFAULT NULL,
  `_order` int(11) DEFAULT NULL,
  `_status` int(11) DEFAULT NULL,
  `date_created` datetime DEFAULT NULL,
  `created_by` int(11) DEFAULT NULL,
  `date_modified` datetime DEFAULT NULL,
  `modified_by` int(11) DEFAULT NULL,
  PRIMARY KEY (`id`),
  KEY `category` (`category`),
  CONSTRAINT `re_lookup_ibfk_1` FOREIGN KEY (`category`) REFERENCES `re_lookup_category` (`id`) ON DELETE NO ACTION ON UPDATE CASCADE
) ENGINE=InnoDB AUTO_INCREMENT=34 DEFAULT CHARSET=latin1;

/*Data for the table `re_lookup` */

insert  into `re_lookup`(`id`,`_key`,`_value`,`category`,`_order`,`_status`,`date_created`,`created_by`,`date_modified`,`modified_by`) values 
(1,'1','Single Rooms',1,NULL,0,NULL,NULL,NULL,NULL),
(2,'2','Double Rooms',1,NULL,NULL,NULL,NULL,NULL,NULL),
(3,'m','Male',2,NULL,NULL,NULL,NULL,NULL,NULL),
(4,'f','Female',2,NULL,NULL,NULL,NULL,NULL,NULL),
(5,'1','ON',3,NULL,NULL,NULL,NULL,NULL,NULL),
(6,'2','OFF',3,NULL,NULL,NULL,NULL,NULL,NULL),
(7,'3','Bed sitter',1,NULL,NULL,NULL,NULL,NULL,NULL),
(8,'4','One Bedrooms',1,NULL,NULL,NULL,NULL,NULL,NULL),
(9,'5','Two Bedrooms',1,NULL,NULL,NULL,NULL,NULL,NULL),
(10,'6','Three Bedrooms',1,NULL,NULL,NULL,NULL,NULL,NULL),
(11,'7','Maisonette',1,NULL,NULL,NULL,NULL,NULL,NULL),
(12,'8','Bungalow',1,NULL,NULL,NULL,NULL,NULL,NULL),
(13,'1','Cash',4,NULL,NULL,NULL,NULL,NULL,NULL),
(14,'2','Mpesa',4,NULL,NULL,NULL,NULL,NULL,NULL),
(15,'3','Cheque',4,NULL,NULL,NULL,NULL,NULL,NULL),
(17,'1','Paid',5,NULL,NULL,NULL,NULL,NULL,NULL),
(18,'0','Unmatched',6,NULL,NULL,NULL,NULL,NULL,NULL),
(19,'1','Matched',6,NULL,NULL,NULL,NULL,NULL,NULL),
(20,'1','Pending',7,NULL,NULL,NULL,NULL,NULL,NULL),
(21,'2','Paid',7,NULL,NULL,NULL,NULL,NULL,NULL),
(22,'1','Available',8,NULL,1,NULL,NULL,NULL,NULL),
(23,'2','Not Available',8,NULL,1,NULL,NULL,NULL,NULL),
(24,'1','Available',9,NULL,1,NULL,NULL,NULL,NULL),
(25,'2','Not Available',9,NULL,1,NULL,NULL,NULL,NULL),
(26,'Advance','Advance',10,NULL,1,NULL,NULL,NULL,NULL),
(27,'Disbursement','Disbursement',10,NULL,1,NULL,NULL,NULL,NULL),
(28,'0','Pending',11,NULL,1,NULL,NULL,NULL,NULL),
(29,'1','Paid',11,NULL,1,NULL,NULL,NULL,NULL),
(30,'2','Partly Matched',6,NULL,NULL,NULL,NULL,NULL,NULL),
(31,'1','Tenant',12,NULL,1,NULL,NULL,NULL,NULL),
(32,'2','Agent',12,NULL,1,NULL,NULL,NULL,NULL),
(33,'3','Expense',12,NULL,1,NULL,NULL,NULL,NULL);

/*Table structure for table `re_lookup_category` */

DROP TABLE IF EXISTS `re_lookup_category`;

CREATE TABLE `re_lookup_category` (
  `id` int(11) NOT NULL AUTO_INCREMENT,
  `category_name` varchar(200) DEFAULT NULL,
  PRIMARY KEY (`id`)
) ENGINE=InnoDB AUTO_INCREMENT=13 DEFAULT CHARSET=latin1;

/*Data for the table `re_lookup_category` */

insert  into `re_lookup_category`(`id`,`category_name`) values 
(1,'Property Type'),
(2,'Gender'),
(3,'Status'),
(4,'Payment Method'),
(5,'Payment Status'),
(6,'Match Bills'),
(7,'Disbursement Status'),
(8,'Property Status'),
(9,'Sublet Status'),
(10,'Imprest Type'),
(11,'Imprest Status'),
(12,'Term Type');

/*Table structure for table `re_management` */

DROP TABLE IF EXISTS `re_management`;

CREATE TABLE `re_management` (
  `id` int(11) NOT NULL AUTO_INCREMENT,
  `fk_user_id` int(11) DEFAULT NULL,
  `management_type` int(11) DEFAULT NULL,
  `management_name` varchar(200) DEFAULT NULL,
  `location` text,
  `address` text,
  `profile_desc` text,
  `featured_property` int(11) DEFAULT NULL,
  `_status` int(11) DEFAULT NULL,
  `date_created` datetime DEFAULT NULL,
  `created_by` int(11) DEFAULT NULL,
  `date_modified` datetime DEFAULT NULL,
  `modified_by` int(11) DEFAULT NULL,
  PRIMARY KEY (`id`),
  KEY `fk_user_id` (`fk_user_id`),
  CONSTRAINT `re_management_ibfk_1` FOREIGN KEY (`fk_user_id`) REFERENCES `sys_users` (`id`) ON DELETE NO ACTION ON UPDATE CASCADE
) ENGINE=InnoDB AUTO_INCREMENT=3 DEFAULT CHARSET=latin1;

/*Data for the table `re_management` */

insert  into `re_management`(`id`,`fk_user_id`,`management_type`,`management_name`,`location`,`address`,`profile_desc`,`featured_property`,`_status`,`date_created`,`created_by`,`date_modified`,`modified_by`) values 
(2,NULL,1,'Jongeto Agency',NULL,NULL,NULL,NULL,NULL,NULL,NULL,NULL,NULL);

/*Table structure for table `re_migration` */

DROP TABLE IF EXISTS `re_migration`;

CREATE TABLE `re_migration` (
  `version` varchar(180) NOT NULL,
  `apply_time` int(11) DEFAULT NULL,
  PRIMARY KEY (`version`)
) ENGINE=MyISAM DEFAULT CHARSET=latin1;

/*Data for the table `re_migration` */

/*Table structure for table `re_occupancy` */

DROP TABLE IF EXISTS `re_occupancy`;

CREATE TABLE `re_occupancy` (
  `id` int(11) NOT NULL AUTO_INCREMENT,
  `fk_property_id` int(11) DEFAULT NULL,
  `fk_sublet_id` int(11) DEFAULT NULL,
  `fk_user_id` int(11) DEFAULT NULL,
  `start_date` date DEFAULT NULL,
  `end_date` date DEFAULT NULL,
  `notes` text,
  `_status` int(11) DEFAULT NULL,
  `date_created` datetime DEFAULT NULL,
  `created_by` int(11) DEFAULT NULL,
  `date_modified` datetime DEFAULT NULL,
  `modified_by` int(11) DEFAULT NULL,
  PRIMARY KEY (`id`),
  KEY `fk_property_id` (`fk_property_id`),
  KEY `fk_sublet_id` (`fk_sublet_id`),
  KEY `fk_tenant_id` (`fk_user_id`),
  CONSTRAINT `re_occupancy_ibfk_1` FOREIGN KEY (`fk_property_id`) REFERENCES `re_property` (`id`) ON DELETE NO ACTION ON UPDATE CASCADE,
  CONSTRAINT `re_occupancy_ibfk_2` FOREIGN KEY (`fk_sublet_id`) REFERENCES `re_property_sublet` (`id`) ON DELETE NO ACTION ON UPDATE CASCADE,
  CONSTRAINT `re_occupancy_ibfk_3` FOREIGN KEY (`fk_user_id`) REFERENCES `sys_users` (`id`) ON DELETE NO ACTION ON UPDATE CASCADE
) ENGINE=InnoDB AUTO_INCREMENT=193 DEFAULT CHARSET=latin1;

/*Data for the table `re_occupancy` */

insert  into `re_occupancy`(`id`,`fk_property_id`,`fk_sublet_id`,`fk_user_id`,`start_date`,`end_date`,`notes`,`_status`,`date_created`,`created_by`,`date_modified`,`modified_by`) values 
(18,10,18,17,'2016-05-11',NULL,'',1,NULL,NULL,NULL,NULL),
(19,10,19,19,'2017-02-21',NULL,'',1,NULL,NULL,NULL,NULL),
(20,10,20,18,'2016-09-27',NULL,'',2,NULL,NULL,NULL,NULL),
(21,10,21,20,'2017-07-20',NULL,'',1,NULL,NULL,NULL,NULL),
(22,11,22,32,'2017-10-11',NULL,'',1,NULL,NULL,NULL,NULL),
(23,11,23,29,'2017-10-06',NULL,'',1,NULL,NULL,NULL,NULL),
(24,11,24,31,'2017-09-11',NULL,'',1,NULL,NULL,NULL,NULL),
(25,11,25,28,'2017-09-07',NULL,'',1,NULL,NULL,NULL,NULL),
(26,11,26,22,'2017-05-19',NULL,'',1,NULL,NULL,NULL,NULL),
(27,11,27,27,'2017-03-24',NULL,'',1,NULL,NULL,NULL,NULL),
(28,11,28,30,'2017-08-04',NULL,'',1,NULL,NULL,NULL,NULL),
(29,11,29,26,'2017-01-10',NULL,'',1,NULL,NULL,NULL,NULL),
(30,11,30,25,'2016-06-10',NULL,'',1,NULL,NULL,NULL,NULL),
(31,11,31,23,'2016-09-13',NULL,'',1,NULL,NULL,NULL,NULL),
(32,11,32,24,'2015-01-11',NULL,'',1,NULL,NULL,NULL,NULL),
(33,12,34,34,'2010-01-15',NULL,'',1,NULL,NULL,NULL,NULL),
(34,12,35,36,'2014-01-07',NULL,'',1,NULL,NULL,NULL,NULL),
(35,12,36,35,'2014-02-06',NULL,'',1,NULL,NULL,NULL,NULL),
(36,13,38,38,'2015-03-10',NULL,'',1,NULL,NULL,NULL,NULL),
(37,13,39,40,'2016-03-15',NULL,'',1,NULL,NULL,NULL,NULL),
(38,13,40,41,'2016-09-06',NULL,'',1,NULL,NULL,NULL,NULL),
(39,13,41,42,'2017-08-06',NULL,'',1,NULL,NULL,NULL,NULL),
(40,13,42,43,'2016-04-12',NULL,'',1,NULL,NULL,NULL,NULL),
(41,13,43,39,'2013-10-15',NULL,'',1,NULL,NULL,NULL,NULL),
(42,14,44,45,'2016-04-20',NULL,'',1,NULL,NULL,NULL,NULL),
(43,14,45,46,'2016-04-20',NULL,'',1,NULL,NULL,NULL,NULL),
(44,14,46,47,'2016-04-20',NULL,'',1,NULL,NULL,NULL,NULL),
(45,14,47,49,'2016-04-20',NULL,'',1,NULL,NULL,NULL,NULL),
(46,14,48,50,'2016-04-20',NULL,'',1,NULL,NULL,NULL,NULL),
(47,14,49,54,'2016-04-20',NULL,'',1,NULL,NULL,NULL,NULL),
(48,14,50,52,'2016-04-20',NULL,'',1,NULL,NULL,NULL,NULL),
(49,14,51,51,'2016-08-15',NULL,'',1,NULL,NULL,NULL,NULL),
(50,14,52,48,'2017-05-31',NULL,'',1,NULL,NULL,NULL,NULL),
(51,14,53,53,'2017-09-01',NULL,'',1,NULL,NULL,NULL,NULL),
(52,14,54,55,'2017-10-05',NULL,'',1,NULL,NULL,NULL,NULL),
(53,14,55,56,'2017-09-11',NULL,'',1,NULL,NULL,NULL,NULL),
(54,15,56,63,'2017-08-07',NULL,'',1,NULL,NULL,NULL,NULL),
(55,15,57,62,'2016-08-30',NULL,'',1,NULL,NULL,NULL,NULL),
(56,15,58,59,'2016-08-30',NULL,'',1,NULL,NULL,NULL,NULL),
(57,15,59,61,'2016-08-30',NULL,'',1,NULL,NULL,NULL,NULL),
(58,15,60,58,'2016-11-29',NULL,'',1,NULL,NULL,NULL,NULL),
(59,15,61,60,'2017-04-06',NULL,'',1,NULL,NULL,NULL,NULL),
(60,16,63,65,'2016-11-17',NULL,'',1,NULL,NULL,NULL,NULL),
(61,17,64,67,'2016-06-09',NULL,'',1,NULL,NULL,NULL,NULL),
(62,18,65,72,'2016-08-12',NULL,'',1,NULL,NULL,NULL,NULL),
(63,18,66,71,'2015-02-09',NULL,'',1,NULL,NULL,NULL,NULL),
(64,18,67,69,'2012-01-26',NULL,'',1,NULL,NULL,NULL,NULL),
(65,18,68,70,'2014-11-12',NULL,'',1,NULL,NULL,NULL,NULL),
(66,19,69,83,'2017-08-31',NULL,'',1,NULL,NULL,NULL,NULL),
(67,19,70,77,'2017-02-22',NULL,'',1,NULL,NULL,NULL,NULL),
(68,19,71,82,'2017-04-06',NULL,'',1,NULL,NULL,NULL,NULL),
(69,19,72,78,'2012-05-15',NULL,'',1,NULL,NULL,NULL,NULL),
(70,19,73,74,'2016-10-10',NULL,'',1,NULL,NULL,NULL,NULL),
(71,19,74,81,'2015-12-23',NULL,'',1,NULL,NULL,NULL,NULL),
(72,19,75,75,'2015-11-27',NULL,'',1,NULL,NULL,NULL,NULL),
(73,19,76,76,'2015-11-27',NULL,'',1,NULL,NULL,NULL,NULL),
(74,19,77,79,'2015-11-27',NULL,'',1,NULL,NULL,NULL,NULL),
(75,19,78,80,'2015-11-27',NULL,'',1,NULL,NULL,NULL,NULL),
(76,19,79,84,'2017-08-11',NULL,'',1,NULL,NULL,NULL,NULL),
(77,20,83,97,'2017-10-12',NULL,'',1,NULL,NULL,NULL,NULL),
(78,20,84,95,'2017-11-08',NULL,'',1,NULL,NULL,NULL,NULL),
(79,20,85,96,'2017-10-10',NULL,'',1,NULL,NULL,NULL,NULL),
(80,20,86,92,'2016-05-31',NULL,'',1,NULL,NULL,NULL,NULL),
(81,20,87,86,'2015-08-21',NULL,'',1,NULL,NULL,NULL,NULL),
(82,20,88,88,'2015-12-03',NULL,'',1,NULL,NULL,NULL,NULL),
(83,20,89,94,'2016-08-02',NULL,'',1,NULL,NULL,NULL,NULL),
(84,20,90,87,'2010-06-08',NULL,'',1,NULL,NULL,NULL,NULL),
(85,20,91,89,'2017-08-29',NULL,'',1,NULL,NULL,NULL,NULL),
(86,20,92,90,NULL,NULL,'',1,NULL,NULL,NULL,NULL),
(87,20,93,93,'2012-10-16',NULL,'',1,NULL,NULL,NULL,NULL),
(88,21,97,103,'2017-09-04',NULL,'',1,NULL,NULL,NULL,NULL),
(89,21,98,99,'2017-07-05',NULL,'',1,NULL,NULL,NULL,NULL),
(90,21,99,104,'2017-08-31',NULL,'',1,NULL,NULL,NULL,NULL),
(91,21,100,100,'2011-09-05',NULL,'',1,NULL,NULL,NULL,NULL),
(92,21,101,102,'2011-08-08',NULL,'',1,NULL,NULL,NULL,NULL),
(93,21,102,101,'2010-09-07',NULL,'',1,NULL,NULL,NULL,NULL),
(94,21,103,105,'2017-08-31',NULL,'',1,NULL,NULL,NULL,NULL),
(95,21,104,106,'2017-09-04',NULL,'',1,NULL,NULL,NULL,NULL),
(96,22,106,110,'2017-02-02',NULL,'',1,NULL,NULL,NULL,NULL),
(97,22,107,113,'2016-05-10',NULL,'',1,NULL,NULL,NULL,NULL),
(98,22,108,112,'2015-09-04',NULL,'',1,NULL,NULL,NULL,NULL),
(99,22,109,109,'2015-01-26',NULL,'',1,NULL,NULL,NULL,NULL),
(100,22,110,108,'2016-02-03',NULL,'',1,NULL,NULL,NULL,NULL),
(101,22,111,111,'2015-10-12',NULL,'',1,NULL,NULL,NULL,NULL),
(102,22,112,114,'2016-08-09',NULL,'',1,NULL,NULL,NULL,NULL),
(103,22,113,115,'2017-10-11',NULL,'',1,NULL,NULL,NULL,NULL),
(104,23,117,118,'2016-08-30',NULL,'',1,NULL,NULL,NULL,NULL),
(105,23,118,117,'2012-08-07',NULL,'',1,NULL,NULL,NULL,NULL),
(106,23,119,119,'2017-05-05',NULL,'',1,NULL,NULL,NULL,NULL),
(107,24,120,126,'2015-09-16',NULL,'',1,NULL,NULL,NULL,NULL),
(108,24,121,124,'2011-03-18',NULL,'',1,NULL,NULL,NULL,NULL),
(109,24,122,122,'2011-01-06',NULL,'',1,NULL,NULL,NULL,NULL),
(110,24,123,123,'2010-02-11',NULL,'',1,NULL,NULL,NULL,NULL),
(111,24,124,125,'2010-03-10',NULL,'',1,NULL,NULL,NULL,NULL),
(112,24,125,121,'2016-12-02',NULL,'',1,NULL,NULL,NULL,NULL),
(113,25,126,129,'2016-07-12',NULL,'',1,NULL,NULL,NULL,NULL),
(114,25,127,130,'2016-07-08',NULL,'',1,NULL,NULL,NULL,NULL),
(115,25,128,131,'2017-08-18',NULL,'',1,NULL,NULL,NULL,NULL),
(116,26,130,133,'2006-11-06',NULL,'',1,NULL,NULL,NULL,NULL),
(117,26,131,134,'2016-08-08',NULL,'',1,NULL,NULL,NULL,NULL),
(118,26,132,135,'2016-08-04',NULL,'',1,NULL,NULL,NULL,NULL),
(119,26,133,136,'2016-08-04',NULL,'',1,NULL,NULL,NULL,NULL),
(120,27,137,138,'2016-12-13',NULL,'',1,NULL,NULL,NULL,NULL),
(121,27,138,139,'2017-03-07',NULL,'',1,NULL,NULL,NULL,NULL),
(122,27,139,140,'2015-06-08',NULL,'',1,NULL,NULL,NULL,NULL),
(123,27,140,141,'2015-04-08',NULL,'',1,NULL,NULL,NULL,NULL),
(124,27,141,142,'2017-02-03',NULL,'',1,NULL,NULL,NULL,NULL),
(125,27,142,143,'2017-10-09',NULL,'',1,NULL,NULL,NULL,NULL),
(126,27,143,144,'2017-10-09',NULL,'',1,NULL,NULL,NULL,NULL),
(127,28,145,146,'2016-09-25',NULL,'',1,NULL,NULL,NULL,NULL),
(128,28,146,147,'2017-06-07',NULL,'',1,NULL,NULL,NULL,NULL),
(129,28,147,148,'2012-04-24',NULL,'',1,NULL,NULL,NULL,NULL),
(130,28,148,149,'2017-07-03',NULL,'',1,NULL,NULL,NULL,NULL),
(131,28,149,150,'2017-11-17',NULL,'',1,NULL,NULL,NULL,NULL),
(132,28,150,151,'2016-02-05',NULL,'',1,NULL,NULL,NULL,NULL),
(133,28,151,152,'2016-04-06',NULL,'',1,NULL,NULL,NULL,NULL),
(134,28,152,154,'2017-08-11',NULL,'',1,NULL,NULL,NULL,NULL),
(135,28,153,155,'2017-11-30',NULL,'',1,NULL,NULL,NULL,NULL),
(136,29,157,157,'2010-11-08',NULL,'',1,NULL,NULL,NULL,NULL),
(137,29,158,158,'2015-10-08',NULL,'',1,NULL,NULL,NULL,NULL),
(138,29,159,159,'2016-04-05',NULL,'',1,NULL,NULL,NULL,NULL),
(139,30,160,162,'2017-03-02',NULL,'',1,NULL,NULL,NULL,NULL),
(140,30,161,163,'2017-02-06',NULL,'',1,NULL,NULL,NULL,NULL),
(141,30,162,164,'2015-12-02',NULL,'',1,NULL,NULL,NULL,NULL),
(142,30,163,165,'2015-09-07',NULL,'',1,NULL,NULL,NULL,NULL),
(143,30,164,166,'2015-04-06',NULL,'',1,NULL,NULL,NULL,NULL),
(144,30,165,167,'2000-06-06',NULL,'',1,NULL,NULL,NULL,NULL),
(145,30,166,168,'2013-11-05',NULL,'',1,NULL,NULL,NULL,NULL),
(146,30,167,169,'2017-03-12',NULL,'',1,NULL,NULL,NULL,NULL),
(147,30,168,170,'2017-03-12',NULL,'',1,NULL,NULL,NULL,NULL),
(148,30,169,171,'2013-08-12',NULL,'',1,NULL,NULL,NULL,NULL),
(149,30,170,172,'2013-07-09',NULL,'',1,NULL,NULL,NULL,NULL),
(150,30,171,173,'2017-08-07',NULL,'',1,NULL,NULL,NULL,NULL),
(151,30,172,174,'2017-11-03',NULL,'',1,NULL,NULL,NULL,NULL),
(152,31,173,176,'2017-08-07',NULL,'',1,NULL,NULL,NULL,NULL),
(153,32,175,178,'2008-06-10',NULL,'',1,NULL,NULL,NULL,NULL),
(154,33,176,180,'2017-06-02',NULL,'',1,NULL,NULL,NULL,NULL),
(155,33,177,181,'2017-06-05',NULL,'',1,NULL,NULL,NULL,NULL),
(156,33,178,182,'2013-09-10',NULL,'',1,NULL,NULL,NULL,NULL),
(157,33,179,183,'2015-06-08',NULL,'',1,NULL,NULL,NULL,NULL),
(158,33,180,184,'2013-12-02',NULL,'',1,NULL,NULL,NULL,NULL),
(159,33,181,185,'2015-05-04',NULL,'',1,NULL,NULL,NULL,NULL),
(160,34,186,187,'2015-06-24',NULL,'',1,NULL,NULL,NULL,NULL),
(161,34,187,188,'2013-05-06',NULL,'',1,NULL,NULL,NULL,NULL),
(162,34,188,189,'2015-07-06',NULL,'',1,NULL,NULL,NULL,NULL),
(163,34,189,191,'2016-07-27',NULL,'',1,NULL,NULL,NULL,NULL),
(164,35,194,193,'2014-03-04',NULL,'',1,NULL,NULL,NULL,NULL),
(165,35,195,194,'2013-11-04',NULL,'',1,NULL,NULL,NULL,NULL),
(166,35,196,195,'2015-01-05',NULL,'',1,NULL,NULL,NULL,NULL),
(167,36,200,197,'2014-05-07',NULL,'',1,NULL,NULL,NULL,NULL),
(168,37,201,199,'2014-08-06',NULL,'',1,NULL,NULL,NULL,NULL),
(169,38,202,201,'2017-11-06',NULL,'',1,NULL,NULL,NULL,NULL),
(170,38,203,202,'2017-11-06',NULL,'',1,NULL,NULL,NULL,NULL),
(171,38,204,203,'2017-11-06',NULL,'',1,NULL,NULL,NULL,NULL),
(172,38,205,204,'2017-11-02',NULL,'',1,NULL,NULL,NULL,NULL),
(173,38,206,205,'2017-11-03',NULL,'',1,NULL,NULL,NULL,NULL),
(174,38,207,206,'2017-11-02',NULL,'',1,NULL,NULL,NULL,NULL),
(175,38,208,207,'2017-11-01',NULL,'',1,NULL,NULL,NULL,NULL),
(176,38,209,208,'2017-11-01',NULL,'',1,NULL,NULL,NULL,NULL),
(177,39,211,210,'2017-11-06',NULL,'',1,NULL,NULL,NULL,NULL),
(178,39,212,211,'2017-11-02',NULL,'',1,NULL,NULL,NULL,NULL),
(179,39,213,212,'2017-11-01',NULL,'',1,NULL,NULL,NULL,NULL),
(180,39,214,213,'2017-11-05',NULL,'',1,NULL,NULL,NULL,NULL),
(181,39,215,214,'2017-11-06',NULL,'',1,NULL,NULL,NULL,NULL),
(182,39,216,215,'2017-11-02',NULL,'',1,NULL,NULL,NULL,NULL),
(183,39,217,216,'2017-11-02',NULL,'',1,NULL,NULL,NULL,NULL),
(184,39,218,217,'2017-11-02',NULL,'',1,NULL,NULL,NULL,NULL),
(185,39,219,218,'2017-11-06',NULL,'',1,NULL,NULL,NULL,NULL),
(186,39,220,219,'2017-10-31',NULL,'',1,NULL,NULL,NULL,NULL),
(187,10,20,24,'2018-03-01',NULL,'',1,NULL,NULL,NULL,NULL),
(188,11,33,154,'2018-03-01',NULL,'',1,NULL,NULL,NULL,NULL),
(189,41,229,228,'2018-03-01',NULL,'',1,NULL,NULL,NULL,NULL),
(190,11,231,228,'2018-03-01',NULL,'',1,NULL,NULL,NULL,NULL),
(191,17,232,232,'2018-04-01',NULL,'',1,NULL,NULL,NULL,NULL),
(192,42,233,19,'2018-04-01',NULL,'',1,NULL,NULL,NULL,NULL);

/*Table structure for table `re_occupancy_invoice` */

DROP TABLE IF EXISTS `re_occupancy_invoice`;

CREATE TABLE `re_occupancy_invoice` (
  `id` int(11) NOT NULL AUTO_INCREMENT,
  `invoice_no` varchar(100) NOT NULL,
  `fk_occupancy_rent` int(11) NOT NULL,
  `created_on` date DEFAULT NULL,
  `created_by` int(11) DEFAULT NULL,
  PRIMARY KEY (`id`)
) ENGINE=InnoDB AUTO_INCREMENT=1261 DEFAULT CHARSET=utf8;

/*Data for the table `re_occupancy_invoice` */

insert  into `re_occupancy_invoice`(`id`,`invoice_no`,`fk_occupancy_rent`,`created_on`,`created_by`) values 
(1,'INV-10-13',158,'2017-12-11',1),
(2,'INV-10-13',159,'2017-12-11',1),
(3,'INV-10-13',160,'2017-12-11',1),
(4,'INV-11-13',161,'2017-12-11',1),
(5,'INV-11-13',162,'2017-12-11',1),
(6,'INV-11-13',163,'2017-12-11',1),
(7,'INV-13-13',164,'2017-12-11',1),
(8,'INV-13-13',165,'2017-12-11',1),
(9,'INV-13-13',166,'2017-12-11',1),
(10,'INV-14-13',167,'2017-12-11',1),
(11,'INV-14-13',168,'2017-12-11',1),
(12,'INV-14-13',169,'2017-12-11',1),
(13,'INV-15-13',170,'2017-12-11',1),
(14,'INV-15-13',171,'2017-12-11',1),
(15,'INV-15-13',172,'2017-12-11',1),
(16,'INV-16-13',173,'2017-12-11',1),
(17,'INV-16-13',174,'2017-12-11',1),
(18,'INV-16-13',175,'2017-12-11',1),
(19,'INV-10-13',2,'2018-01-03',1),
(20,'INV-10-13',0,'2018-01-03',1),
(21,'INV-10-13',0,'2018-01-03',1),
(22,'INV-11-13',4,'2018-01-03',1),
(23,'INV-11-13',0,'2018-01-03',1),
(24,'INV-11-13',0,'2018-01-03',1),
(25,'INV-13-13',6,'2018-01-03',1),
(26,'INV-13-13',0,'2018-01-03',1),
(27,'INV-13-13',0,'2018-01-03',1),
(28,'INV-13-13',0,'2018-01-03',1),
(29,'INV-14-13',8,'2018-01-03',1),
(30,'INV-14-13',0,'2018-01-03',1),
(31,'INV-14-13',0,'2018-01-03',1),
(32,'INV-14-13',0,'2018-01-03',1),
(33,'INV-15-13',10,'2018-01-03',1),
(34,'INV-15-13',0,'2018-01-03',1),
(35,'INV-15-13',0,'2018-01-03',1),
(36,'INV-15-13',0,'2018-01-03',1),
(37,'INV-16-13',12,'2018-01-03',1),
(38,'INV-16-13',0,'2018-01-03',1),
(39,'INV-16-13',0,'2018-01-03',1),
(40,'INV-1-13',14,'2018-01-03',1),
(41,'INV-8-13',16,'2018-01-03',1),
(42,'INV-17-13',0,'2018-01-04',1),
(43,'INV-17-13',0,'2018-01-04',1),
(44,'INV-17-13',0,'2018-01-04',1),
(45,'INV-17-13',0,'2018-01-04',1),
(46,'INV-18-13',0,'2018-01-04',1),
(47,'INV-18-13',0,'2018-01-05',15),
(48,'INV-18-13',0,'2018-01-05',15),
(49,'INV-19-13',0,'2018-01-05',15),
(50,'INV-19-13',0,'2018-01-05',15),
(51,'INV-20-13',0,'2018-01-05',15),
(52,'INV-20-13',0,'2018-01-05',15),
(53,'INV-21-13',0,'2018-01-05',15),
(54,'INV-21-13',0,'2018-01-05',15),
(55,'INV-60-13',0,'2018-01-05',15),
(56,'INV-18-13',0,'2017-08-01',15),
(57,'INV-19-13',0,'2017-08-01',15),
(58,'INV-20-13',0,'2017-08-01',15),
(59,'INV-21-13',0,'2017-08-01',15),
(60,'INV-22-13',0,'2017-08-01',15),
(61,'INV-22-13',0,'2017-08-01',15),
(62,'INV-23-13',0,'2017-08-01',15),
(63,'INV-23-13',0,'2017-08-01',15),
(64,'INV-24-13',0,'2017-08-01',15),
(65,'INV-24-13',0,'2017-08-01',15),
(66,'INV-25-13',0,'2017-08-01',15),
(67,'INV-25-13',0,'2017-08-01',15),
(68,'INV-26-13',0,'2017-08-01',15),
(69,'INV-26-13',0,'2017-08-01',15),
(70,'INV-27-13',0,'2017-08-01',15),
(71,'INV-27-13',0,'2017-08-01',15),
(72,'INV-28-13',0,'2017-08-01',15),
(73,'INV-28-13',0,'2017-08-01',15),
(74,'INV-29-13',0,'2017-08-01',15),
(75,'INV-29-13',0,'2017-08-01',15),
(76,'INV-30-13',0,'2017-08-01',15),
(77,'INV-30-13',0,'2017-08-01',15),
(78,'INV-31-13',0,'2017-08-01',15),
(79,'INV-31-13',0,'2017-08-01',15),
(80,'INV-32-13',0,'2017-08-01',15),
(81,'INV-32-13',0,'2017-08-01',15),
(82,'INV-33-13',0,'2017-08-01',15),
(83,'INV-33-13',0,'2017-08-01',15),
(84,'INV-34-13',0,'2017-08-01',15),
(85,'INV-34-13',0,'2017-08-01',15),
(86,'INV-35-13',0,'2017-08-01',15),
(87,'INV-35-13',0,'2017-08-01',15),
(88,'INV-36-13',0,'2017-08-01',15),
(89,'INV-36-13',0,'2017-08-01',15),
(90,'INV-37-13',0,'2017-08-01',15),
(91,'INV-37-13',0,'2017-08-01',15),
(92,'INV-38-13',0,'2017-08-01',15),
(93,'INV-38-13',0,'2017-08-01',15),
(94,'INV-39-13',0,'2017-08-01',15),
(95,'INV-39-13',0,'2017-08-01',15),
(96,'INV-40-13',0,'2017-08-01',15),
(97,'INV-40-13',0,'2017-08-01',15),
(98,'INV-41-13',0,'2017-08-01',15),
(99,'INV-41-13',0,'2017-08-01',15),
(100,'INV-42-13',0,'2017-08-01',15),
(101,'INV-42-13',0,'2017-08-01',15),
(102,'INV-43-13',0,'2017-08-01',15),
(103,'INV-43-13',0,'2017-08-01',15),
(104,'INV-44-13',0,'2017-08-01',15),
(105,'INV-44-13',0,'2017-08-01',15),
(106,'INV-45-13',0,'2017-08-01',15),
(107,'INV-45-13',0,'2017-08-01',15),
(108,'INV-46-13',0,'2017-08-01',15),
(109,'INV-46-13',0,'2017-08-01',15),
(110,'INV-47-13',0,'2017-08-01',15),
(111,'INV-47-13',0,'2017-08-01',15),
(112,'INV-48-13',0,'2017-08-01',15),
(113,'INV-48-13',0,'2017-08-01',15),
(114,'INV-49-13',0,'2017-08-01',15),
(115,'INV-49-13',0,'2017-08-01',15),
(116,'INV-50-13',0,'2017-08-01',15),
(117,'INV-50-13',0,'2017-08-01',15),
(118,'INV-51-13',0,'2017-08-01',15),
(119,'INV-51-13',0,'2017-08-01',15),
(120,'INV-52-13',0,'2017-08-01',15),
(121,'INV-52-13',0,'2017-08-01',15),
(122,'INV-53-13',0,'2017-08-01',15),
(123,'INV-53-13',0,'2017-08-01',15),
(124,'INV-54-13',0,'2017-08-01',15),
(125,'INV-54-13',0,'2017-08-01',15),
(126,'INV-55-13',0,'2017-08-01',15),
(127,'INV-55-13',0,'2017-08-01',15),
(128,'INV-56-13',0,'2017-08-01',15),
(129,'INV-56-13',0,'2017-08-01',15),
(130,'INV-57-13',0,'2017-08-01',15),
(131,'INV-57-13',0,'2017-08-01',15),
(132,'INV-58-13',0,'2017-08-01',15),
(133,'INV-58-13',0,'2017-08-01',15),
(134,'INV-59-13',0,'2017-08-01',15),
(135,'INV-59-13',0,'2017-08-01',15),
(136,'INV-60-13',0,'2017-08-01',15),
(137,'INV-60-13',0,'2017-08-01',15),
(138,'INV-61-13',0,'2017-08-01',15),
(139,'INV-61-13',0,'2017-08-01',15),
(140,'INV-62-13',0,'2017-08-01',15),
(141,'INV-62-13',0,'2017-08-01',15),
(142,'INV-63-13',0,'2017-08-01',15),
(143,'INV-63-13',0,'2017-08-01',15),
(144,'INV-64-13',0,'2017-08-01',15),
(145,'INV-64-13',0,'2017-08-01',15),
(146,'INV-65-13',0,'2017-08-01',15),
(147,'INV-65-13',0,'2017-08-01',15),
(148,'INV-66-13',0,'2017-08-01',15),
(149,'INV-66-13',0,'2017-08-01',15),
(150,'INV-67-13',0,'2017-08-01',15),
(151,'INV-67-13',0,'2017-08-01',15),
(152,'INV-68-13',0,'2017-08-01',15),
(153,'INV-68-13',0,'2017-08-01',15),
(154,'INV-69-13',0,'2017-08-01',15),
(155,'INV-69-13',0,'2017-08-01',15),
(156,'INV-70-13',0,'2017-08-01',15),
(157,'INV-70-13',0,'2017-08-01',15),
(158,'INV-71-13',0,'2017-08-01',15),
(159,'INV-71-13',0,'2017-08-01',15),
(160,'INV-72-13',0,'2017-08-01',15),
(161,'INV-72-13',0,'2017-08-01',15),
(162,'INV-73-13',0,'2017-08-01',15),
(163,'INV-73-13',0,'2017-08-01',15),
(164,'INV-74-13',0,'2017-08-01',15),
(165,'INV-74-13',0,'2017-08-01',15),
(166,'INV-75-13',0,'2017-08-01',15),
(167,'INV-75-13',0,'2017-08-01',15),
(168,'INV-76-13',0,'2017-08-01',15),
(169,'INV-76-13',0,'2017-08-01',15),
(170,'INV-77-13',0,'2017-08-01',15),
(171,'INV-77-13',0,'2017-08-01',15),
(172,'INV-78-13',0,'2017-08-01',15),
(173,'INV-78-13',0,'2017-08-01',15),
(174,'INV-79-13',0,'2017-08-01',15),
(175,'INV-79-13',0,'2017-08-01',15),
(176,'INV-80-13',0,'2017-08-01',15),
(177,'INV-80-13',0,'2017-08-01',15),
(178,'INV-81-13',0,'2017-08-01',15),
(179,'INV-81-13',0,'2017-08-01',15),
(180,'INV-82-13',0,'2017-08-01',15),
(181,'INV-82-13',0,'2017-08-01',15),
(182,'INV-83-13',0,'2017-08-01',15),
(183,'INV-83-13',0,'2017-08-01',15),
(184,'INV-84-13',0,'2017-08-01',15),
(185,'INV-84-13',0,'2017-08-01',15),
(186,'INV-85-13',0,'2017-08-01',15),
(187,'INV-85-13',0,'2017-08-01',15),
(188,'INV-86-13',0,'2017-08-01',15),
(189,'INV-86-13',0,'2017-08-01',15),
(190,'INV-87-13',0,'2017-08-01',15),
(191,'INV-87-13',0,'2017-08-01',15),
(192,'INV-88-13',0,'2017-08-01',15),
(193,'INV-88-13',0,'2017-08-01',15),
(194,'INV-89-13',0,'2017-08-01',15),
(195,'INV-89-13',0,'2017-08-01',15),
(196,'INV-90-13',0,'2017-08-01',15),
(197,'INV-90-13',0,'2017-08-01',15),
(198,'INV-91-13',0,'2017-08-01',15),
(199,'INV-91-13',0,'2017-08-01',15),
(200,'INV-92-13',0,'2017-08-01',15),
(201,'INV-92-13',0,'2017-08-01',15),
(202,'INV-93-13',0,'2017-08-01',15),
(203,'INV-93-13',0,'2017-08-01',15),
(204,'INV-94-13',0,'2017-08-01',15),
(205,'INV-94-13',0,'2017-08-01',15),
(206,'INV-95-13',0,'2017-08-01',15),
(207,'INV-95-13',0,'2017-08-01',15),
(208,'INV-96-13',0,'2017-08-01',15),
(209,'INV-96-13',0,'2017-08-01',15),
(210,'INV-97-13',0,'2017-08-01',15),
(211,'INV-97-13',0,'2017-08-01',15),
(212,'INV-98-13',0,'2017-08-01',15),
(213,'INV-98-13',0,'2017-08-01',15),
(214,'INV-99-13',0,'2017-08-01',15),
(215,'INV-99-13',0,'2017-08-01',15),
(216,'INV-100-13',0,'2017-08-01',15),
(217,'INV-100-13',0,'2017-08-01',15),
(218,'INV-101-13',0,'2017-08-01',15),
(219,'INV-101-13',0,'2017-08-01',15),
(220,'INV-102-13',0,'2017-08-01',15),
(221,'INV-102-13',0,'2017-08-01',15),
(222,'INV-103-13',0,'2017-08-01',15),
(223,'INV-103-13',0,'2017-08-01',15),
(224,'INV-104-13',0,'2017-08-01',15),
(225,'INV-104-13',0,'2017-08-01',15),
(226,'INV-105-13',0,'2017-08-01',15),
(227,'INV-105-13',0,'2017-08-01',15),
(228,'INV-106-13',0,'2017-08-01',15),
(229,'INV-106-13',0,'2017-08-01',15),
(230,'INV-107-13',0,'2017-08-01',15),
(231,'INV-107-13',0,'2017-08-01',15),
(232,'INV-108-13',0,'2017-08-01',15),
(233,'INV-108-13',0,'2017-08-01',15),
(234,'INV-109-13',0,'2017-08-01',15),
(235,'INV-109-13',0,'2017-08-01',15),
(236,'INV-110-13',0,'2017-08-01',15),
(237,'INV-110-13',0,'2017-08-01',15),
(238,'INV-111-13',0,'2017-08-01',15),
(239,'INV-111-13',0,'2017-08-01',15),
(240,'INV-112-13',0,'2017-08-01',15),
(241,'INV-112-13',0,'2017-08-01',15),
(242,'INV-113-13',0,'2017-08-01',15),
(243,'INV-113-13',0,'2017-08-01',15),
(244,'INV-114-13',0,'2017-08-01',15),
(245,'INV-114-13',0,'2017-08-01',15),
(246,'INV-115-13',0,'2017-08-01',15),
(247,'INV-115-13',0,'2017-08-01',15),
(248,'INV-116-13',0,'2017-08-01',15),
(249,'INV-116-13',0,'2017-08-01',15),
(250,'INV-117-13',0,'2017-08-01',15),
(251,'INV-117-13',0,'2017-08-01',15),
(252,'INV-118-13',0,'2017-08-01',15),
(253,'INV-118-13',0,'2017-08-01',15),
(254,'INV-119-13',0,'2017-08-01',15),
(255,'INV-119-13',0,'2017-08-01',15),
(256,'INV-120-13',0,'2017-08-01',15),
(257,'INV-120-13',0,'2017-08-01',15),
(258,'INV-121-13',0,'2017-08-01',15),
(259,'INV-121-13',0,'2017-08-01',15),
(260,'INV-122-13',0,'2017-08-01',15),
(261,'INV-122-13',0,'2017-08-01',15),
(262,'INV-123-13',0,'2017-08-01',15),
(263,'INV-123-13',0,'2017-08-01',15),
(264,'INV-124-13',0,'2017-08-01',15),
(265,'INV-124-13',0,'2017-08-01',15),
(266,'INV-125-13',0,'2017-08-01',15),
(267,'INV-125-13',0,'2017-08-01',15),
(268,'INV-126-13',0,'2017-08-01',15),
(269,'INV-126-13',0,'2017-08-01',15),
(270,'INV-127-13',0,'2017-08-01',15),
(271,'INV-127-13',0,'2017-08-01',15),
(272,'INV-128-13',0,'2017-08-01',15),
(273,'INV-128-13',0,'2017-08-01',15),
(274,'INV-129-13',0,'2017-08-01',15),
(275,'INV-129-13',0,'2017-08-01',15),
(276,'INV-130-13',0,'2017-08-01',15),
(277,'INV-130-13',0,'2017-08-01',15),
(278,'INV-131-13',0,'2017-08-01',15),
(279,'INV-131-13',0,'2017-08-01',15),
(280,'INV-132-13',0,'2017-08-01',15),
(281,'INV-132-13',0,'2017-08-01',15),
(282,'INV-133-13',0,'2017-08-01',15),
(283,'INV-133-13',0,'2017-08-01',15),
(284,'INV-134-13',0,'2017-08-01',15),
(285,'INV-134-13',0,'2017-08-01',15),
(286,'INV-135-13',0,'2017-08-01',15),
(287,'INV-135-13',0,'2017-08-01',15),
(288,'INV-136-13',0,'2017-08-01',15),
(289,'INV-136-13',0,'2017-08-01',15),
(290,'INV-137-13',0,'2017-08-01',15),
(291,'INV-137-13',0,'2017-08-01',15),
(292,'INV-138-13',0,'2017-08-01',15),
(293,'INV-138-13',0,'2017-08-01',15),
(294,'INV-139-13',0,'2017-08-01',15),
(295,'INV-139-13',0,'2017-08-01',15),
(296,'INV-140-13',0,'2017-08-01',15),
(297,'INV-140-13',0,'2017-08-01',15),
(298,'INV-141-13',0,'2017-08-01',15),
(299,'INV-141-13',0,'2017-08-01',15),
(300,'INV-142-13',0,'2017-08-01',15),
(301,'INV-142-13',0,'2017-08-01',15),
(302,'INV-143-13',0,'2017-08-01',15),
(303,'INV-143-13',0,'2017-08-01',15),
(304,'INV-144-13',0,'2017-08-01',15),
(305,'INV-144-13',0,'2017-08-01',15),
(306,'INV-145-13',0,'2017-08-01',15),
(307,'INV-145-13',0,'2017-08-01',15),
(308,'INV-146-13',0,'2017-08-01',15),
(309,'INV-146-13',0,'2017-08-01',15),
(310,'INV-147-13',0,'2017-08-01',15),
(311,'INV-147-13',0,'2017-08-01',15),
(312,'INV-148-13',0,'2017-08-01',15),
(313,'INV-148-13',0,'2017-08-01',15),
(314,'INV-149-13',0,'2017-08-01',15),
(315,'INV-149-13',0,'2017-08-01',15),
(316,'INV-150-13',0,'2017-08-01',15),
(317,'INV-150-13',0,'2017-08-01',15),
(318,'INV-151-13',0,'2017-08-01',15),
(319,'INV-151-13',0,'2017-08-01',15),
(320,'INV-152-13',0,'2017-08-01',15),
(321,'INV-152-13',0,'2017-08-01',15),
(322,'INV-153-13',0,'2017-08-01',15),
(323,'INV-153-13',0,'2017-08-01',15),
(324,'INV-154-13',0,'2017-08-01',15),
(325,'INV-154-13',0,'2017-08-01',15),
(326,'INV-155-13',0,'2017-08-01',15),
(327,'INV-155-13',0,'2017-08-01',15),
(328,'INV-156-13',0,'2017-08-01',15),
(329,'INV-156-13',0,'2017-08-01',15),
(330,'INV-157-13',0,'2017-08-01',15),
(331,'INV-157-13',0,'2017-08-01',15),
(332,'INV-158-13',0,'2017-08-01',15),
(333,'INV-158-13',0,'2017-08-01',15),
(334,'INV-159-13',0,'2017-08-01',15),
(335,'INV-159-13',0,'2017-08-01',15),
(336,'INV-160-13',0,'2017-08-01',15),
(337,'INV-160-13',0,'2017-08-01',15),
(338,'INV-161-13',0,'2017-08-01',15),
(339,'INV-161-13',0,'2017-08-01',15),
(340,'INV-162-13',0,'2017-08-01',15),
(341,'INV-162-13',0,'2017-08-01',15),
(342,'INV-163-13',0,'2017-08-01',15),
(343,'INV-163-13',0,'2017-08-01',15),
(344,'INV-164-13',0,'2017-08-01',15),
(345,'INV-164-13',0,'2017-08-01',15),
(346,'INV-165-13',0,'2017-08-01',15),
(347,'INV-165-13',0,'2017-08-01',15),
(348,'INV-166-13',0,'2017-08-01',15),
(349,'INV-166-13',0,'2017-08-01',15),
(350,'INV-167-13',0,'2017-08-01',15),
(351,'INV-167-13',0,'2017-08-01',15),
(352,'INV-168-13',0,'2017-08-01',15),
(353,'INV-168-13',0,'2017-08-01',15),
(354,'INV-169-13',0,'2017-08-01',15),
(355,'INV-169-13',0,'2017-08-01',15),
(356,'INV-170-13',0,'2017-08-01',15),
(357,'INV-170-13',0,'2017-08-01',15),
(358,'INV-171-13',0,'2017-08-01',15),
(359,'INV-171-13',0,'2017-08-01',15),
(360,'INV-172-13',0,'2017-08-01',15),
(361,'INV-172-13',0,'2017-08-01',15),
(362,'INV-173-13',0,'2017-08-01',15),
(363,'INV-173-13',0,'2017-08-01',15),
(364,'INV-174-13',0,'2017-08-01',15),
(365,'INV-174-13',0,'2017-08-01',15),
(366,'INV-175-13',0,'2017-08-01',15),
(367,'INV-175-13',0,'2017-08-01',15),
(368,'INV-176-13',0,'2017-08-01',15),
(369,'INV-176-13',0,'2017-08-01',15),
(370,'INV-177-13',0,'2017-08-01',15),
(371,'INV-177-13',0,'2017-08-01',15),
(372,'INV-178-13',0,'2017-08-01',15),
(373,'INV-178-13',0,'2017-08-01',15),
(374,'INV-179-13',0,'2017-08-01',15),
(375,'INV-179-13',0,'2017-08-01',15),
(376,'INV-180-13',0,'2017-08-01',15),
(377,'INV-180-13',0,'2017-08-01',15),
(378,'INV-181-13',0,'2017-08-01',15),
(379,'INV-181-13',0,'2017-08-01',15),
(380,'INV-182-13',0,'2017-08-01',15),
(381,'INV-182-13',0,'2017-08-01',15),
(382,'INV-183-13',0,'2017-08-01',15),
(383,'INV-183-13',0,'2017-08-01',15),
(384,'INV-184-13',0,'2017-08-01',15),
(385,'INV-184-13',0,'2017-08-01',15),
(386,'INV-185-13',0,'2017-08-01',15),
(387,'INV-185-13',0,'2017-08-01',15),
(388,'INV-186-13',0,'2017-08-01',15),
(389,'INV-186-13',0,'2017-08-01',15),
(390,'INV-18-20',10,'2018-03-08',1),
(391,'INV-19-20',12,'2018-03-08',1),
(392,'INV-20-20',14,'2018-03-08',1),
(393,'INV-21-20',16,'2018-03-08',1),
(394,'INV-22-20',18,'2018-03-08',1),
(395,'INV-23-20',20,'2018-03-08',1),
(396,'INV-24-20',22,'2018-03-08',1),
(397,'INV-25-20',24,'2018-03-08',1),
(398,'INV-26-20',26,'2018-03-08',1),
(399,'INV-27-20',28,'2018-03-08',1),
(400,'INV-28-20',30,'2018-03-08',1),
(401,'INV-29-20',32,'2018-03-08',1),
(402,'INV-30-20',34,'2018-03-08',1),
(403,'INV-31-20',36,'2018-03-08',1),
(404,'INV-32-20',38,'2018-03-08',1),
(405,'INV-33-20',40,'2018-03-08',1),
(406,'INV-34-20',42,'2018-03-08',1),
(407,'INV-35-20',44,'2018-03-08',1),
(408,'INV-36-20',46,'2018-03-08',1),
(409,'INV-37-20',48,'2018-03-08',1),
(410,'INV-38-20',50,'2018-03-08',1),
(411,'INV-39-20',52,'2018-03-08',1),
(412,'INV-40-20',54,'2018-03-08',1),
(413,'INV-41-20',56,'2018-03-08',1),
(414,'INV-42-20',58,'2018-03-08',1),
(415,'INV-43-20',60,'2018-03-08',1),
(416,'INV-44-20',62,'2018-03-08',1),
(417,'INV-45-20',64,'2018-03-08',1),
(418,'INV-46-20',66,'2018-03-08',1),
(419,'INV-47-20',68,'2018-03-08',1),
(420,'INV-48-20',70,'2018-03-08',1),
(421,'INV-49-20',72,'2018-03-08',1),
(422,'INV-50-20',74,'2018-03-08',1),
(423,'INV-51-20',76,'2018-03-08',1),
(424,'INV-52-20',78,'2018-03-08',1),
(425,'INV-53-20',80,'2018-03-08',1),
(426,'INV-54-20',82,'2018-03-08',1),
(427,'INV-55-20',84,'2018-03-08',1),
(428,'INV-56-20',86,'2018-03-08',1),
(429,'INV-57-20',88,'2018-03-08',1),
(430,'INV-58-20',90,'2018-03-08',1),
(431,'INV-59-20',92,'2018-03-08',1),
(432,'INV-60-20',94,'2018-03-08',1),
(433,'INV-61-20',96,'2018-03-08',1),
(434,'INV-62-20',98,'2018-03-08',1),
(435,'INV-63-20',100,'2018-03-08',1),
(436,'INV-64-20',102,'2018-03-08',1),
(437,'INV-65-20',104,'2018-03-08',1),
(438,'INV-66-20',106,'2018-03-08',1),
(439,'INV-67-20',108,'2018-03-08',1),
(440,'INV-68-20',110,'2018-03-08',1),
(441,'INV-69-20',112,'2018-03-08',1),
(442,'INV-70-20',114,'2018-03-08',1),
(443,'INV-71-20',116,'2018-03-08',1),
(444,'INV-72-20',118,'2018-03-08',1),
(445,'INV-73-20',120,'2018-03-08',1),
(446,'INV-74-20',122,'2018-03-08',1),
(447,'INV-75-20',124,'2018-03-08',1),
(448,'INV-76-20',126,'2018-03-08',1),
(449,'INV-77-20',128,'2018-03-08',1),
(450,'INV-78-20',130,'2018-03-08',1),
(451,'INV-79-20',132,'2018-03-08',1),
(452,'INV-80-20',134,'2018-03-08',1),
(453,'INV-81-20',136,'2018-03-08',1),
(454,'INV-82-20',138,'2018-03-08',1),
(455,'INV-83-20',140,'2018-03-08',1),
(456,'INV-84-20',142,'2018-03-08',1),
(457,'INV-85-20',144,'2018-03-08',1),
(458,'INV-86-20',146,'2018-03-08',1),
(459,'INV-87-20',148,'2018-03-08',1),
(460,'INV-88-20',150,'2018-03-08',1),
(461,'INV-89-20',152,'2018-03-08',1),
(462,'INV-90-20',154,'2018-03-08',1),
(463,'INV-91-20',156,'2018-03-08',1),
(464,'INV-92-20',158,'2018-03-08',1),
(465,'INV-93-20',160,'2018-03-08',1),
(466,'INV-94-20',162,'2018-03-08',1),
(467,'INV-95-20',164,'2018-03-08',1),
(468,'INV-96-20',166,'2018-03-08',1),
(469,'INV-97-20',168,'2018-03-08',1),
(470,'INV-98-20',170,'2018-03-08',1),
(471,'INV-99-20',172,'2018-03-08',1),
(472,'INV-100-20',174,'2018-03-08',1),
(473,'INV-101-20',176,'2018-03-08',1),
(474,'INV-102-20',178,'2018-03-08',1),
(475,'INV-103-20',180,'2018-03-08',1),
(476,'INV-104-20',182,'2018-03-08',1),
(477,'INV-105-20',184,'2018-03-08',1),
(478,'INV-106-20',186,'2018-03-08',1),
(479,'INV-107-20',188,'2018-03-08',1),
(480,'INV-108-20',190,'2018-03-08',1),
(481,'INV-109-20',192,'2018-03-08',1),
(482,'INV-110-20',194,'2018-03-08',1),
(483,'INV-111-20',196,'2018-03-08',1),
(484,'INV-112-20',198,'2018-03-08',1),
(485,'INV-113-20',200,'2018-03-08',1),
(486,'INV-114-20',202,'2018-03-08',1),
(487,'INV-115-20',204,'2018-03-08',1),
(488,'INV-116-20',206,'2018-03-08',1),
(489,'INV-117-20',208,'2018-03-08',1),
(490,'INV-118-20',210,'2018-03-08',1),
(491,'INV-119-20',212,'2018-03-08',1),
(492,'INV-120-20',214,'2018-03-08',1),
(493,'INV-121-20',216,'2018-03-08',1),
(494,'INV-122-20',218,'2018-03-08',1),
(495,'INV-123-20',220,'2018-03-08',1),
(496,'INV-124-20',222,'2018-03-08',1),
(497,'INV-125-20',224,'2018-03-08',1),
(498,'INV-126-20',226,'2018-03-08',1),
(499,'INV-127-20',228,'2018-03-08',1),
(500,'INV-128-20',230,'2018-03-08',1),
(501,'INV-129-20',232,'2018-03-08',1),
(502,'INV-130-20',234,'2018-03-08',1),
(503,'INV-131-20',236,'2018-03-08',1),
(504,'INV-132-20',238,'2018-03-08',1),
(505,'INV-133-20',240,'2018-03-08',1),
(506,'INV-134-20',242,'2018-03-08',1),
(507,'INV-135-20',244,'2018-03-08',1),
(508,'INV-136-20',246,'2018-03-08',1),
(509,'INV-137-20',248,'2018-03-08',1),
(510,'INV-138-20',250,'2018-03-08',1),
(511,'INV-139-20',252,'2018-03-08',1),
(512,'INV-140-20',254,'2018-03-08',1),
(513,'INV-141-20',256,'2018-03-08',1),
(514,'INV-142-20',258,'2018-03-08',1),
(515,'INV-143-20',260,'2018-03-08',1),
(516,'INV-144-20',262,'2018-03-08',1),
(517,'INV-145-20',264,'2018-03-08',1),
(518,'INV-146-20',266,'2018-03-08',1),
(519,'INV-147-20',268,'2018-03-08',1),
(520,'INV-148-20',270,'2018-03-08',1),
(521,'INV-149-20',272,'2018-03-08',1),
(522,'INV-150-20',274,'2018-03-08',1),
(523,'INV-151-20',276,'2018-03-08',1),
(524,'INV-152-20',278,'2018-03-08',1),
(525,'INV-153-20',280,'2018-03-08',1),
(526,'INV-154-20',282,'2018-03-08',1),
(527,'INV-155-20',284,'2018-03-08',1),
(528,'INV-156-20',286,'2018-03-08',1),
(529,'INV-157-20',288,'2018-03-08',1),
(530,'INV-158-20',290,'2018-03-08',1),
(531,'INV-159-20',292,'2018-03-08',1),
(532,'INV-160-20',294,'2018-03-08',1),
(533,'INV-161-20',296,'2018-03-08',1),
(534,'INV-162-20',298,'2018-03-08',1),
(535,'INV-163-20',300,'2018-03-08',1),
(536,'INV-164-20',302,'2018-03-08',1),
(537,'INV-165-20',304,'2018-03-08',1),
(538,'INV-166-20',306,'2018-03-08',1),
(539,'INV-167-20',308,'2018-03-08',1),
(540,'INV-168-20',310,'2018-03-08',1),
(541,'INV-169-20',312,'2018-03-08',1),
(542,'INV-170-20',314,'2018-03-08',1),
(543,'INV-171-20',316,'2018-03-08',1),
(544,'INV-172-20',318,'2018-03-08',1),
(545,'INV-173-20',320,'2018-03-08',1),
(546,'INV-174-20',322,'2018-03-08',1),
(547,'INV-175-20',324,'2018-03-08',1),
(548,'INV-176-20',326,'2018-03-08',1),
(549,'INV-177-20',328,'2018-03-08',1),
(550,'INV-178-20',330,'2018-03-08',1),
(551,'INV-179-20',332,'2018-03-08',1),
(552,'INV-180-20',334,'2018-03-08',1),
(553,'INV-181-20',336,'2018-03-08',1),
(554,'INV-182-20',338,'2018-03-08',1),
(555,'INV-183-20',340,'2018-03-08',1),
(556,'INV-184-20',342,'2018-03-08',1),
(557,'INV-185-20',344,'2018-03-08',1),
(558,'INV-186-20',346,'2018-03-08',1),
(559,'INV-187-26',730,'2018-03-20',1),
(560,'INV-187-26',0,'2018-03-20',1),
(561,'INV-188-26',732,'2018-03-20',1),
(562,'INV-188-26',0,'2018-03-20',1),
(563,'INV-189-26',740,'2018-03-21',1),
(564,'INV-189-26',0,'2018-03-21',1),
(565,'INV-190-26',754,'2018-03-21',1),
(566,'INV-190-26',0,'2018-03-21',1),
(567,'INV-18-26',762,'2017-09-10',1),
(568,'INV-19-26',764,'2017-09-10',1),
(569,'INV-21-26',766,'2017-09-10',1),
(570,'INV-22-26',768,'2017-09-10',1),
(571,'INV-23-26',770,'2017-09-10',1),
(572,'INV-24-26',772,'2017-09-10',1),
(573,'INV-25-26',774,'2017-09-10',1),
(574,'INV-26-26',776,'2017-09-10',1),
(575,'INV-27-26',778,'2017-09-10',1),
(576,'INV-28-26',780,'2017-09-10',1),
(577,'INV-29-26',782,'2017-09-10',1),
(578,'INV-30-26',784,'2017-09-10',1),
(579,'INV-31-26',786,'2017-09-10',1),
(580,'INV-32-26',788,'2017-09-10',1),
(581,'INV-33-26',790,'2017-09-10',1),
(582,'INV-34-26',792,'2017-09-10',1),
(583,'INV-35-26',794,'2017-09-10',1),
(584,'INV-36-26',796,'2017-09-10',1),
(585,'INV-37-26',798,'2017-09-10',1),
(586,'INV-38-26',800,'2017-09-10',1),
(587,'INV-39-26',802,'2017-09-10',1),
(588,'INV-40-26',804,'2017-09-10',1),
(589,'INV-41-26',806,'2017-09-10',1),
(590,'INV-42-26',808,'2017-09-10',1),
(591,'INV-43-26',810,'2017-09-10',1),
(592,'INV-44-26',812,'2017-09-10',1),
(593,'INV-45-26',814,'2017-09-10',1),
(594,'INV-46-26',816,'2017-09-10',1),
(595,'INV-47-26',818,'2017-09-10',1),
(596,'INV-48-26',820,'2017-09-10',1),
(597,'INV-49-26',822,'2017-09-10',1),
(598,'INV-50-26',824,'2017-09-10',1),
(599,'INV-51-26',826,'2017-09-10',1),
(600,'INV-52-26',828,'2017-09-10',1),
(601,'INV-53-26',830,'2017-09-10',1),
(602,'INV-54-26',832,'2017-09-10',1),
(603,'INV-55-26',834,'2017-09-10',1),
(604,'INV-56-26',836,'2017-09-10',1),
(605,'INV-57-26',838,'2017-09-10',1),
(606,'INV-58-26',840,'2017-09-10',1),
(607,'INV-59-26',842,'2017-09-10',1),
(608,'INV-60-26',844,'2017-09-10',1),
(609,'INV-61-26',846,'2017-09-10',1),
(610,'INV-62-26',848,'2017-09-10',1),
(611,'INV-63-26',850,'2017-09-10',1),
(612,'INV-64-26',852,'2017-09-10',1),
(613,'INV-65-26',854,'2017-09-10',1),
(614,'INV-66-26',856,'2017-09-10',1),
(615,'INV-67-26',858,'2017-09-10',1),
(616,'INV-68-26',860,'2017-09-10',1),
(617,'INV-69-26',862,'2017-09-10',1),
(618,'INV-70-26',864,'2017-09-10',1),
(619,'INV-71-26',866,'2017-09-10',1),
(620,'INV-72-26',868,'2017-09-10',1),
(621,'INV-73-26',870,'2017-09-10',1),
(622,'INV-74-26',872,'2017-09-10',1),
(623,'INV-75-26',874,'2017-09-10',1),
(624,'INV-76-26',876,'2017-09-10',1),
(625,'INV-77-26',878,'2017-09-10',1),
(626,'INV-78-26',880,'2017-09-10',1),
(627,'INV-79-26',882,'2017-09-10',1),
(628,'INV-80-26',884,'2017-09-10',1),
(629,'INV-81-26',886,'2017-09-10',1),
(630,'INV-82-26',888,'2017-09-10',1),
(631,'INV-83-26',890,'2017-09-10',1),
(632,'INV-84-26',892,'2017-09-10',1),
(633,'INV-85-26',894,'2017-09-10',1),
(634,'INV-86-26',896,'2017-09-10',1),
(635,'INV-87-26',898,'2017-09-10',1),
(636,'INV-88-26',900,'2017-09-10',1),
(637,'INV-89-26',902,'2017-09-10',1),
(638,'INV-90-26',904,'2017-09-10',1),
(639,'INV-91-26',906,'2017-09-10',1),
(640,'INV-92-26',908,'2017-09-10',1),
(641,'INV-93-26',910,'2017-09-10',1),
(642,'INV-94-26',912,'2017-09-10',1),
(643,'INV-95-26',914,'2017-09-10',1),
(644,'INV-96-26',916,'2017-09-10',1),
(645,'INV-97-26',918,'2017-09-10',1),
(646,'INV-98-26',920,'2017-09-10',1),
(647,'INV-99-26',922,'2017-09-10',1),
(648,'INV-100-26',924,'2017-09-10',1),
(649,'INV-101-26',926,'2017-09-10',1),
(650,'INV-102-26',928,'2017-09-10',1),
(651,'INV-103-26',930,'2017-09-10',1),
(652,'INV-104-26',932,'2017-09-10',1),
(653,'INV-105-26',934,'2017-09-10',1),
(654,'INV-106-26',936,'2017-09-10',1),
(655,'INV-107-26',938,'2017-09-10',1),
(656,'INV-108-26',940,'2017-09-10',1),
(657,'INV-109-26',942,'2017-09-10',1),
(658,'INV-110-26',944,'2017-09-10',1),
(659,'INV-111-26',946,'2017-09-10',1),
(660,'INV-112-26',948,'2017-09-10',1),
(661,'INV-113-26',950,'2017-09-10',1),
(662,'INV-114-26',952,'2017-09-10',1),
(663,'INV-115-26',954,'2017-09-10',1),
(664,'INV-116-26',956,'2017-09-10',1),
(665,'INV-117-26',958,'2017-09-10',1),
(666,'INV-118-26',960,'2017-09-10',1),
(667,'INV-119-26',962,'2017-09-10',1),
(668,'INV-120-26',964,'2017-09-10',1),
(669,'INV-121-26',966,'2017-09-10',1),
(670,'INV-122-26',968,'2017-09-10',1),
(671,'INV-123-26',970,'2017-09-10',1),
(672,'INV-124-26',972,'2017-09-10',1),
(673,'INV-125-26',974,'2017-09-10',1),
(674,'INV-126-26',976,'2017-09-10',1),
(675,'INV-127-26',978,'2017-09-10',1),
(676,'INV-128-26',980,'2017-09-10',1),
(677,'INV-129-26',982,'2017-09-10',1),
(678,'INV-130-26',984,'2017-09-10',1),
(679,'INV-131-26',986,'2017-09-10',1),
(680,'INV-132-26',988,'2017-09-10',1),
(681,'INV-133-26',990,'2017-09-10',1),
(682,'INV-134-26',992,'2017-09-10',1),
(683,'INV-135-26',994,'2017-09-10',1),
(684,'INV-136-26',996,'2017-09-10',1),
(685,'INV-137-26',998,'2017-09-10',1),
(686,'INV-138-26',1000,'2017-09-10',1),
(687,'INV-139-26',1002,'2017-09-10',1),
(688,'INV-140-26',1004,'2017-09-10',1),
(689,'INV-141-26',1006,'2017-09-10',1),
(690,'INV-142-26',1008,'2017-09-10',1),
(691,'INV-143-26',1010,'2017-09-10',1),
(692,'INV-144-26',1012,'2017-09-10',1),
(693,'INV-145-26',1014,'2017-09-10',1),
(694,'INV-146-26',1016,'2017-09-10',1),
(695,'INV-147-26',1018,'2017-09-10',1),
(696,'INV-148-26',1020,'2017-09-10',1),
(697,'INV-149-26',1022,'2017-09-10',1),
(698,'INV-150-26',1024,'2017-09-10',1),
(699,'INV-151-26',1026,'2017-09-10',1),
(700,'INV-152-26',1028,'2017-09-10',1),
(701,'INV-153-26',1030,'2017-09-10',1),
(702,'INV-154-26',1032,'2017-09-10',1),
(703,'INV-155-26',1034,'2017-09-10',1),
(704,'INV-156-26',1036,'2017-09-10',1),
(705,'INV-157-26',1038,'2017-09-10',1),
(706,'INV-158-26',1040,'2017-09-10',1),
(707,'INV-159-26',1042,'2017-09-10',1),
(708,'INV-160-26',1044,'2017-09-10',1),
(709,'INV-161-26',1046,'2017-09-10',1),
(710,'INV-162-26',1048,'2017-09-10',1),
(711,'INV-163-26',1050,'2017-09-10',1),
(712,'INV-164-26',1052,'2017-09-10',1),
(713,'INV-165-26',1054,'2017-09-10',1),
(714,'INV-166-26',1056,'2017-09-10',1),
(715,'INV-167-26',1058,'2017-09-10',1),
(716,'INV-168-26',1060,'2017-09-10',1),
(717,'INV-169-26',1062,'2017-09-10',1),
(718,'INV-170-26',1064,'2017-09-10',1),
(719,'INV-171-26',1066,'2017-09-10',1),
(720,'INV-172-26',1068,'2017-09-10',1),
(721,'INV-173-26',1070,'2017-09-10',1),
(722,'INV-174-26',1072,'2017-09-10',1),
(723,'INV-175-26',1074,'2017-09-10',1),
(724,'INV-176-26',1076,'2017-09-10',1),
(725,'INV-177-26',1078,'2017-09-10',1),
(726,'INV-178-26',1080,'2017-09-10',1),
(727,'INV-179-26',1082,'2017-09-10',1),
(728,'INV-180-26',1084,'2017-09-10',1),
(729,'INV-181-26',1086,'2017-09-10',1),
(730,'INV-182-26',1088,'2017-09-10',1),
(731,'INV-183-26',1090,'2017-09-10',1),
(732,'INV-184-26',1092,'2017-09-10',1),
(733,'INV-185-26',1094,'2017-09-10',1),
(734,'INV-186-26',1096,'2017-09-10',1),
(735,'INV-187-26',1098,'2017-09-10',1),
(736,'INV-188-26',1100,'2017-09-10',1),
(737,'INV-189-26',1102,'2017-09-10',1),
(738,'INV-190-26',1104,'2017-09-10',1),
(739,'INV-18-26',1180,'2018-04-14',1),
(740,'INV-19-26',1182,'2018-04-14',1),
(741,'INV-21-26',1184,'2018-04-14',1),
(742,'INV-22-26',1186,'2018-04-14',1),
(743,'INV-23-26',1188,'2018-04-14',1),
(744,'INV-24-26',1190,'2018-04-14',1),
(745,'INV-25-26',1192,'2018-04-14',1),
(746,'INV-26-26',1194,'2018-04-14',1),
(747,'INV-27-26',1196,'2018-04-14',1),
(748,'INV-28-26',1198,'2018-04-14',1),
(749,'INV-29-26',1200,'2018-04-14',1),
(750,'INV-30-26',1202,'2018-04-14',1),
(751,'INV-31-26',1204,'2018-04-14',1),
(752,'INV-32-26',1206,'2018-04-14',1),
(753,'INV-33-26',1208,'2018-04-14',1),
(754,'INV-34-26',1210,'2018-04-14',1),
(755,'INV-35-26',1212,'2018-04-14',1),
(756,'INV-36-26',1214,'2018-04-14',1),
(757,'INV-37-26',1216,'2018-04-14',1),
(758,'INV-38-26',1218,'2018-04-14',1),
(759,'INV-39-26',1220,'2018-04-14',1),
(760,'INV-40-26',1222,'2018-04-14',1),
(761,'INV-41-26',1224,'2018-04-14',1),
(762,'INV-42-26',1226,'2018-04-14',1),
(763,'INV-43-26',1228,'2018-04-14',1),
(764,'INV-44-26',1230,'2018-04-14',1),
(765,'INV-45-26',1232,'2018-04-14',1),
(766,'INV-46-26',1234,'2018-04-14',1),
(767,'INV-47-26',1236,'2018-04-14',1),
(768,'INV-48-26',1238,'2018-04-14',1),
(769,'INV-49-26',1240,'2018-04-14',1),
(770,'INV-50-26',1242,'2018-04-14',1),
(771,'INV-51-26',1244,'2018-04-14',1),
(772,'INV-52-26',1246,'2018-04-14',1),
(773,'INV-53-26',1248,'2018-04-14',1),
(774,'INV-54-26',1250,'2018-04-14',1),
(775,'INV-55-26',1252,'2018-04-14',1),
(776,'INV-56-26',1254,'2018-04-14',1),
(777,'INV-57-26',1256,'2018-04-14',1),
(778,'INV-58-26',1258,'2018-04-14',1),
(779,'INV-59-26',1260,'2018-04-14',1),
(780,'INV-60-26',1262,'2018-04-14',1),
(781,'INV-61-26',1264,'2018-04-14',1),
(782,'INV-62-26',1266,'2018-04-14',1),
(783,'INV-63-26',1268,'2018-04-14',1),
(784,'INV-64-26',1270,'2018-04-14',1),
(785,'INV-65-26',1272,'2018-04-14',1),
(786,'INV-66-26',1274,'2018-04-14',1),
(787,'INV-67-26',1276,'2018-04-14',1),
(788,'INV-68-26',1278,'2018-04-14',1),
(789,'INV-69-26',1280,'2018-04-14',1),
(790,'INV-70-26',1282,'2018-04-14',1),
(791,'INV-71-26',1284,'2018-04-14',1),
(792,'INV-72-26',1286,'2018-04-14',1),
(793,'INV-73-26',1288,'2018-04-14',1),
(794,'INV-74-26',1290,'2018-04-14',1),
(795,'INV-75-26',1292,'2018-04-14',1),
(796,'INV-76-26',1294,'2018-04-14',1),
(797,'INV-77-26',1296,'2018-04-14',1),
(798,'INV-78-26',1298,'2018-04-14',1),
(799,'INV-79-26',1300,'2018-04-14',1),
(800,'INV-80-26',1302,'2018-04-14',1),
(801,'INV-81-26',1304,'2018-04-14',1),
(802,'INV-82-26',1306,'2018-04-14',1),
(803,'INV-83-26',1308,'2018-04-14',1),
(804,'INV-84-26',1310,'2018-04-14',1),
(805,'INV-85-26',1312,'2018-04-14',1),
(806,'INV-86-26',1314,'2018-04-14',1),
(807,'INV-87-26',1316,'2018-04-14',1),
(808,'INV-88-26',1318,'2018-04-14',1),
(809,'INV-89-26',1320,'2018-04-14',1),
(810,'INV-90-26',1322,'2018-04-14',1),
(811,'INV-91-26',1324,'2018-04-14',1),
(812,'INV-92-26',1326,'2018-04-14',1),
(813,'INV-93-26',1328,'2018-04-14',1),
(814,'INV-94-26',1330,'2018-04-14',1),
(815,'INV-95-26',1332,'2018-04-14',1),
(816,'INV-96-26',1334,'2018-04-14',1),
(817,'INV-97-26',1336,'2018-04-14',1),
(818,'INV-98-26',1338,'2018-04-14',1),
(819,'INV-99-26',1340,'2018-04-14',1),
(820,'INV-100-26',1342,'2018-04-14',1),
(821,'INV-101-26',1344,'2018-04-14',1),
(822,'INV-102-26',1346,'2018-04-14',1),
(823,'INV-103-26',1348,'2018-04-14',1),
(824,'INV-104-26',1350,'2018-04-14',1),
(825,'INV-105-26',1352,'2018-04-14',1),
(826,'INV-106-26',1354,'2018-04-14',1),
(827,'INV-107-26',1356,'2018-04-14',1),
(828,'INV-108-26',1358,'2018-04-14',1),
(829,'INV-109-26',1360,'2018-04-14',1),
(830,'INV-110-26',1362,'2018-04-14',1),
(831,'INV-111-26',1364,'2018-04-14',1),
(832,'INV-112-26',1366,'2018-04-14',1),
(833,'INV-113-26',1368,'2018-04-14',1),
(834,'INV-114-26',1370,'2018-04-14',1),
(835,'INV-115-26',1372,'2018-04-14',1),
(836,'INV-116-26',1374,'2018-04-14',1),
(837,'INV-117-26',1376,'2018-04-14',1),
(838,'INV-118-26',1378,'2018-04-14',1),
(839,'INV-119-26',1380,'2018-04-14',1),
(840,'INV-120-26',1382,'2018-04-14',1),
(841,'INV-121-26',1384,'2018-04-14',1),
(842,'INV-122-26',1386,'2018-04-14',1),
(843,'INV-123-26',1388,'2018-04-14',1),
(844,'INV-124-26',1390,'2018-04-14',1),
(845,'INV-125-26',1392,'2018-04-14',1),
(846,'INV-126-26',1394,'2018-04-14',1),
(847,'INV-127-26',1396,'2018-04-14',1),
(848,'INV-128-26',1398,'2018-04-14',1),
(849,'INV-129-26',1400,'2018-04-14',1),
(850,'INV-130-26',1402,'2018-04-14',1),
(851,'INV-131-26',1404,'2018-04-14',1),
(852,'INV-132-26',1406,'2018-04-14',1),
(853,'INV-133-26',1408,'2018-04-14',1),
(854,'INV-134-26',1410,'2018-04-14',1),
(855,'INV-135-26',1412,'2018-04-14',1),
(856,'INV-136-26',1414,'2018-04-14',1),
(857,'INV-137-26',1416,'2018-04-14',1),
(858,'INV-138-26',1418,'2018-04-14',1),
(859,'INV-139-26',1420,'2018-04-14',1),
(860,'INV-140-26',1422,'2018-04-14',1),
(861,'INV-141-26',1424,'2018-04-14',1),
(862,'INV-142-26',1426,'2018-04-14',1),
(863,'INV-143-26',1428,'2018-04-14',1),
(864,'INV-144-26',1430,'2018-04-14',1),
(865,'INV-145-26',1432,'2018-04-14',1),
(866,'INV-146-26',1434,'2018-04-14',1),
(867,'INV-147-26',1436,'2018-04-14',1),
(868,'INV-148-26',1438,'2018-04-14',1),
(869,'INV-149-26',1440,'2018-04-14',1),
(870,'INV-150-26',1442,'2018-04-14',1),
(871,'INV-151-26',1444,'2018-04-14',1),
(872,'INV-152-26',1446,'2018-04-14',1),
(873,'INV-153-26',1448,'2018-04-14',1),
(874,'INV-154-26',1450,'2018-04-14',1),
(875,'INV-155-26',1452,'2018-04-14',1),
(876,'INV-156-26',1454,'2018-04-14',1),
(877,'INV-157-26',1456,'2018-04-14',1),
(878,'INV-158-26',1458,'2018-04-14',1),
(879,'INV-159-26',1460,'2018-04-14',1),
(880,'INV-160-26',1462,'2018-04-14',1),
(881,'INV-161-26',1464,'2018-04-14',1),
(882,'INV-162-26',1466,'2018-04-14',1),
(883,'INV-163-26',1468,'2018-04-14',1),
(884,'INV-164-26',1470,'2018-04-14',1),
(885,'INV-165-26',1472,'2018-04-14',1),
(886,'INV-166-26',1474,'2018-04-14',1),
(887,'INV-167-26',1476,'2018-04-14',1),
(888,'INV-168-26',1478,'2018-04-14',1),
(889,'INV-169-26',1480,'2018-04-14',1),
(890,'INV-170-26',1482,'2018-04-14',1),
(891,'INV-171-26',1484,'2018-04-14',1),
(892,'INV-172-26',1486,'2018-04-14',1),
(893,'INV-173-26',1488,'2018-04-14',1),
(894,'INV-174-26',1490,'2018-04-14',1),
(895,'INV-175-26',1492,'2018-04-14',1),
(896,'INV-176-26',1494,'2018-04-14',1),
(897,'INV-177-26',1496,'2018-04-14',1),
(898,'INV-178-26',1498,'2018-04-14',1),
(899,'INV-179-26',1500,'2018-04-14',1),
(900,'INV-180-26',1502,'2018-04-14',1),
(901,'INV-181-26',1504,'2018-04-14',1),
(902,'INV-182-26',1506,'2018-04-14',1),
(903,'INV-183-26',1508,'2018-04-14',1),
(904,'INV-184-26',1510,'2018-04-14',1),
(905,'INV-185-26',1512,'2018-04-14',1),
(906,'INV-186-26',1514,'2018-04-14',1),
(907,'INV-187-26',1516,'2018-04-14',1),
(908,'INV-188-26',1518,'2018-04-14',1),
(909,'INV-189-26',1520,'2018-04-14',1),
(910,'INV-190-26',1522,'2018-04-14',1),
(911,'INV-191-26',1524,'2018-04-14',1),
(912,'INV-191-26',0,'2018-04-14',1),
(913,'INV-18-26',1526,'2018-04-14',1),
(914,'INV-18-26',0,'2018-04-14',1),
(915,'INV-19-26',1528,'2018-04-14',1),
(916,'INV-19-26',0,'2018-04-14',1),
(917,'INV-21-26',1530,'2018-04-14',1),
(918,'INV-21-26',0,'2018-04-14',1),
(919,'INV-22-26',1532,'2018-04-14',1),
(920,'INV-22-26',0,'2018-04-14',1),
(921,'INV-23-26',1534,'2018-04-14',1),
(922,'INV-23-26',0,'2018-04-14',1),
(923,'INV-24-26',1536,'2018-04-14',1),
(924,'INV-24-26',0,'2018-04-14',1),
(925,'INV-25-26',1538,'2018-04-14',1),
(926,'INV-25-26',0,'2018-04-14',1),
(927,'INV-26-26',1540,'2018-04-14',1),
(928,'INV-26-26',0,'2018-04-14',1),
(929,'INV-27-26',1542,'2018-04-14',1),
(930,'INV-27-26',0,'2018-04-14',1),
(931,'INV-28-26',1544,'2018-04-14',1),
(932,'INV-28-26',0,'2018-04-14',1),
(933,'INV-29-26',1546,'2018-04-14',1),
(934,'INV-29-26',0,'2018-04-14',1),
(935,'INV-30-26',1548,'2018-04-14',1),
(936,'INV-30-26',0,'2018-04-14',1),
(937,'INV-31-26',1550,'2018-04-14',1),
(938,'INV-31-26',0,'2018-04-14',1),
(939,'INV-32-26',1552,'2018-04-14',1),
(940,'INV-32-26',0,'2018-04-14',1),
(941,'INV-33-26',1554,'2018-04-14',1),
(942,'INV-33-26',0,'2018-04-14',1),
(943,'INV-34-26',1556,'2018-04-14',1),
(944,'INV-34-26',0,'2018-04-14',1),
(945,'INV-35-26',1558,'2018-04-14',1),
(946,'INV-35-26',0,'2018-04-14',1),
(947,'INV-36-26',1560,'2018-04-14',1),
(948,'INV-36-26',0,'2018-04-14',1),
(949,'INV-37-26',1562,'2018-04-14',1),
(950,'INV-37-26',0,'2018-04-14',1),
(951,'INV-38-26',1564,'2018-04-14',1),
(952,'INV-38-26',0,'2018-04-14',1),
(953,'INV-39-26',1566,'2018-04-14',1),
(954,'INV-39-26',0,'2018-04-14',1),
(955,'INV-40-26',1568,'2018-04-14',1),
(956,'INV-40-26',0,'2018-04-14',1),
(957,'INV-41-26',1570,'2018-04-14',1),
(958,'INV-41-26',0,'2018-04-14',1),
(959,'INV-42-26',1572,'2018-04-14',1),
(960,'INV-42-26',0,'2018-04-14',1),
(961,'INV-43-26',1574,'2018-04-14',1),
(962,'INV-43-26',0,'2018-04-14',1),
(963,'INV-44-26',1576,'2018-04-14',1),
(964,'INV-44-26',0,'2018-04-14',1),
(965,'INV-45-26',1578,'2018-04-14',1),
(966,'INV-45-26',0,'2018-04-14',1),
(967,'INV-46-26',1580,'2018-04-14',1),
(968,'INV-46-26',0,'2018-04-14',1),
(969,'INV-47-26',1582,'2018-04-14',1),
(970,'INV-47-26',0,'2018-04-14',1),
(971,'INV-48-26',1584,'2018-04-14',1),
(972,'INV-48-26',0,'2018-04-14',1),
(973,'INV-49-26',1586,'2018-04-14',1),
(974,'INV-49-26',0,'2018-04-14',1),
(975,'INV-50-26',1588,'2018-04-14',1),
(976,'INV-50-26',0,'2018-04-14',1),
(977,'INV-51-26',1590,'2018-04-14',1),
(978,'INV-51-26',0,'2018-04-14',1),
(979,'INV-52-26',1592,'2018-04-14',1),
(980,'INV-52-26',0,'2018-04-14',1),
(981,'INV-53-26',1594,'2018-04-14',1),
(982,'INV-53-26',0,'2018-04-14',1),
(983,'INV-54-26',1596,'2018-04-14',1),
(984,'INV-54-26',0,'2018-04-14',1),
(985,'INV-55-26',1598,'2018-04-14',1),
(986,'INV-55-26',0,'2018-04-14',1),
(987,'INV-56-26',1600,'2018-04-14',1),
(988,'INV-56-26',0,'2018-04-14',1),
(989,'INV-57-26',1602,'2018-04-14',1),
(990,'INV-57-26',0,'2018-04-14',1),
(991,'INV-58-26',1604,'2018-04-14',1),
(992,'INV-58-26',0,'2018-04-14',1),
(993,'INV-59-26',1606,'2018-04-14',1),
(994,'INV-59-26',0,'2018-04-14',1),
(995,'INV-60-26',1608,'2018-04-14',1),
(996,'INV-60-26',0,'2018-04-14',1),
(997,'INV-61-26',1610,'2018-04-14',1),
(998,'INV-61-26',0,'2018-04-14',1),
(999,'INV-62-26',1612,'2018-04-14',1),
(1000,'INV-62-26',0,'2018-04-14',1),
(1001,'INV-63-26',1614,'2018-04-14',1),
(1002,'INV-63-26',0,'2018-04-14',1),
(1003,'INV-64-26',1616,'2018-04-14',1),
(1004,'INV-64-26',0,'2018-04-14',1),
(1005,'INV-65-26',1618,'2018-04-14',1),
(1006,'INV-65-26',0,'2018-04-14',1),
(1007,'INV-66-26',1620,'2018-04-14',1),
(1008,'INV-66-26',0,'2018-04-14',1),
(1009,'INV-67-26',1622,'2018-04-14',1),
(1010,'INV-67-26',0,'2018-04-14',1),
(1011,'INV-68-26',1624,'2018-04-14',1),
(1012,'INV-68-26',0,'2018-04-14',1),
(1013,'INV-69-26',1626,'2018-04-14',1),
(1014,'INV-69-26',0,'2018-04-14',1),
(1015,'INV-70-26',1628,'2018-04-14',1),
(1016,'INV-70-26',0,'2018-04-14',1),
(1017,'INV-71-26',1630,'2018-04-14',1),
(1018,'INV-71-26',0,'2018-04-14',1),
(1019,'INV-72-26',1632,'2018-04-14',1),
(1020,'INV-72-26',0,'2018-04-14',1),
(1021,'INV-73-26',1634,'2018-04-14',1),
(1022,'INV-73-26',0,'2018-04-14',1),
(1023,'INV-74-26',1636,'2018-04-14',1),
(1024,'INV-74-26',0,'2018-04-14',1),
(1025,'INV-75-26',1638,'2018-04-14',1),
(1026,'INV-75-26',0,'2018-04-14',1),
(1027,'INV-76-26',1640,'2018-04-14',1),
(1028,'INV-76-26',0,'2018-04-14',1),
(1029,'INV-77-26',1642,'2018-04-14',1),
(1030,'INV-77-26',0,'2018-04-14',1),
(1031,'INV-78-26',1644,'2018-04-14',1),
(1032,'INV-78-26',0,'2018-04-14',1),
(1033,'INV-79-26',1646,'2018-04-14',1),
(1034,'INV-79-26',0,'2018-04-14',1),
(1035,'INV-80-26',1648,'2018-04-14',1),
(1036,'INV-80-26',0,'2018-04-14',1),
(1037,'INV-81-26',1650,'2018-04-14',1),
(1038,'INV-81-26',0,'2018-04-14',1),
(1039,'INV-82-26',1652,'2018-04-14',1),
(1040,'INV-82-26',0,'2018-04-14',1),
(1041,'INV-83-26',1654,'2018-04-14',1),
(1042,'INV-83-26',0,'2018-04-14',1),
(1043,'INV-84-26',1656,'2018-04-14',1),
(1044,'INV-84-26',0,'2018-04-14',1),
(1045,'INV-85-26',1658,'2018-04-14',1),
(1046,'INV-85-26',0,'2018-04-14',1),
(1047,'INV-86-26',1660,'2018-04-14',1),
(1048,'INV-86-26',0,'2018-04-14',1),
(1049,'INV-87-26',1662,'2018-04-14',1),
(1050,'INV-87-26',0,'2018-04-14',1),
(1051,'INV-88-26',1664,'2018-04-14',1),
(1052,'INV-88-26',0,'2018-04-14',1),
(1053,'INV-89-26',1666,'2018-04-14',1),
(1054,'INV-89-26',0,'2018-04-14',1),
(1055,'INV-90-26',1668,'2018-04-14',1),
(1056,'INV-90-26',0,'2018-04-14',1),
(1057,'INV-91-26',1670,'2018-04-14',1),
(1058,'INV-91-26',0,'2018-04-14',1),
(1059,'INV-92-26',1672,'2018-04-14',1),
(1060,'INV-92-26',0,'2018-04-14',1),
(1061,'INV-93-26',1674,'2018-04-14',1),
(1062,'INV-93-26',0,'2018-04-14',1),
(1063,'INV-94-26',1676,'2018-04-14',1),
(1064,'INV-94-26',0,'2018-04-14',1),
(1065,'INV-95-26',1678,'2018-04-14',1),
(1066,'INV-95-26',0,'2018-04-14',1),
(1067,'INV-96-26',1680,'2018-04-14',1),
(1068,'INV-96-26',0,'2018-04-14',1),
(1069,'INV-97-26',1682,'2018-04-14',1),
(1070,'INV-97-26',0,'2018-04-14',1),
(1071,'INV-98-26',1684,'2018-04-14',1),
(1072,'INV-98-26',0,'2018-04-14',1),
(1073,'INV-99-26',1686,'2018-04-14',1),
(1074,'INV-99-26',0,'2018-04-14',1),
(1075,'INV-100-26',1688,'2018-04-14',1),
(1076,'INV-100-26',0,'2018-04-14',1),
(1077,'INV-101-26',1690,'2018-04-14',1),
(1078,'INV-101-26',0,'2018-04-14',1),
(1079,'INV-102-26',1692,'2018-04-14',1),
(1080,'INV-102-26',0,'2018-04-14',1),
(1081,'INV-103-26',1694,'2018-04-14',1),
(1082,'INV-103-26',0,'2018-04-14',1),
(1083,'INV-104-26',1696,'2018-04-14',1),
(1084,'INV-104-26',0,'2018-04-14',1),
(1085,'INV-105-26',1698,'2018-04-14',1),
(1086,'INV-105-26',0,'2018-04-14',1),
(1087,'INV-106-26',1700,'2018-04-14',1),
(1088,'INV-106-26',0,'2018-04-14',1),
(1089,'INV-107-26',1702,'2018-04-14',1),
(1090,'INV-107-26',0,'2018-04-14',1),
(1091,'INV-108-26',1704,'2018-04-14',1),
(1092,'INV-108-26',0,'2018-04-14',1),
(1093,'INV-109-26',1706,'2018-04-14',1),
(1094,'INV-109-26',0,'2018-04-14',1),
(1095,'INV-110-26',1708,'2018-04-14',1),
(1096,'INV-110-26',0,'2018-04-14',1),
(1097,'INV-111-26',1710,'2018-04-14',1),
(1098,'INV-111-26',0,'2018-04-14',1),
(1099,'INV-112-26',1712,'2018-04-14',1),
(1100,'INV-112-26',0,'2018-04-14',1),
(1101,'INV-113-26',1714,'2018-04-14',1),
(1102,'INV-113-26',0,'2018-04-14',1),
(1103,'INV-114-26',1716,'2018-04-14',1),
(1104,'INV-114-26',0,'2018-04-14',1),
(1105,'INV-115-26',1718,'2018-04-14',1),
(1106,'INV-115-26',0,'2018-04-14',1),
(1107,'INV-116-26',1720,'2018-04-14',1),
(1108,'INV-116-26',0,'2018-04-14',1),
(1109,'INV-117-26',1722,'2018-04-14',1),
(1110,'INV-117-26',0,'2018-04-14',1),
(1111,'INV-118-26',1724,'2018-04-14',1),
(1112,'INV-118-26',0,'2018-04-14',1),
(1113,'INV-119-26',1726,'2018-04-14',1),
(1114,'INV-119-26',0,'2018-04-14',1),
(1115,'INV-120-26',1728,'2018-04-14',1),
(1116,'INV-120-26',0,'2018-04-14',1),
(1117,'INV-121-26',1730,'2018-04-14',1),
(1118,'INV-121-26',0,'2018-04-14',1),
(1119,'INV-122-26',1732,'2018-04-14',1),
(1120,'INV-122-26',0,'2018-04-14',1),
(1121,'INV-123-26',1734,'2018-04-14',1),
(1122,'INV-123-26',0,'2018-04-14',1),
(1123,'INV-124-26',1736,'2018-04-14',1),
(1124,'INV-124-26',0,'2018-04-14',1),
(1125,'INV-125-26',1738,'2018-04-14',1),
(1126,'INV-125-26',0,'2018-04-14',1),
(1127,'INV-126-26',1740,'2018-04-14',1),
(1128,'INV-126-26',0,'2018-04-14',1),
(1129,'INV-127-26',1742,'2018-04-14',1),
(1130,'INV-127-26',0,'2018-04-14',1),
(1131,'INV-128-26',1744,'2018-04-14',1),
(1132,'INV-128-26',0,'2018-04-14',1),
(1133,'INV-129-26',1746,'2018-04-14',1),
(1134,'INV-129-26',0,'2018-04-14',1),
(1135,'INV-130-26',1748,'2018-04-14',1),
(1136,'INV-130-26',0,'2018-04-14',1),
(1137,'INV-131-26',1750,'2018-04-14',1),
(1138,'INV-131-26',0,'2018-04-14',1),
(1139,'INV-132-26',1752,'2018-04-14',1),
(1140,'INV-132-26',0,'2018-04-14',1),
(1141,'INV-133-26',1754,'2018-04-14',1),
(1142,'INV-133-26',0,'2018-04-14',1),
(1143,'INV-134-26',1756,'2018-04-14',1),
(1144,'INV-134-26',0,'2018-04-14',1),
(1145,'INV-135-26',1758,'2018-04-14',1),
(1146,'INV-135-26',0,'2018-04-14',1),
(1147,'INV-136-26',1760,'2018-04-14',1),
(1148,'INV-136-26',0,'2018-04-14',1),
(1149,'INV-137-26',1762,'2018-04-14',1),
(1150,'INV-137-26',0,'2018-04-14',1),
(1151,'INV-138-26',1764,'2018-04-14',1),
(1152,'INV-138-26',0,'2018-04-14',1),
(1153,'INV-139-26',1766,'2018-04-14',1),
(1154,'INV-139-26',0,'2018-04-14',1),
(1155,'INV-140-26',1768,'2018-04-14',1),
(1156,'INV-140-26',0,'2018-04-14',1),
(1157,'INV-141-26',1770,'2018-04-14',1),
(1158,'INV-141-26',0,'2018-04-14',1),
(1159,'INV-142-26',1772,'2018-04-14',1),
(1160,'INV-142-26',0,'2018-04-14',1),
(1161,'INV-143-26',1774,'2018-04-14',1),
(1162,'INV-143-26',0,'2018-04-14',1),
(1163,'INV-144-26',1776,'2018-04-14',1),
(1164,'INV-144-26',0,'2018-04-14',1),
(1165,'INV-145-26',1778,'2018-04-14',1),
(1166,'INV-145-26',0,'2018-04-14',1),
(1167,'INV-146-26',1780,'2018-04-14',1),
(1168,'INV-146-26',0,'2018-04-14',1),
(1169,'INV-147-26',1782,'2018-04-14',1),
(1170,'INV-147-26',0,'2018-04-14',1),
(1171,'INV-148-26',1784,'2018-04-14',1),
(1172,'INV-148-26',0,'2018-04-14',1),
(1173,'INV-149-26',1786,'2018-04-14',1),
(1174,'INV-149-26',0,'2018-04-14',1),
(1175,'INV-150-26',1788,'2018-04-14',1),
(1176,'INV-150-26',0,'2018-04-14',1),
(1177,'INV-151-26',1790,'2018-04-14',1),
(1178,'INV-151-26',0,'2018-04-14',1),
(1179,'INV-152-26',1792,'2018-04-14',1),
(1180,'INV-152-26',0,'2018-04-14',1),
(1181,'INV-153-26',1794,'2018-04-14',1),
(1182,'INV-153-26',0,'2018-04-14',1),
(1183,'INV-154-26',1796,'2018-04-14',1),
(1184,'INV-154-26',0,'2018-04-14',1),
(1185,'INV-155-26',1798,'2018-04-14',1),
(1186,'INV-155-26',0,'2018-04-14',1),
(1187,'INV-156-26',1800,'2018-04-14',1),
(1188,'INV-156-26',0,'2018-04-14',1),
(1189,'INV-157-26',1802,'2018-04-14',1),
(1190,'INV-157-26',0,'2018-04-14',1),
(1191,'INV-158-26',1804,'2018-04-14',1),
(1192,'INV-158-26',0,'2018-04-14',1),
(1193,'INV-159-26',1806,'2018-04-14',1),
(1194,'INV-159-26',0,'2018-04-14',1),
(1195,'INV-160-26',1808,'2018-04-14',1),
(1196,'INV-160-26',0,'2018-04-14',1),
(1197,'INV-161-26',1810,'2018-04-14',1),
(1198,'INV-161-26',0,'2018-04-14',1),
(1199,'INV-162-26',1812,'2018-04-14',1),
(1200,'INV-162-26',0,'2018-04-14',1),
(1201,'INV-163-26',1814,'2018-04-14',1),
(1202,'INV-163-26',0,'2018-04-14',1),
(1203,'INV-164-26',1816,'2018-04-14',1),
(1204,'INV-164-26',0,'2018-04-14',1),
(1205,'INV-165-26',1818,'2018-04-14',1),
(1206,'INV-165-26',0,'2018-04-14',1),
(1207,'INV-166-26',1820,'2018-04-14',1),
(1208,'INV-166-26',0,'2018-04-14',1),
(1209,'INV-167-26',1822,'2018-04-14',1),
(1210,'INV-167-26',0,'2018-04-14',1),
(1211,'INV-168-26',1824,'2018-04-14',1),
(1212,'INV-168-26',0,'2018-04-14',1),
(1213,'INV-169-26',1826,'2018-04-14',1),
(1214,'INV-169-26',0,'2018-04-14',1),
(1215,'INV-170-26',1828,'2018-04-14',1),
(1216,'INV-170-26',0,'2018-04-14',1),
(1217,'INV-171-26',1830,'2018-04-14',1),
(1218,'INV-171-26',0,'2018-04-14',1),
(1219,'INV-172-26',1832,'2018-04-14',1),
(1220,'INV-172-26',0,'2018-04-14',1),
(1221,'INV-173-26',1834,'2018-04-14',1),
(1222,'INV-173-26',0,'2018-04-14',1),
(1223,'INV-174-26',1836,'2018-04-14',1),
(1224,'INV-174-26',0,'2018-04-14',1),
(1225,'INV-175-26',1838,'2018-04-14',1),
(1226,'INV-175-26',0,'2018-04-14',1),
(1227,'INV-176-26',1840,'2018-04-14',1),
(1228,'INV-176-26',0,'2018-04-14',1),
(1229,'INV-177-26',1842,'2018-04-14',1),
(1230,'INV-177-26',0,'2018-04-14',1),
(1231,'INV-178-26',1844,'2018-04-14',1),
(1232,'INV-178-26',0,'2018-04-14',1),
(1233,'INV-179-26',1846,'2018-04-14',1),
(1234,'INV-179-26',0,'2018-04-14',1),
(1235,'INV-180-26',1848,'2018-04-14',1),
(1236,'INV-180-26',0,'2018-04-14',1),
(1237,'INV-181-26',1850,'2018-04-14',1),
(1238,'INV-181-26',0,'2018-04-14',1),
(1239,'INV-182-26',1852,'2018-04-14',1),
(1240,'INV-182-26',0,'2018-04-14',1),
(1241,'INV-183-26',1854,'2018-04-14',1),
(1242,'INV-183-26',0,'2018-04-14',1),
(1243,'INV-184-26',1856,'2018-04-14',1),
(1244,'INV-184-26',0,'2018-04-14',1),
(1245,'INV-185-26',1858,'2018-04-14',1),
(1246,'INV-185-26',0,'2018-04-14',1),
(1247,'INV-186-26',1860,'2018-04-14',1),
(1248,'INV-186-26',0,'2018-04-14',1),
(1249,'INV-187-26',1862,'2018-04-14',1),
(1250,'INV-187-26',0,'2018-04-14',1),
(1251,'INV-188-26',1864,'2018-04-14',1),
(1252,'INV-188-26',0,'2018-04-14',1),
(1253,'INV-189-26',1866,'2018-04-14',1),
(1254,'INV-189-26',0,'2018-04-14',1),
(1255,'INV-190-26',1868,'2018-04-14',1),
(1256,'INV-190-26',0,'2018-04-14',1),
(1257,'INV-191-26',1870,'2018-04-14',1),
(1258,'INV-191-26',0,'2018-04-14',1),
(1259,'INV-192-26',2222,'2018-04-14',1),
(1260,'INV-192-26',0,'2018-04-14',1);

/*Table structure for table `re_occupancy_issue` */

DROP TABLE IF EXISTS `re_occupancy_issue`;

CREATE TABLE `re_occupancy_issue` (
  `id` int(11) NOT NULL AUTO_INCREMENT,
  `fk_occupancy_id` int(11) DEFAULT NULL,
  `fk_related_term` int(11) DEFAULT NULL,
  `issue_type` int(11) DEFAULT NULL,
  `title` varchar(200) DEFAULT NULL,
  `desc` text,
  `status_remarks` text,
  `_status` int(11) DEFAULT NULL,
  `date_created` datetime DEFAULT NULL,
  `created_by` int(11) DEFAULT NULL,
  `date_modified` datetime DEFAULT NULL,
  `modified_by` int(11) DEFAULT NULL,
  PRIMARY KEY (`id`),
  KEY `fk_occupancy_id` (`fk_occupancy_id`),
  KEY `fk_related_term` (`fk_related_term`),
  CONSTRAINT `re_occupancy_issue_ibfk_1` FOREIGN KEY (`fk_occupancy_id`) REFERENCES `re_occupancy` (`id`) ON DELETE NO ACTION ON UPDATE CASCADE,
  CONSTRAINT `re_occupancy_issue_ibfk_2` FOREIGN KEY (`fk_related_term`) REFERENCES `re_occupancy_term` (`id`) ON DELETE NO ACTION ON UPDATE CASCADE
) ENGINE=InnoDB DEFAULT CHARSET=latin1;

/*Data for the table `re_occupancy_issue` */

/*Table structure for table `re_occupancy_payments` */

DROP TABLE IF EXISTS `re_occupancy_payments`;

CREATE TABLE `re_occupancy_payments` (
  `id` int(11) NOT NULL AUTO_INCREMENT,
  `fk_occupancy_id` int(11) NOT NULL,
  `amount` float NOT NULL,
  `payment_date` date NOT NULL,
  `fk_receipt_id` int(11) NOT NULL,
  `payment_method` int(11) NOT NULL,
  `ref_no` varchar(50) DEFAULT NULL,
  `status` tinyint(1) NOT NULL,
  `created_by` int(11) DEFAULT NULL,
  `created_on` date DEFAULT NULL,
  `modified_by` int(11) DEFAULT NULL,
  `modified_on` date DEFAULT NULL,
  PRIMARY KEY (`id`),
  KEY `fk_occupancy_id` (`fk_occupancy_id`),
  KEY `fk_receipt_id` (`fk_receipt_id`),
  CONSTRAINT `re_occupancy_payments_ibfk_1` FOREIGN KEY (`fk_occupancy_id`) REFERENCES `re_occupancy` (`id`),
  CONSTRAINT `re_occupancy_payments_ibfk_2` FOREIGN KEY (`fk_receipt_id`) REFERENCES `re_receipt` (`id`)
) ENGINE=InnoDB AUTO_INCREMENT=33 DEFAULT CHARSET=utf8;

/*Data for the table `re_occupancy_payments` */

insert  into `re_occupancy_payments`(`id`,`fk_occupancy_id`,`amount`,`payment_date`,`fk_receipt_id`,`payment_method`,`ref_no`,`status`,`created_by`,`created_on`,`modified_by`,`modified_on`) values 
(30,191,8000,'2018-04-14',87,1,'',1,1,'2018-04-14',NULL,NULL),
(31,19,40000,'2018-04-14',88,1,'',1,1,'2018-04-14',NULL,NULL),
(32,192,40000,'2018-04-14',89,1,'',1,1,'2018-04-14',NULL,NULL);

/*Table structure for table `re_occupancy_payments_mapping` */

DROP TABLE IF EXISTS `re_occupancy_payments_mapping`;

CREATE TABLE `re_occupancy_payments_mapping` (
  `id` int(11) NOT NULL AUTO_INCREMENT,
  `fk_occupancy_payment` int(11) DEFAULT NULL,
  `fk_occupancy_rent` int(11) DEFAULT NULL,
  `amount` decimal(11,2) DEFAULT NULL,
  `type` varchar(200) DEFAULT NULL,
  PRIMARY KEY (`id`),
  KEY `fk_occupancy_payment` (`fk_occupancy_payment`),
  KEY `fk_occupancy_rent` (`fk_occupancy_rent`),
  CONSTRAINT `re_occupancy_payments_mapping_ibfk_1` FOREIGN KEY (`fk_occupancy_payment`) REFERENCES `re_occupancy_payments` (`id`) ON DELETE NO ACTION ON UPDATE CASCADE,
  CONSTRAINT `re_occupancy_payments_mapping_ibfk_2` FOREIGN KEY (`fk_occupancy_rent`) REFERENCES `re_occupancy_rent` (`id`) ON DELETE NO ACTION ON UPDATE CASCADE
) ENGINE=InnoDB AUTO_INCREMENT=67 DEFAULT CHARSET=utf8;

/*Data for the table `re_occupancy_payments_mapping` */

insert  into `re_occupancy_payments_mapping`(`id`,`fk_occupancy_payment`,`fk_occupancy_rent`,`amount`,`type`) values 
(63,30,1231,5000.00,'complete'),
(64,30,1230,3000.00,'partial'),
(65,32,1232,20000.00,'complete'),
(66,32,1233,20000.00,'complete');

/*Table structure for table `re_occupancy_rent` */

DROP TABLE IF EXISTS `re_occupancy_rent`;

CREATE TABLE `re_occupancy_rent` (
  `id` int(11) NOT NULL AUTO_INCREMENT,
  `fk_occupancy_id` int(11) DEFAULT NULL,
  `fk_term` int(11) DEFAULT NULL,
  `fk_source` int(11) DEFAULT NULL,
  `month` int(11) DEFAULT NULL,
  `year` int(11) DEFAULT NULL,
  `amount` float(11,2) DEFAULT NULL,
  `_status` int(11) DEFAULT '0',
  `date_created` datetime DEFAULT NULL,
  `created_by` int(11) DEFAULT NULL,
  `date_modified` datetime DEFAULT NULL,
  `modified_by` int(11) DEFAULT NULL,
  PRIMARY KEY (`id`),
  KEY `fk_occupancy_id` (`fk_occupancy_id`),
  KEY `fk_source` (`fk_source`),
  KEY `fk_term` (`fk_term`),
  CONSTRAINT `re_occupancy_rent_ibfk_1` FOREIGN KEY (`fk_occupancy_id`) REFERENCES `re_occupancy` (`id`) ON DELETE NO ACTION ON UPDATE CASCADE,
  CONSTRAINT `re_occupancy_rent_ibfk_2` FOREIGN KEY (`fk_source`) REFERENCES `re_source` (`id`) ON DELETE NO ACTION ON UPDATE CASCADE,
  CONSTRAINT `re_occupancy_rent_ibfk_3` FOREIGN KEY (`fk_term`) REFERENCES `re_term` (`id`) ON DELETE NO ACTION ON UPDATE CASCADE
) ENGINE=InnoDB AUTO_INCREMENT=1234 DEFAULT CHARSET=latin1;

/*Data for the table `re_occupancy_rent` */

insert  into `re_occupancy_rent`(`id`,`fk_occupancy_id`,`fk_term`,`fk_source`,`month`,`year`,`amount`,`_status`,`date_created`,`created_by`,`date_modified`,`modified_by`) values 
(886,18,1,1,4,2018,7500.00,0,'2018-04-14 06:08:36',1,NULL,NULL),
(887,18,4,19,4,2018,7000.00,0,'2018-04-14 06:08:36',1,NULL,NULL),
(888,19,1,1,4,2018,7000.00,0,'2018-04-14 06:08:36',1,NULL,NULL),
(889,19,4,19,4,2018,7000.00,0,'2018-04-14 06:08:36',1,NULL,NULL),
(890,21,1,1,4,2018,7000.00,0,'2018-04-14 06:08:36',1,NULL,NULL),
(891,21,4,19,4,2018,7000.00,0,'2018-04-14 06:08:36',1,NULL,NULL),
(892,22,1,1,4,2018,2300.00,0,'2018-04-14 06:08:36',1,NULL,NULL),
(893,22,4,19,4,2018,2300.00,0,'2018-04-14 06:08:37',1,NULL,NULL),
(894,23,1,1,4,2018,2300.00,0,'2018-04-14 06:08:37',1,NULL,NULL),
(895,23,4,19,4,2018,2300.00,0,'2018-04-14 06:08:37',1,NULL,NULL),
(896,24,1,1,4,2018,2300.00,0,'2018-04-14 06:08:37',1,NULL,NULL),
(897,24,4,19,4,2018,2300.00,0,'2018-04-14 06:08:37',1,NULL,NULL),
(898,25,1,1,4,2018,2300.00,0,'2018-04-14 06:08:37',1,NULL,NULL),
(899,25,4,19,4,2018,2300.00,0,'2018-04-14 06:08:37',1,NULL,NULL),
(900,26,1,1,4,2018,2300.00,0,'2018-04-14 06:08:38',1,NULL,NULL),
(901,26,4,19,4,2018,2300.00,0,'2018-04-14 06:08:38',1,NULL,NULL),
(902,27,1,1,4,2018,2300.00,0,'2018-04-14 06:08:38',1,NULL,NULL),
(903,27,4,19,4,2018,2300.00,0,'2018-04-14 06:08:38',1,NULL,NULL),
(904,28,1,1,4,2018,2300.00,0,'2018-04-14 06:08:38',1,NULL,NULL),
(905,28,4,19,4,2018,2300.00,0,'2018-04-14 06:08:38',1,NULL,NULL),
(906,29,1,1,4,2018,2500.00,0,'2018-04-14 06:08:38',1,NULL,NULL),
(907,29,4,19,4,2018,2300.00,0,'2018-04-14 06:08:38',1,NULL,NULL),
(908,30,1,1,4,2018,2300.00,0,'2018-04-14 06:08:38',1,NULL,NULL),
(909,30,4,19,4,2018,2300.00,0,'2018-04-14 06:08:38',1,NULL,NULL),
(910,31,1,1,4,2018,2500.00,0,'2018-04-14 06:08:39',1,NULL,NULL),
(911,31,4,19,4,2018,2300.00,0,'2018-04-14 06:08:39',1,NULL,NULL),
(912,32,1,1,4,2018,2300.00,0,'2018-04-14 06:08:39',1,NULL,NULL),
(913,32,4,19,4,2018,2300.00,0,'2018-04-14 06:08:39',1,NULL,NULL),
(914,33,1,1,4,2018,1500.00,0,'2018-04-14 06:08:39',1,NULL,NULL),
(915,33,4,19,4,2018,1500.00,0,'2018-04-14 06:08:39',1,NULL,NULL),
(916,34,1,1,4,2018,1500.00,0,'2018-04-14 06:08:39',1,NULL,NULL),
(917,34,4,19,4,2018,1500.00,0,'2018-04-14 06:08:39',1,NULL,NULL),
(918,35,1,1,4,2018,1500.00,0,'2018-04-14 06:08:39',1,NULL,NULL),
(919,35,4,19,4,2018,1500.00,0,'2018-04-14 06:08:39',1,NULL,NULL),
(920,36,1,1,4,2018,700.00,0,'2018-04-14 06:08:40',1,NULL,NULL),
(921,36,4,19,4,2018,700.00,0,'2018-04-14 06:08:40',1,NULL,NULL),
(922,37,1,1,4,2018,700.00,0,'2018-04-14 06:08:40',1,NULL,NULL),
(923,37,4,19,4,2018,700.00,0,'2018-04-14 06:08:40',1,NULL,NULL),
(924,38,1,1,4,2018,700.00,0,'2018-04-14 06:08:40',1,NULL,NULL),
(925,38,4,19,4,2018,700.00,0,'2018-04-14 06:08:40',1,NULL,NULL),
(926,39,1,1,4,2018,700.00,0,'2018-04-14 06:08:40',1,NULL,NULL),
(927,39,4,19,4,2018,700.00,0,'2018-04-14 06:08:40',1,NULL,NULL),
(928,40,1,1,4,2018,700.00,0,'2018-04-14 06:08:40',1,NULL,NULL),
(929,40,4,19,4,2018,700.00,0,'2018-04-14 06:08:40',1,NULL,NULL),
(930,41,1,1,4,2018,700.00,0,'2018-04-14 06:08:41',1,NULL,NULL),
(931,41,4,19,4,2018,700.00,0,'2018-04-14 06:08:41',1,NULL,NULL),
(932,42,1,1,4,2018,1300.00,0,'2018-04-14 06:08:41',1,NULL,NULL),
(933,42,4,19,4,2018,1300.00,0,'2018-04-14 06:08:41',1,NULL,NULL),
(934,43,1,1,4,2018,1300.00,0,'2018-04-14 06:08:41',1,NULL,NULL),
(935,43,4,19,4,2018,1300.00,0,'2018-04-14 06:08:41',1,NULL,NULL),
(936,44,1,1,4,2018,1300.00,0,'2018-04-14 06:08:41',1,NULL,NULL),
(937,44,4,19,4,2018,1300.00,0,'2018-04-14 06:08:41',1,NULL,NULL),
(938,45,1,1,4,2018,1300.00,0,'2018-04-14 06:08:41',1,NULL,NULL),
(939,45,4,19,4,2018,1300.00,0,'2018-04-14 06:08:41',1,NULL,NULL),
(940,46,1,1,4,2018,1300.00,0,'2018-04-14 06:08:42',1,NULL,NULL),
(941,46,4,19,4,2018,1300.00,0,'2018-04-14 06:08:42',1,NULL,NULL),
(942,47,1,1,4,2018,1300.00,0,'2018-04-14 06:08:42',1,NULL,NULL),
(943,47,4,19,4,2018,1300.00,0,'2018-04-14 06:08:42',1,NULL,NULL),
(944,48,1,1,4,2018,1300.00,0,'2018-04-14 06:08:42',1,NULL,NULL),
(945,48,4,19,4,2018,1300.00,0,'2018-04-14 06:08:42',1,NULL,NULL),
(946,49,1,1,4,2018,1300.00,0,'2018-04-14 06:08:42',1,NULL,NULL),
(947,49,4,19,4,2018,1300.00,0,'2018-04-14 06:08:42',1,NULL,NULL),
(948,50,1,1,4,2018,1300.00,0,'2018-04-14 06:08:43',1,NULL,NULL),
(949,50,4,19,4,2018,1300.00,0,'2018-04-14 06:08:43',1,NULL,NULL),
(950,51,1,1,4,2018,1300.00,0,'2018-04-14 06:08:43',1,NULL,NULL),
(951,51,4,19,4,2018,1300.00,0,'2018-04-14 06:08:43',1,NULL,NULL),
(952,52,1,1,4,2018,1300.00,0,'2018-04-14 06:08:43',1,NULL,NULL),
(953,52,4,19,4,2018,1300.00,0,'2018-04-14 06:08:43',1,NULL,NULL),
(954,53,1,1,4,2018,1300.00,0,'2018-04-14 06:08:43',1,NULL,NULL),
(955,53,4,19,4,2018,1300.00,0,'2018-04-14 06:08:43',1,NULL,NULL),
(956,54,1,1,4,2018,2000.00,0,'2018-04-14 06:08:43',1,NULL,NULL),
(957,54,4,19,4,2018,2000.00,0,'2018-04-14 06:08:43',1,NULL,NULL),
(958,55,1,1,4,2018,2000.00,0,'2018-04-14 06:08:43',1,NULL,NULL),
(959,55,4,19,4,2018,2000.00,0,'2018-04-14 06:08:44',1,NULL,NULL),
(960,56,1,1,4,2018,2000.00,0,'2018-04-14 06:08:44',1,NULL,NULL),
(961,56,4,19,4,2018,2000.00,0,'2018-04-14 06:08:44',1,NULL,NULL),
(962,57,1,1,4,2018,2000.00,0,'2018-04-14 06:08:44',1,NULL,NULL),
(963,57,4,19,4,2018,2000.00,0,'2018-04-14 06:08:44',1,NULL,NULL),
(964,58,1,1,4,2018,2000.00,0,'2018-04-14 06:08:44',1,NULL,NULL),
(965,58,4,19,4,2018,2000.00,0,'2018-04-14 06:08:44',1,NULL,NULL),
(966,59,1,1,4,2018,2000.00,0,'2018-04-14 06:08:44',1,NULL,NULL),
(967,59,4,19,4,2018,2000.00,0,'2018-04-14 06:08:44',1,NULL,NULL),
(968,60,1,1,4,2018,1500.00,0,'2018-04-14 06:08:44',1,NULL,NULL),
(969,60,4,19,4,2018,3000.00,0,'2018-04-14 06:08:44',1,NULL,NULL),
(970,61,1,1,4,2018,5000.00,0,'2018-04-14 06:08:45',1,NULL,NULL),
(971,61,4,19,4,2018,5000.00,0,'2018-04-14 06:08:45',1,NULL,NULL),
(972,62,1,1,4,2018,1000.00,0,'2018-04-14 06:08:45',1,NULL,NULL),
(973,62,4,19,4,2018,1000.00,0,'2018-04-14 06:08:45',1,NULL,NULL),
(974,63,1,1,4,2018,1000.00,0,'2018-04-14 06:08:45',1,NULL,NULL),
(975,63,4,19,4,2018,1000.00,0,'2018-04-14 06:08:45',1,NULL,NULL),
(976,64,1,1,4,2018,1000.00,0,'2018-04-14 06:08:45',1,NULL,NULL),
(977,64,4,19,4,2018,1000.00,0,'2018-04-14 06:08:45',1,NULL,NULL),
(978,65,1,1,4,2018,1000.00,0,'2018-04-14 06:08:45',1,NULL,NULL),
(979,65,4,19,4,2018,1000.00,0,'2018-04-14 06:08:45',1,NULL,NULL),
(980,66,1,1,4,2018,1500.00,0,'2018-04-14 06:08:46',1,NULL,NULL),
(981,66,4,19,4,2018,1500.00,0,'2018-04-14 06:08:46',1,NULL,NULL),
(982,67,1,1,4,2018,1500.00,0,'2018-04-14 06:08:46',1,NULL,NULL),
(983,67,4,19,4,2018,1500.00,0,'2018-04-14 06:08:46',1,NULL,NULL),
(984,68,1,1,4,2018,1500.00,0,'2018-04-14 06:08:46',1,NULL,NULL),
(985,68,4,19,4,2018,1500.00,0,'2018-04-14 06:08:46',1,NULL,NULL),
(986,69,1,1,4,2018,1500.00,0,'2018-04-14 06:08:46',1,NULL,NULL),
(987,69,4,19,4,2018,1500.00,0,'2018-04-14 06:08:46',1,NULL,NULL),
(988,70,1,1,4,2018,3500.00,0,'2018-04-14 06:08:46',1,NULL,NULL),
(989,70,4,19,4,2018,1500.00,0,'2018-04-14 06:08:46',1,NULL,NULL),
(990,71,1,1,4,2018,1500.00,0,'2018-04-14 06:08:47',1,NULL,NULL),
(991,71,4,19,4,2018,1500.00,0,'2018-04-14 06:08:47',1,NULL,NULL),
(992,72,1,1,4,2018,1500.00,0,'2018-04-14 06:08:47',1,NULL,NULL),
(993,72,4,19,4,2018,1500.00,0,'2018-04-14 06:08:47',1,NULL,NULL),
(994,73,1,1,4,2018,1500.00,0,'2018-04-14 06:08:47',1,NULL,NULL),
(995,73,4,19,4,2018,1500.00,0,'2018-04-14 06:08:47',1,NULL,NULL),
(996,74,1,1,4,2018,1500.00,0,'2018-04-14 06:08:47',1,NULL,NULL),
(997,74,4,19,4,2018,1500.00,0,'2018-04-14 06:08:47',1,NULL,NULL),
(998,75,1,1,4,2018,1500.00,0,'2018-04-14 06:08:47',1,NULL,NULL),
(999,75,4,19,4,2018,1500.00,0,'2018-04-14 06:08:47',1,NULL,NULL),
(1000,76,1,1,4,2018,1500.00,0,'2018-04-14 06:08:48',1,NULL,NULL),
(1001,76,4,19,4,2018,1500.00,0,'2018-04-14 06:08:48',1,NULL,NULL),
(1002,77,1,1,4,2018,2000.00,0,'2018-04-14 06:08:48',1,NULL,NULL),
(1003,77,4,19,4,2018,2000.00,0,'2018-04-14 06:08:48',1,NULL,NULL),
(1004,78,1,1,4,2018,2000.00,0,'2018-04-14 06:08:48',1,NULL,NULL),
(1005,78,4,19,4,2018,2000.00,0,'2018-04-14 06:08:48',1,NULL,NULL),
(1006,79,1,1,4,2018,2000.00,0,'2018-04-14 06:08:49',1,NULL,NULL),
(1007,79,4,19,4,2018,2000.00,0,'2018-04-14 06:08:49',1,NULL,NULL),
(1008,80,1,1,4,2018,2000.00,0,'2018-04-14 06:08:49',1,NULL,NULL),
(1009,80,4,19,4,2018,2000.00,0,'2018-04-14 06:08:49',1,NULL,NULL),
(1010,81,1,1,4,2018,2000.00,0,'2018-04-14 06:08:49',1,NULL,NULL),
(1011,81,4,19,4,2018,2000.00,0,'2018-04-14 06:08:49',1,NULL,NULL),
(1012,82,1,1,4,2018,2000.00,0,'2018-04-14 06:08:49',1,NULL,NULL),
(1013,82,4,19,4,2018,2000.00,0,'2018-04-14 06:08:49',1,NULL,NULL),
(1014,83,1,1,4,2018,2000.00,0,'2018-04-14 06:08:50',1,NULL,NULL),
(1015,83,4,19,4,2018,2000.00,0,'2018-04-14 06:08:50',1,NULL,NULL),
(1016,84,1,1,4,2018,2000.00,0,'2018-04-14 06:08:50',1,NULL,NULL),
(1017,84,4,19,4,2018,2000.00,0,'2018-04-14 06:08:50',1,NULL,NULL),
(1018,85,1,1,4,2018,2000.00,0,'2018-04-14 06:08:50',1,NULL,NULL),
(1019,85,4,19,4,2018,2000.00,0,'2018-04-14 06:08:50',1,NULL,NULL),
(1020,86,1,1,4,2018,2000.00,0,'2018-04-14 06:08:50',1,NULL,NULL),
(1021,86,4,19,4,2018,2000.00,0,'2018-04-14 06:08:50',1,NULL,NULL),
(1022,87,1,1,4,2018,2000.00,0,'2018-04-14 06:08:50',1,NULL,NULL),
(1023,87,4,19,4,2018,2000.00,0,'2018-04-14 06:08:50',1,NULL,NULL),
(1024,88,1,1,4,2018,1800.00,0,'2018-04-14 06:08:50',1,NULL,NULL),
(1025,88,4,19,4,2018,1800.00,0,'2018-04-14 06:08:51',1,NULL,NULL),
(1026,89,1,1,4,2018,1800.00,0,'2018-04-14 06:08:51',1,NULL,NULL),
(1027,89,4,19,4,2018,1800.00,0,'2018-04-14 06:08:51',1,NULL,NULL),
(1028,90,1,1,4,2018,1800.00,0,'2018-04-14 06:08:51',1,NULL,NULL),
(1029,90,4,19,4,2018,1800.00,0,'2018-04-14 06:08:51',1,NULL,NULL),
(1030,91,1,1,4,2018,1800.00,0,'2018-04-14 06:08:51',1,NULL,NULL),
(1031,91,4,19,4,2018,1800.00,0,'2018-04-14 06:08:51',1,NULL,NULL),
(1032,92,1,1,4,2018,1800.00,0,'2018-04-14 06:08:51',1,NULL,NULL),
(1033,92,4,19,4,2018,1800.00,0,'2018-04-14 06:08:51',1,NULL,NULL),
(1034,93,1,1,4,2018,1800.00,0,'2018-04-14 06:08:51',1,NULL,NULL),
(1035,93,4,19,4,2018,1800.00,0,'2018-04-14 06:08:51',1,NULL,NULL),
(1036,94,1,1,4,2018,1800.00,0,'2018-04-14 06:08:52',1,NULL,NULL),
(1037,94,4,19,4,2018,1800.00,0,'2018-04-14 06:08:52',1,NULL,NULL),
(1038,95,1,1,4,2018,1800.00,0,'2018-04-14 06:08:52',1,NULL,NULL),
(1039,95,4,19,4,2018,1800.00,0,'2018-04-14 06:08:52',1,NULL,NULL),
(1040,96,1,1,4,2018,1200.00,0,'2018-04-14 06:08:52',1,NULL,NULL),
(1041,96,4,19,4,2018,1200.00,0,'2018-04-14 06:08:52',1,NULL,NULL),
(1042,97,1,1,4,2018,1200.00,0,'2018-04-14 06:08:52',1,NULL,NULL),
(1043,97,4,19,4,2018,1200.00,0,'2018-04-14 06:08:52',1,NULL,NULL),
(1044,98,1,1,4,2018,1200.00,0,'2018-04-14 06:08:52',1,NULL,NULL),
(1045,98,4,19,4,2018,1200.00,0,'2018-04-14 06:08:52',1,NULL,NULL),
(1046,99,1,1,4,2018,1200.00,0,'2018-04-14 06:08:52',1,NULL,NULL),
(1047,99,4,19,4,2018,1200.00,0,'2018-04-14 06:08:52',1,NULL,NULL),
(1048,100,1,1,4,2018,1200.00,0,'2018-04-14 06:08:53',1,NULL,NULL),
(1049,100,4,19,4,2018,1200.00,0,'2018-04-14 06:08:53',1,NULL,NULL),
(1050,101,1,1,4,2018,1200.00,0,'2018-04-14 06:08:53',1,NULL,NULL),
(1051,101,4,19,4,2018,1200.00,0,'2018-04-14 06:08:53',1,NULL,NULL),
(1052,102,1,1,4,2018,1200.00,0,'2018-04-14 06:08:53',1,NULL,NULL),
(1053,102,4,19,4,2018,1200.00,0,'2018-04-14 06:08:53',1,NULL,NULL),
(1054,103,1,1,4,2018,1200.00,0,'2018-04-14 06:08:53',1,NULL,NULL),
(1055,103,4,19,4,2018,1200.00,0,'2018-04-14 06:08:53',1,NULL,NULL),
(1056,104,1,1,4,2018,1000.00,0,'2018-04-14 06:08:54',1,NULL,NULL),
(1057,104,4,19,4,2018,1000.00,0,'2018-04-14 06:08:54',1,NULL,NULL),
(1058,105,1,1,4,2018,1000.00,0,'2018-04-14 06:08:54',1,NULL,NULL),
(1059,105,4,19,4,2018,1000.00,0,'2018-04-14 06:08:54',1,NULL,NULL),
(1060,106,1,1,4,2018,1000.00,0,'2018-04-14 06:08:54',1,NULL,NULL),
(1061,106,4,19,4,2018,1000.00,0,'2018-04-14 06:08:54',1,NULL,NULL),
(1062,107,1,1,4,2018,800.00,0,'2018-04-14 06:08:54',1,NULL,NULL),
(1063,107,4,19,4,2018,800.00,0,'2018-04-14 06:08:54',1,NULL,NULL),
(1064,108,1,1,4,2018,800.00,0,'2018-04-14 06:08:55',1,NULL,NULL),
(1065,108,4,19,4,2018,800.00,0,'2018-04-14 06:08:55',1,NULL,NULL),
(1066,109,1,1,4,2018,800.00,0,'2018-04-14 06:08:55',1,NULL,NULL),
(1067,109,4,19,4,2018,800.00,0,'2018-04-14 06:08:55',1,NULL,NULL),
(1068,110,1,1,4,2018,800.00,0,'2018-04-14 06:08:55',1,NULL,NULL),
(1069,110,4,19,4,2018,800.00,0,'2018-04-14 06:08:55',1,NULL,NULL),
(1070,111,1,1,4,2018,800.00,0,'2018-04-14 06:08:55',1,NULL,NULL),
(1071,111,4,19,4,2018,800.00,0,'2018-04-14 06:08:55',1,NULL,NULL),
(1072,112,1,1,4,2018,800.00,0,'2018-04-14 06:08:55',1,NULL,NULL),
(1073,112,4,19,4,2018,800.00,0,'2018-04-14 06:08:55',1,NULL,NULL),
(1074,113,1,1,4,2018,1000.00,0,'2018-04-14 06:08:56',1,NULL,NULL),
(1075,113,4,19,4,2018,1000.00,0,'2018-04-14 06:08:56',1,NULL,NULL),
(1076,114,1,1,4,2018,1000.00,0,'2018-04-14 06:08:56',1,NULL,NULL),
(1077,114,4,19,4,2018,1000.00,0,'2018-04-14 06:08:56',1,NULL,NULL),
(1078,115,1,1,4,2018,1000.00,0,'2018-04-14 06:08:56',1,NULL,NULL),
(1079,115,4,19,4,2018,1000.00,0,'2018-04-14 06:08:56',1,NULL,NULL),
(1080,116,1,1,4,2018,2500.00,0,'2018-04-14 06:08:56',1,NULL,NULL),
(1081,116,4,19,4,2018,2500.00,0,'2018-04-14 06:08:56',1,NULL,NULL),
(1082,117,1,1,4,2018,2500.00,0,'2018-04-14 06:08:56',1,NULL,NULL),
(1083,117,4,19,4,2018,2500.00,0,'2018-04-14 06:08:57',1,NULL,NULL),
(1084,118,1,1,4,2018,2500.00,0,'2018-04-14 06:08:57',1,NULL,NULL),
(1085,118,4,19,4,2018,2500.00,0,'2018-04-14 06:08:57',1,NULL,NULL),
(1086,119,1,1,4,2018,2500.00,0,'2018-04-14 06:08:57',1,NULL,NULL),
(1087,119,4,19,4,2018,2500.00,0,'2018-04-14 06:08:57',1,NULL,NULL),
(1088,120,1,1,4,2018,1500.00,0,'2018-04-14 06:08:57',1,NULL,NULL),
(1089,120,4,19,4,2018,1500.00,0,'2018-04-14 06:08:57',1,NULL,NULL),
(1090,121,1,1,4,2018,1500.00,0,'2018-04-14 06:08:57',1,NULL,NULL),
(1091,121,4,19,4,2018,1500.00,0,'2018-04-14 06:08:57',1,NULL,NULL),
(1092,122,1,1,4,2018,1500.00,0,'2018-04-14 06:08:57',1,NULL,NULL),
(1093,122,4,19,4,2018,1500.00,0,'2018-04-14 06:08:57',1,NULL,NULL),
(1094,123,1,1,4,2018,1500.00,0,'2018-04-14 06:08:58',1,NULL,NULL),
(1095,123,4,19,4,2018,1500.00,0,'2018-04-14 06:08:58',1,NULL,NULL),
(1096,124,1,1,4,2018,1500.00,0,'2018-04-14 06:08:58',1,NULL,NULL),
(1097,124,4,19,4,2018,1500.00,0,'2018-04-14 06:08:58',1,NULL,NULL),
(1098,125,1,1,4,2018,1500.00,0,'2018-04-14 06:08:58',1,NULL,NULL),
(1099,125,4,19,4,2018,1500.00,0,'2018-04-14 06:08:58',1,NULL,NULL),
(1100,126,1,1,4,2018,1500.00,0,'2018-04-14 06:08:58',1,NULL,NULL),
(1101,126,4,19,4,2018,1500.00,0,'2018-04-14 06:08:58',1,NULL,NULL),
(1102,127,1,1,4,2018,2500.00,0,'2018-04-14 06:08:58',1,NULL,NULL),
(1103,127,4,19,4,2018,2500.00,0,'2018-04-14 06:08:58',1,NULL,NULL),
(1104,128,1,1,4,2018,2500.00,0,'2018-04-14 06:08:59',1,NULL,NULL),
(1105,128,4,19,4,2018,2500.00,0,'2018-04-14 06:08:59',1,NULL,NULL),
(1106,129,1,1,4,2018,2500.00,0,'2018-04-14 06:08:59',1,NULL,NULL),
(1107,129,4,19,4,2018,2500.00,0,'2018-04-14 06:08:59',1,NULL,NULL),
(1108,130,1,1,4,2018,2500.00,0,'2018-04-14 06:08:59',1,NULL,NULL),
(1109,130,4,19,4,2018,2500.00,0,'2018-04-14 06:08:59',1,NULL,NULL),
(1110,131,1,1,4,2018,2500.00,0,'2018-04-14 06:08:59',1,NULL,NULL),
(1111,131,4,19,4,2018,2500.00,0,'2018-04-14 06:08:59',1,NULL,NULL),
(1112,132,1,1,4,2018,2500.00,0,'2018-04-14 06:08:59',1,NULL,NULL),
(1113,132,4,19,4,2018,2500.00,0,'2018-04-14 06:08:59',1,NULL,NULL),
(1114,133,1,1,4,2018,2500.00,0,'2018-04-14 06:09:00',1,NULL,NULL),
(1115,133,4,19,4,2018,2500.00,0,'2018-04-14 06:09:00',1,NULL,NULL),
(1116,134,1,1,4,2018,2500.00,0,'2018-04-14 06:09:00',1,NULL,NULL),
(1117,134,4,19,4,2018,2500.00,0,'2018-04-14 06:09:00',1,NULL,NULL),
(1118,135,1,1,4,2018,2500.00,0,'2018-04-14 06:09:00',1,NULL,NULL),
(1119,135,4,19,4,2018,2500.00,0,'2018-04-14 06:09:00',1,NULL,NULL),
(1120,136,1,1,4,2018,1800.00,0,'2018-04-14 06:09:00',1,NULL,NULL),
(1121,136,4,19,4,2018,1800.00,0,'2018-04-14 06:09:00',1,NULL,NULL),
(1122,137,1,1,4,2018,1800.00,0,'2018-04-14 06:09:00',1,NULL,NULL),
(1123,137,4,19,4,2018,1800.00,0,'2018-04-14 06:09:00',1,NULL,NULL),
(1124,138,1,1,4,2018,1800.00,0,'2018-04-14 06:09:01',1,NULL,NULL),
(1125,138,4,19,4,2018,1800.00,0,'2018-04-14 06:09:01',1,NULL,NULL),
(1126,139,1,1,4,2018,1000.00,0,'2018-04-14 06:09:01',1,NULL,NULL),
(1127,139,4,19,4,2018,1000.00,0,'2018-04-14 06:09:01',1,NULL,NULL),
(1128,140,1,1,4,2018,1000.00,0,'2018-04-14 06:09:01',1,NULL,NULL),
(1129,140,4,19,4,2018,1000.00,0,'2018-04-14 06:09:01',1,NULL,NULL),
(1130,141,1,1,4,2018,1000.00,0,'2018-04-14 06:09:01',1,NULL,NULL),
(1131,141,4,19,4,2018,1000.00,0,'2018-04-14 06:09:01',1,NULL,NULL),
(1132,142,1,1,4,2018,1000.00,0,'2018-04-14 06:09:01',1,NULL,NULL),
(1133,142,4,19,4,2018,1000.00,0,'2018-04-14 06:09:02',1,NULL,NULL),
(1134,143,1,1,4,2018,1000.00,0,'2018-04-14 06:09:02',1,NULL,NULL),
(1135,143,4,19,4,2018,1000.00,0,'2018-04-14 06:09:02',1,NULL,NULL),
(1136,144,1,1,4,2018,1000.00,0,'2018-04-14 06:09:02',1,NULL,NULL),
(1137,144,4,19,4,2018,1000.00,0,'2018-04-14 06:09:02',1,NULL,NULL),
(1138,145,1,1,4,2018,1000.00,0,'2018-04-14 06:09:02',1,NULL,NULL),
(1139,145,4,19,4,2018,1000.00,0,'2018-04-14 06:09:02',1,NULL,NULL),
(1140,146,1,1,4,2018,1000.00,0,'2018-04-14 06:09:02',1,NULL,NULL),
(1141,146,4,19,4,2018,1000.00,0,'2018-04-14 06:09:02',1,NULL,NULL),
(1142,147,1,1,4,2018,1000.00,0,'2018-04-14 06:09:02',1,NULL,NULL),
(1143,147,4,19,4,2018,1000.00,0,'2018-04-14 06:09:02',1,NULL,NULL),
(1144,148,1,1,4,2018,1000.00,0,'2018-04-14 06:09:03',1,NULL,NULL),
(1145,148,4,19,4,2018,1000.00,0,'2018-04-14 06:09:03',1,NULL,NULL),
(1146,149,1,1,4,2018,1000.00,0,'2018-04-14 06:09:03',1,NULL,NULL),
(1147,149,4,19,4,2018,1000.00,0,'2018-04-14 06:09:03',1,NULL,NULL),
(1148,150,1,1,4,2018,1000.00,0,'2018-04-14 06:09:03',1,NULL,NULL),
(1149,150,4,19,4,2018,1000.00,0,'2018-04-14 06:09:03',1,NULL,NULL),
(1150,151,1,1,4,2018,1000.00,0,'2018-04-14 06:09:03',1,NULL,NULL),
(1151,151,4,19,4,2018,1000.00,0,'2018-04-14 06:09:03',1,NULL,NULL),
(1152,152,1,1,4,2018,3000.00,0,'2018-04-14 06:09:03',1,NULL,NULL),
(1153,152,4,19,4,2018,3000.00,0,'2018-04-14 06:09:03',1,NULL,NULL),
(1154,153,1,1,4,2018,2000.00,0,'2018-04-14 06:09:04',1,NULL,NULL),
(1155,153,4,19,4,2018,2000.00,0,'2018-04-14 06:09:04',1,NULL,NULL),
(1156,154,1,1,4,2018,2500.00,0,'2018-04-14 06:09:04',1,NULL,NULL),
(1157,154,4,19,4,2018,2500.00,0,'2018-04-14 06:09:04',1,NULL,NULL),
(1158,155,1,1,4,2018,2500.00,0,'2018-04-14 06:09:04',1,NULL,NULL),
(1159,155,4,19,4,2018,2500.00,0,'2018-04-14 06:09:04',1,NULL,NULL),
(1160,156,1,1,4,2018,2500.00,0,'2018-04-14 06:09:04',1,NULL,NULL),
(1161,156,4,19,4,2018,2500.00,0,'2018-04-14 06:09:04',1,NULL,NULL),
(1162,157,1,1,4,2018,2500.00,0,'2018-04-14 06:09:04',1,NULL,NULL),
(1163,157,4,19,4,2018,2500.00,0,'2018-04-14 06:09:04',1,NULL,NULL),
(1164,158,1,1,4,2018,2500.00,0,'2018-04-14 06:09:05',1,NULL,NULL),
(1165,158,4,19,4,2018,2500.00,0,'2018-04-14 06:09:05',1,NULL,NULL),
(1166,159,1,1,4,2018,2500.00,0,'2018-04-14 06:09:05',1,NULL,NULL),
(1167,159,4,19,4,2018,2500.00,0,'2018-04-14 06:09:05',1,NULL,NULL),
(1168,160,1,1,4,2018,2000.00,0,'2018-04-14 06:09:05',1,NULL,NULL),
(1169,160,4,19,4,2018,2000.00,0,'2018-04-14 06:09:05',1,NULL,NULL),
(1170,161,1,1,4,2018,2000.00,0,'2018-04-14 06:09:05',1,NULL,NULL),
(1171,161,4,19,4,2018,2000.00,0,'2018-04-14 06:09:05',1,NULL,NULL),
(1172,162,1,1,4,2018,2000.00,0,'2018-04-14 06:09:05',1,NULL,NULL),
(1173,162,4,19,4,2018,2000.00,0,'2018-04-14 06:09:05',1,NULL,NULL),
(1174,163,1,1,4,2018,2000.00,0,'2018-04-14 06:09:06',1,NULL,NULL),
(1175,163,4,19,4,2018,2000.00,0,'2018-04-14 06:09:06',1,NULL,NULL),
(1176,164,1,1,4,2018,2000.00,0,'2018-04-14 06:09:06',1,NULL,NULL),
(1177,164,4,19,4,2018,2000.00,0,'2018-04-14 06:09:06',1,NULL,NULL),
(1178,165,1,1,4,2018,2000.00,0,'2018-04-14 06:09:06',1,NULL,NULL),
(1179,165,4,19,4,2018,2000.00,0,'2018-04-14 06:09:06',1,NULL,NULL),
(1180,166,1,1,4,2018,2000.00,0,'2018-04-14 06:09:06',1,NULL,NULL),
(1181,166,4,19,4,2018,2000.00,0,'2018-04-14 06:09:06',1,NULL,NULL),
(1182,167,1,1,4,2018,8000.00,0,'2018-04-14 06:09:06',1,NULL,NULL),
(1183,167,4,19,4,2018,8000.00,0,'2018-04-14 06:09:06',1,NULL,NULL),
(1184,168,1,1,4,2018,1800.00,0,'2018-04-14 06:09:07',1,NULL,NULL),
(1185,168,4,19,4,2018,1800.00,0,'2018-04-14 06:09:07',1,NULL,NULL),
(1186,169,1,1,4,2018,2200.00,0,'2018-04-14 06:09:07',1,NULL,NULL),
(1187,169,4,19,4,2018,2200.00,0,'2018-04-14 06:09:07',1,NULL,NULL),
(1188,170,1,1,4,2018,2200.00,0,'2018-04-14 06:09:07',1,NULL,NULL),
(1189,170,4,19,4,2018,2200.00,0,'2018-04-14 06:09:07',1,NULL,NULL),
(1190,171,1,1,4,2018,2200.00,0,'2018-04-14 06:09:07',1,NULL,NULL),
(1191,171,4,19,4,2018,2200.00,0,'2018-04-14 06:09:07',1,NULL,NULL),
(1192,172,1,1,4,2018,2200.00,0,'2018-04-14 06:09:07',1,NULL,NULL),
(1193,172,4,19,4,2018,2200.00,0,'2018-04-14 06:09:07',1,NULL,NULL),
(1194,173,1,1,4,2018,2200.00,0,'2018-04-14 06:09:08',1,NULL,NULL),
(1195,173,4,19,4,2018,2200.00,0,'2018-04-14 06:09:08',1,NULL,NULL),
(1196,174,1,1,4,2018,2200.00,0,'2018-04-14 06:09:08',1,NULL,NULL),
(1197,174,4,19,4,2018,2200.00,0,'2018-04-14 06:09:08',1,NULL,NULL),
(1198,175,1,1,4,2018,2200.00,0,'2018-04-14 06:09:08',1,NULL,NULL),
(1199,175,4,19,4,2018,2200.00,0,'2018-04-14 06:09:08',1,NULL,NULL),
(1200,176,1,1,4,2018,2200.00,0,'2018-04-14 06:09:08',1,NULL,NULL),
(1201,176,4,19,4,2018,2200.00,0,'2018-04-14 06:09:08',1,NULL,NULL),
(1202,177,1,1,4,2018,2800.00,0,'2018-04-14 06:09:08',1,NULL,NULL),
(1203,177,4,19,4,2018,2800.00,0,'2018-04-14 06:09:08',1,NULL,NULL),
(1204,178,1,1,4,2018,2800.00,0,'2018-04-14 06:09:09',1,NULL,NULL),
(1205,178,4,19,4,2018,2800.00,0,'2018-04-14 06:09:09',1,NULL,NULL),
(1206,179,1,1,4,2018,2800.00,0,'2018-04-14 06:09:09',1,NULL,NULL),
(1207,179,4,19,4,2018,2800.00,0,'2018-04-14 06:09:09',1,NULL,NULL),
(1208,180,1,1,4,2018,2800.00,0,'2018-04-14 06:09:09',1,NULL,NULL),
(1209,180,4,19,4,2018,2800.00,0,'2018-04-14 06:09:09',1,NULL,NULL),
(1210,181,1,1,4,2018,2800.00,0,'2018-04-14 06:09:09',1,NULL,NULL),
(1211,181,4,19,4,2018,2800.00,0,'2018-04-14 06:09:09',1,NULL,NULL),
(1212,182,1,1,4,2018,2800.00,0,'2018-04-14 06:09:09',1,NULL,NULL),
(1213,182,4,19,4,2018,2800.00,0,'2018-04-14 06:09:09',1,NULL,NULL),
(1214,183,1,1,4,2018,2800.00,0,'2018-04-14 06:09:10',1,NULL,NULL),
(1215,183,4,19,4,2018,2800.00,0,'2018-04-14 06:09:10',1,NULL,NULL),
(1216,184,1,1,4,2018,2800.00,0,'2018-04-14 06:09:10',1,NULL,NULL),
(1217,184,4,19,4,2018,2800.00,0,'2018-04-14 06:09:10',1,NULL,NULL),
(1218,185,1,1,4,2018,2800.00,0,'2018-04-14 06:09:10',1,NULL,NULL),
(1219,185,4,19,4,2018,2800.00,0,'2018-04-14 06:09:10',1,NULL,NULL),
(1220,186,1,1,4,2018,2800.00,0,'2018-04-14 06:09:10',1,NULL,NULL),
(1221,186,4,19,4,2018,2800.00,0,'2018-04-14 06:09:10',1,NULL,NULL),
(1222,187,1,1,4,2018,7000.00,0,'2018-04-14 06:09:10',1,NULL,NULL),
(1223,187,4,19,4,2018,7000.00,0,'2018-04-14 06:09:10',1,NULL,NULL),
(1224,188,1,1,4,2018,2300.00,0,'2018-04-14 06:09:11',1,NULL,NULL),
(1225,188,4,19,4,2018,2300.00,0,'2018-04-14 06:09:11',1,NULL,NULL),
(1226,189,1,1,4,2018,10000.00,0,'2018-04-14 06:09:11',1,NULL,NULL),
(1227,189,4,19,4,2018,10000.00,0,'2018-04-14 06:09:11',1,NULL,NULL),
(1228,190,1,1,4,2018,2300.00,0,'2018-04-14 06:09:11',1,NULL,NULL),
(1229,190,4,19,4,2018,2300.00,0,'2018-04-14 06:09:11',1,NULL,NULL),
(1230,191,1,1,4,2018,6000.00,2,'2018-04-14 06:09:11',1,'2018-04-14 06:10:12',1),
(1231,191,4,19,4,2018,5000.00,1,'2018-04-14 06:09:11',1,'2018-04-14 06:10:12',1),
(1232,192,1,1,4,2018,20000.00,1,'2018-04-14 07:36:20',1,'2018-04-14 07:38:49',1),
(1233,192,4,19,4,2018,20000.00,1,'2018-04-14 07:37:26',1,'2018-04-14 07:38:49',1);

/*Table structure for table `re_occupancy_term` */

DROP TABLE IF EXISTS `re_occupancy_term`;

CREATE TABLE `re_occupancy_term` (
  `id` int(11) NOT NULL AUTO_INCREMENT,
  `fk_occupancy_id` int(11) DEFAULT NULL,
  `fk_property_term_id` int(11) DEFAULT NULL,
  `value` varchar(200) DEFAULT NULL,
  `term_date` date DEFAULT NULL,
  `date_signed` date DEFAULT NULL,
  `_status` int(11) DEFAULT NULL,
  `date_created` datetime DEFAULT NULL,
  `created_by` int(11) DEFAULT NULL,
  `date_modified` datetime DEFAULT NULL,
  `modified_by` int(11) DEFAULT NULL,
  PRIMARY KEY (`id`),
  KEY `fk_occupancy_id` (`fk_occupancy_id`),
  KEY `fk_property_term_id` (`fk_property_term_id`),
  CONSTRAINT `re_occupancy_term_ibfk_1` FOREIGN KEY (`fk_occupancy_id`) REFERENCES `re_occupancy` (`id`) ON DELETE NO ACTION ON UPDATE CASCADE,
  CONSTRAINT `re_occupancy_term_ibfk_2` FOREIGN KEY (`fk_property_term_id`) REFERENCES `re_property_term` (`id`) ON DELETE NO ACTION ON UPDATE CASCADE
) ENGINE=InnoDB AUTO_INCREMENT=9 DEFAULT CHARSET=latin1;

/*Data for the table `re_occupancy_term` */

insert  into `re_occupancy_term`(`id`,`fk_occupancy_id`,`fk_property_term_id`,`value`,`term_date`,`date_signed`,`_status`,`date_created`,`created_by`,`date_modified`,`modified_by`) values 
(1,18,14,'7500','2018-01-01','2018-01-01',1,NULL,NULL,NULL,NULL),
(2,18,15,'10','2018-01-01','2018-01-01',1,NULL,NULL,NULL,NULL),
(3,31,21,'2500','2018-03-01','2018-03-01',1,NULL,NULL,NULL,NULL),
(4,31,26,'500','2018-04-01','2018-04-01',1,NULL,NULL,NULL,NULL),
(5,70,82,'3500','2018-04-01','2018-04-01',1,NULL,NULL,NULL,NULL),
(6,29,21,'2500','2018-04-01','2018-04-01',1,NULL,NULL,NULL,NULL),
(7,191,66,'6000','2018-04-01','1970-01-01',1,NULL,NULL,NULL,NULL),
(8,191,72,'500','2018-04-01','1970-01-01',1,NULL,NULL,NULL,NULL);

/*Table structure for table `re_preference` */

DROP TABLE IF EXISTS `re_preference`;

CREATE TABLE `re_preference` (
  `id` int(11) NOT NULL AUTO_INCREMENT,
  `fk_feature` int(11) DEFAULT NULL,
  `preference_title` varchar(200) DEFAULT NULL,
  `preference_desc` text,
  `_status` int(11) DEFAULT NULL,
  `date_created` datetime DEFAULT NULL,
  `created_by` int(11) DEFAULT NULL,
  `date_modified` datetime DEFAULT NULL,
  `modified_by` int(11) DEFAULT NULL,
  PRIMARY KEY (`id`),
  KEY `fk_feature` (`fk_feature`),
  CONSTRAINT `re_preference_ibfk_1` FOREIGN KEY (`fk_feature`) REFERENCES `re_feature` (`id`) ON DELETE NO ACTION ON UPDATE CASCADE
) ENGINE=InnoDB DEFAULT CHARSET=latin1;

/*Data for the table `re_preference` */

/*Table structure for table `re_property` */

DROP TABLE IF EXISTS `re_property`;

CREATE TABLE `re_property` (
  `id` int(11) NOT NULL AUTO_INCREMENT,
  `property_name` varchar(200) DEFAULT NULL,
  `property_desc` text,
  `fk_property_location` int(11) DEFAULT NULL,
  `property_type` int(11) DEFAULT NULL,
  `management_id` int(200) DEFAULT NULL,
  `owner_id` int(11) DEFAULT NULL,
  `property_video_url` text,
  `_status` int(11) DEFAULT NULL,
  `date_created` datetime DEFAULT NULL,
  `created_by` int(11) DEFAULT NULL,
  `date_modified` datetime DEFAULT NULL,
  `modified_by` int(11) DEFAULT NULL,
  PRIMARY KEY (`id`),
  KEY `management_id` (`management_id`),
  KEY `owner_id` (`owner_id`),
  KEY `property_location` (`fk_property_location`),
  CONSTRAINT `re_property_ibfk_1` FOREIGN KEY (`management_id`) REFERENCES `re_management` (`id`) ON DELETE NO ACTION ON UPDATE CASCADE,
  CONSTRAINT `re_property_ibfk_2` FOREIGN KEY (`owner_id`) REFERENCES `sys_users` (`id`) ON DELETE NO ACTION ON UPDATE CASCADE,
  CONSTRAINT `re_property_ibfk_3` FOREIGN KEY (`fk_property_location`) REFERENCES `re_estate` (`id`) ON DELETE NO ACTION ON UPDATE CASCADE
) ENGINE=InnoDB AUTO_INCREMENT=43 DEFAULT CHARSET=latin1;

/*Data for the table `re_property` */

insert  into `re_property`(`id`,`property_name`,`property_desc`,`fk_property_location`,`property_type`,`management_id`,`owner_id`,`property_video_url`,`_status`,`date_created`,`created_by`,`date_modified`,`modified_by`) values 
(10,'Maku Apartment','',4,4,2,16,NULL,1,NULL,NULL,NULL,NULL),
(11,'Kajole Apartments','',1,1,2,21,NULL,1,NULL,NULL,NULL,NULL),
(12,'Katiku Apartments','',5,1,2,33,NULL,1,NULL,NULL,NULL,NULL),
(13,'Fatuma Apartments','',5,1,2,37,NULL,1,NULL,NULL,NULL,NULL),
(14,'Goe Apartments','',5,1,2,44,NULL,1,NULL,NULL,NULL,NULL),
(15,'Alice Apartments','',5,1,2,57,NULL,1,NULL,NULL,NULL,NULL),
(16,'Kaingu Apartments','',5,1,2,64,NULL,1,NULL,NULL,NULL,NULL),
(17,'Rosemary Apartments','',5,3,2,66,NULL,1,NULL,NULL,NULL,NULL),
(18,'Patience Apartments','',5,1,2,68,NULL,1,NULL,NULL,NULL,NULL),
(19,'Elizabeth Apartmet','',5,1,2,73,NULL,1,NULL,NULL,NULL,NULL),
(20,'Kanyetta Apartment','',5,1,2,85,NULL,1,NULL,NULL,NULL,NULL),
(21,'Monicah Apartment','',5,1,2,98,NULL,1,NULL,NULL,NULL,NULL),
(22,'Jenni Apartments','',5,1,2,107,NULL,1,NULL,NULL,NULL,NULL),
(23,'Ester Apartment','',5,1,2,116,NULL,1,NULL,NULL,NULL,NULL),
(24,'Patience Apartments','',4,1,2,120,NULL,1,NULL,NULL,NULL,NULL),
(25,'Mercy Apartments','',5,1,2,127,NULL,1,NULL,NULL,NULL,NULL),
(26,'Omar Apartment','',5,1,2,132,NULL,1,NULL,NULL,NULL,NULL),
(27,'Changawa Apartments','',5,1,2,137,NULL,1,NULL,NULL,NULL,NULL),
(28,'Newton Apartment','',5,1,2,145,NULL,2,NULL,NULL,NULL,NULL),
(29,'Mary Apartments','',5,1,2,156,NULL,1,NULL,NULL,NULL,NULL),
(30,'Flo Apartment','',5,1,2,160,NULL,1,NULL,NULL,NULL,NULL),
(31,'Linah Apartments','',5,1,2,175,NULL,1,NULL,NULL,NULL,NULL),
(32,'Swaleh Apartment','',5,1,2,177,NULL,1,NULL,NULL,NULL,NULL),
(33,'Nasoro Apartments','',5,1,2,179,NULL,1,NULL,NULL,NULL,NULL),
(34,'Mundu Apartments','',5,1,2,186,NULL,1,NULL,NULL,NULL,NULL),
(35,'Loyce Apartment','',5,1,2,192,NULL,1,NULL,NULL,NULL,NULL),
(36,'Salama Apartment','',5,4,2,196,NULL,1,NULL,NULL,NULL,NULL),
(37,'Jimmy Apartment','',5,1,2,198,NULL,1,NULL,NULL,NULL,NULL),
(38,'lewa Apartment','',5,1,2,200,NULL,1,NULL,NULL,NULL,NULL),
(39,'Lenox appartments','stable',5,1,2,209,NULL,1,NULL,NULL,NULL,NULL),
(40,'Agnes apartment','',4,1,2,221,NULL,1,NULL,NULL,NULL,NULL),
(41,'Auma Homes','',4,4,2,227,NULL,1,NULL,NULL,NULL,NULL),
(42,'Bofa Villas','',4,5,2,233,NULL,1,NULL,NULL,NULL,NULL);

/*Table structure for table `re_property_area` */

DROP TABLE IF EXISTS `re_property_area`;

CREATE TABLE `re_property_area` (
  `id` int(11) NOT NULL AUTO_INCREMENT,
  `fk_property_id` int(11) DEFAULT NULL,
  `fk_sub_location_id` int(11) DEFAULT NULL,
  `area_desc` text,
  `area_name` varchar(200) DEFAULT NULL,
  `fk_estate_id` int(200) DEFAULT NULL,
  `_status` int(11) DEFAULT NULL,
  `date_created` datetime DEFAULT NULL,
  `created_by` int(11) DEFAULT NULL,
  `date_modified` datetime DEFAULT NULL,
  `modified_by` int(11) DEFAULT NULL,
  PRIMARY KEY (`id`),
  KEY `fk_property_id` (`fk_property_id`),
  KEY `fk_sub_location_id` (`fk_sub_location_id`),
  CONSTRAINT `re_property_area_ibfk_1` FOREIGN KEY (`fk_property_id`) REFERENCES `re_property` (`id`) ON DELETE NO ACTION ON UPDATE CASCADE,
  CONSTRAINT `re_property_area_ibfk_2` FOREIGN KEY (`fk_sub_location_id`) REFERENCES `re_sub_location` (`id`) ON DELETE NO ACTION ON UPDATE CASCADE
) ENGINE=InnoDB DEFAULT CHARSET=latin1;

/*Data for the table `re_property_area` */

/*Table structure for table `re_property_feature` */

DROP TABLE IF EXISTS `re_property_feature`;

CREATE TABLE `re_property_feature` (
  `id` int(11) NOT NULL AUTO_INCREMENT,
  `fk_feature` int(11) DEFAULT NULL,
  `fk_property_id` int(11) DEFAULT NULL,
  `fk_sublet_id` int(11) DEFAULT NULL,
  `feature_narration` text,
  `feature_video_url` text,
  `_status` int(11) DEFAULT NULL,
  `date_created` datetime DEFAULT NULL,
  `created_by` int(11) DEFAULT NULL,
  `date_modified` datetime DEFAULT NULL,
  `modified_by` int(11) DEFAULT NULL,
  PRIMARY KEY (`id`),
  KEY `fk_feature` (`fk_feature`),
  KEY `fk_property_id` (`fk_property_id`),
  KEY `fk_sublet_id` (`fk_sublet_id`),
  CONSTRAINT `re_property_feature_ibfk_1` FOREIGN KEY (`fk_feature`) REFERENCES `re_feature` (`id`) ON DELETE NO ACTION ON UPDATE CASCADE,
  CONSTRAINT `re_property_feature_ibfk_2` FOREIGN KEY (`fk_property_id`) REFERENCES `re_property` (`id`) ON DELETE NO ACTION ON UPDATE CASCADE,
  CONSTRAINT `re_property_feature_ibfk_3` FOREIGN KEY (`fk_sublet_id`) REFERENCES `re_property_sublet` (`id`) ON DELETE NO ACTION ON UPDATE CASCADE
) ENGINE=InnoDB AUTO_INCREMENT=15 DEFAULT CHARSET=latin1;

/*Data for the table `re_property_feature` */

insert  into `re_property_feature`(`id`,`fk_feature`,`fk_property_id`,`fk_sublet_id`,`feature_narration`,`feature_video_url`,`_status`,`date_created`,`created_by`,`date_modified`,`modified_by`) values 
(1,4,11,18,'Free',NULL,1,NULL,NULL,NULL,NULL),
(2,5,11,18,'',NULL,1,NULL,NULL,NULL,NULL),
(3,6,11,18,'',NULL,1,NULL,NULL,NULL,NULL),
(4,4,12,18,'',NULL,1,NULL,NULL,NULL,NULL),
(5,5,13,NULL,'',NULL,1,NULL,NULL,NULL,NULL),
(6,5,16,NULL,'',NULL,1,NULL,NULL,NULL,NULL),
(7,1,40,NULL,'',NULL,1,NULL,NULL,NULL,NULL),
(8,2,40,NULL,'',NULL,1,NULL,NULL,NULL,NULL),
(9,3,40,NULL,'',NULL,1,NULL,NULL,NULL,NULL),
(10,5,40,NULL,'',NULL,1,NULL,NULL,NULL,NULL),
(11,6,40,NULL,'',NULL,1,NULL,NULL,NULL,NULL),
(12,5,42,NULL,'',NULL,1,NULL,NULL,NULL,NULL),
(13,4,42,NULL,'',NULL,1,NULL,NULL,NULL,NULL),
(14,6,42,NULL,'',NULL,1,NULL,NULL,NULL,NULL);

/*Table structure for table `re_property_feature_image` */

DROP TABLE IF EXISTS `re_property_feature_image`;

CREATE TABLE `re_property_feature_image` (
  `id` int(11) NOT NULL AUTO_INCREMENT,
  `fk_property_feature_id` int(11) DEFAULT NULL,
  `image_name` text,
  `image_url` text,
  `image_title` varchar(200) DEFAULT NULL,
  `image_caption` text,
  `_status` int(11) DEFAULT NULL,
  `date_created` datetime DEFAULT NULL,
  `created_by` int(11) DEFAULT NULL,
  `date_modified` datetime DEFAULT NULL,
  `modified_by` int(11) DEFAULT NULL,
  PRIMARY KEY (`id`),
  KEY `fk_property_feature_id` (`fk_property_feature_id`),
  CONSTRAINT `re_property_feature_image_ibfk_1` FOREIGN KEY (`fk_property_feature_id`) REFERENCES `re_property_feature` (`id`) ON DELETE NO ACTION ON UPDATE CASCADE
) ENGINE=InnoDB DEFAULT CHARSET=latin1;

/*Data for the table `re_property_feature_image` */

/*Table structure for table `re_property_sublet` */

DROP TABLE IF EXISTS `re_property_sublet`;

CREATE TABLE `re_property_sublet` (
  `id` int(11) NOT NULL AUTO_INCREMENT,
  `fk_property_id` int(11) DEFAULT NULL,
  `sublet_name` varchar(200) DEFAULT NULL,
  `sublet_desc` text,
  `_status` int(11) DEFAULT NULL,
  `date_created` datetime DEFAULT NULL,
  `created_by` int(11) DEFAULT NULL,
  `date_modified` datetime DEFAULT NULL,
  `modified_by` int(11) DEFAULT NULL,
  PRIMARY KEY (`id`)
) ENGINE=InnoDB AUTO_INCREMENT=235 DEFAULT CHARSET=latin1;

/*Data for the table `re_property_sublet` */

insert  into `re_property_sublet`(`id`,`fk_property_id`,`sublet_name`,`sublet_desc`,`_status`,`date_created`,`created_by`,`date_modified`,`modified_by`) values 
(18,10,'Unit 1','',1,NULL,NULL,NULL,NULL),
(19,10,'Unit 2','',1,NULL,NULL,NULL,NULL),
(20,10,'Unit 3','',2,NULL,NULL,NULL,NULL),
(21,10,'Unit 4','',1,NULL,NULL,NULL,NULL),
(22,11,'Unit 1','',1,NULL,NULL,NULL,NULL),
(23,11,'Unit 2','',1,NULL,NULL,NULL,NULL),
(24,11,'Unit 3','',1,NULL,NULL,NULL,NULL),
(25,11,'Unit 4','',1,NULL,NULL,NULL,NULL),
(26,11,'Unit 5','',1,NULL,NULL,NULL,NULL),
(27,11,'Unit 6','',1,NULL,NULL,NULL,NULL),
(28,11,'Unit 7','',1,NULL,NULL,NULL,NULL),
(29,11,'Unit 8','',1,NULL,NULL,NULL,NULL),
(30,11,'Unit 9','',1,NULL,NULL,NULL,NULL),
(31,11,'Unit 10','',1,NULL,NULL,NULL,NULL),
(32,11,'Unit 11','',1,NULL,NULL,NULL,NULL),
(33,11,'Unit 12','',1,NULL,NULL,NULL,NULL),
(34,12,'Unit 1','',1,NULL,NULL,NULL,NULL),
(35,12,'Unit 2','',1,NULL,NULL,NULL,NULL),
(36,12,'Unit 3','',1,NULL,NULL,NULL,NULL),
(37,12,'Unit 4','',1,NULL,NULL,NULL,NULL),
(38,13,'Unit 2','',1,NULL,NULL,NULL,NULL),
(39,13,'Unit 3','',1,NULL,NULL,NULL,NULL),
(40,13,'Unit 1','',1,NULL,NULL,NULL,NULL),
(41,13,'Unit 4','',1,NULL,NULL,NULL,NULL),
(42,13,'Unit 5','',1,NULL,NULL,NULL,NULL),
(43,13,'Unit 6','',1,NULL,NULL,NULL,NULL),
(44,14,'Unit 1','',1,NULL,NULL,NULL,NULL),
(45,14,'Unit 2','',1,NULL,NULL,NULL,NULL),
(46,14,'Unit 3','',1,NULL,NULL,NULL,NULL),
(47,14,'Unit 6','',1,NULL,NULL,NULL,NULL),
(48,14,'Unit 4','',1,NULL,NULL,NULL,NULL),
(49,14,'Unit 5','',1,NULL,NULL,NULL,NULL),
(50,14,'Unit 7','',1,NULL,NULL,NULL,NULL),
(51,14,'Unit 10','',1,NULL,NULL,NULL,NULL),
(52,14,'Unit 11','',1,NULL,NULL,NULL,NULL),
(53,14,'Unit 12','',1,NULL,NULL,NULL,NULL),
(54,14,'Unit 8','',1,NULL,NULL,NULL,NULL),
(55,14,'Unit 9','',1,NULL,NULL,NULL,NULL),
(56,15,'Unit 1','',1,NULL,NULL,NULL,NULL),
(57,15,'Unit 2','',1,NULL,NULL,NULL,NULL),
(58,15,'Unit 3','',1,NULL,NULL,NULL,NULL),
(59,15,'Unit 4','',1,NULL,NULL,NULL,NULL),
(60,15,'Unit 5','',1,NULL,NULL,NULL,NULL),
(61,15,'Unit 6','',1,NULL,NULL,NULL,NULL),
(62,15,'Unit 7','',1,NULL,NULL,NULL,NULL),
(63,16,'Unit 1','',1,NULL,NULL,NULL,NULL),
(64,17,'Unit 1','',1,NULL,NULL,NULL,NULL),
(65,18,'Unit 1','',1,NULL,NULL,NULL,NULL),
(66,18,'Unit 2','',1,NULL,NULL,NULL,NULL),
(67,18,'Unit 3','',1,NULL,NULL,NULL,NULL),
(68,18,'Unit 4','',1,NULL,NULL,NULL,NULL),
(69,19,'Unit 1','',1,NULL,NULL,NULL,NULL),
(70,19,'Unit 2','',1,NULL,NULL,NULL,NULL),
(71,19,'Unit 3','',1,NULL,NULL,NULL,NULL),
(72,19,'Unit 4','',1,NULL,NULL,NULL,NULL),
(73,19,'Unit 5','',1,NULL,NULL,NULL,NULL),
(74,19,'Unit 6','',1,NULL,NULL,NULL,NULL),
(75,19,'unit','',1,NULL,NULL,NULL,NULL),
(76,19,'Unit 7','',1,NULL,NULL,NULL,NULL),
(77,19,'Unit 8','',1,NULL,NULL,NULL,NULL),
(78,19,'Unit 9','',1,NULL,NULL,NULL,NULL),
(79,19,'Unit 9','',1,NULL,NULL,NULL,NULL),
(80,19,'Unit 10','',1,NULL,NULL,NULL,NULL),
(81,19,'Unit 11','',1,NULL,NULL,NULL,NULL),
(82,19,'Unit 12','',1,NULL,NULL,NULL,NULL),
(83,20,'Unit 1','',1,NULL,NULL,NULL,NULL),
(84,20,'Unit 2','',1,NULL,NULL,NULL,NULL),
(85,20,'Unit 3','',1,NULL,NULL,NULL,NULL),
(86,20,'Unit 4','',1,NULL,NULL,NULL,NULL),
(87,20,'Unit 5','',1,NULL,NULL,NULL,NULL),
(88,20,'Unit 6','',1,NULL,NULL,NULL,NULL),
(89,20,'Unit 6','',1,NULL,NULL,NULL,NULL),
(90,20,'Unit 7','',1,NULL,NULL,NULL,NULL),
(91,20,'Unit 8','',1,NULL,NULL,NULL,NULL),
(92,20,'Unit 9','',1,NULL,NULL,NULL,NULL),
(93,20,'Unit 10','',1,NULL,NULL,NULL,NULL),
(94,20,'Unit 11','',1,NULL,NULL,NULL,NULL),
(95,20,'Unit 13','',1,NULL,NULL,NULL,NULL),
(96,20,'Unit 12','',1,NULL,NULL,NULL,NULL),
(97,21,'Unit 1','',1,NULL,NULL,NULL,NULL),
(98,21,'Unit 2','',1,NULL,NULL,NULL,NULL),
(99,21,'Unit 3','',1,NULL,NULL,NULL,NULL),
(100,21,'Unit 4','',1,NULL,NULL,NULL,NULL),
(101,21,'Unit 5','',1,NULL,NULL,NULL,NULL),
(102,21,'Unit 6','',1,NULL,NULL,NULL,NULL),
(103,21,'Unit 7','',1,NULL,NULL,NULL,NULL),
(104,21,'Unit 8','',1,NULL,NULL,NULL,NULL),
(105,21,'Unit 9','',1,NULL,NULL,NULL,NULL),
(106,22,'Unit 5','',1,NULL,NULL,NULL,NULL),
(107,22,'Unit 1','',1,NULL,NULL,NULL,NULL),
(108,22,'Unit 2','',1,NULL,NULL,NULL,NULL),
(109,22,'Unit 3','',1,NULL,NULL,NULL,NULL),
(110,22,'Unit 4','',1,NULL,NULL,NULL,NULL),
(111,22,'Unit 6','',1,NULL,NULL,NULL,NULL),
(112,22,'Unit 7','',1,NULL,NULL,NULL,NULL),
(113,22,'Unit 8','',1,NULL,NULL,NULL,NULL),
(114,22,'Unit 9','',1,NULL,NULL,NULL,NULL),
(115,22,'Unit 10','',1,NULL,NULL,NULL,NULL),
(116,22,'Unit 11','',1,NULL,NULL,NULL,NULL),
(117,23,'Unit 1','',1,NULL,NULL,NULL,NULL),
(118,23,'Unit 2','',1,NULL,NULL,NULL,NULL),
(119,23,'Unit 3','',1,NULL,NULL,NULL,NULL),
(120,24,'Unit 2','',1,NULL,NULL,NULL,NULL),
(121,24,'Unit 1','',1,NULL,NULL,NULL,NULL),
(122,24,'Unit 3','',1,NULL,NULL,NULL,NULL),
(123,24,'Unit 4','',1,NULL,NULL,NULL,NULL),
(124,24,'Unit 5','',1,NULL,NULL,NULL,NULL),
(125,24,'Unit 6','',1,NULL,NULL,NULL,NULL),
(126,25,'Unit 1','',1,NULL,NULL,NULL,NULL),
(127,25,'Unit 2','',1,NULL,NULL,NULL,NULL),
(128,25,'Unit 4','',1,NULL,NULL,NULL,NULL),
(129,25,'Unit 3','',1,NULL,NULL,NULL,NULL),
(130,26,'Unit 1','',1,NULL,NULL,NULL,NULL),
(131,26,'Unit 3','',1,NULL,NULL,NULL,NULL),
(132,26,'Unit 2','',1,NULL,NULL,NULL,NULL),
(133,26,'Unit 4','',1,NULL,NULL,NULL,NULL),
(134,26,'Unit 5','',1,NULL,NULL,NULL,NULL),
(135,26,'Unit 6','',1,NULL,NULL,NULL,NULL),
(136,26,'Unit 7','',1,NULL,NULL,NULL,NULL),
(137,27,'Unit 1','',1,NULL,NULL,NULL,NULL),
(138,27,'Unit 2','',1,NULL,NULL,NULL,NULL),
(139,27,'Unit 3','',1,NULL,NULL,NULL,NULL),
(140,27,'Unit 4','',1,NULL,NULL,NULL,NULL),
(141,27,'Unit 5','',1,NULL,NULL,NULL,NULL),
(142,27,'Unit 6','',1,NULL,NULL,NULL,NULL),
(143,27,'Unit 7','',1,NULL,NULL,NULL,NULL),
(144,27,'Unit 8','',1,NULL,NULL,NULL,NULL),
(145,28,'Unit 1','',NULL,NULL,NULL,NULL,NULL),
(146,28,'Unit 2','',NULL,NULL,NULL,NULL,NULL),
(147,28,'Unit 3','',NULL,NULL,NULL,NULL,NULL),
(148,28,'Unit 4','',NULL,NULL,NULL,NULL,NULL),
(149,28,'Unit 5','',NULL,NULL,NULL,NULL,NULL),
(150,28,'Unit 6','',NULL,NULL,NULL,NULL,NULL),
(151,28,'Unit 7','',NULL,NULL,NULL,NULL,NULL),
(152,28,'Unit 8','',NULL,NULL,NULL,NULL,NULL),
(153,28,'Unit 9','',NULL,NULL,NULL,NULL,NULL),
(154,28,'Unit 10','',NULL,NULL,NULL,NULL,NULL),
(155,28,'Unit 10','',NULL,NULL,NULL,NULL,NULL),
(156,28,'Unit 12','',NULL,NULL,NULL,NULL,NULL),
(157,29,'Unit 1','',1,NULL,NULL,NULL,NULL),
(158,29,'Unit 2','',1,NULL,NULL,NULL,NULL),
(159,29,'Unit 3','',1,NULL,NULL,NULL,NULL),
(160,30,'Unit 1','',1,NULL,NULL,NULL,NULL),
(161,30,'Unit 2','',1,NULL,NULL,NULL,NULL),
(162,30,'Unit 3','',1,NULL,NULL,NULL,NULL),
(163,30,'Unit 4','',1,NULL,NULL,NULL,NULL),
(164,30,'Unit 5','',1,NULL,NULL,NULL,NULL),
(165,30,'Unit 6','',1,NULL,NULL,NULL,NULL),
(166,30,'Unit 7','',1,NULL,NULL,NULL,NULL),
(167,30,'Unit 8','',1,NULL,NULL,NULL,NULL),
(168,30,'Unit 9','',1,NULL,NULL,NULL,NULL),
(169,30,'Unit 10','',1,NULL,NULL,NULL,NULL),
(170,30,'Unit 11','',1,NULL,NULL,NULL,NULL),
(171,30,'Unit 13','',1,NULL,NULL,NULL,NULL),
(172,30,'Unit 12','',1,NULL,NULL,NULL,NULL),
(173,31,'Unit 1','',NULL,NULL,NULL,NULL,NULL),
(174,31,'ANNE','',NULL,NULL,NULL,NULL,NULL),
(175,32,'Unit 1','',NULL,NULL,NULL,NULL,NULL),
(176,33,'Unit 1','',1,NULL,NULL,NULL,NULL),
(177,33,'Unit 2','',1,NULL,NULL,NULL,NULL),
(178,33,'Unit 3','',1,NULL,NULL,NULL,NULL),
(179,33,'Unit 4','',1,NULL,NULL,NULL,NULL),
(180,33,'Unit 5','',1,NULL,NULL,NULL,NULL),
(181,33,'Unit 6','',1,NULL,NULL,NULL,NULL),
(182,33,'Unit 7','',1,NULL,NULL,NULL,NULL),
(183,33,'Unit 8','',1,NULL,NULL,NULL,NULL),
(184,33,'Unit 8','',1,NULL,NULL,NULL,NULL),
(185,33,'Unit 9','',1,NULL,NULL,NULL,NULL),
(186,34,'Unit 1','',1,NULL,NULL,NULL,NULL),
(187,34,'Unit 2','',1,NULL,NULL,NULL,NULL),
(188,34,'Unit 3','',1,NULL,NULL,NULL,NULL),
(189,34,'Unit 4','',1,NULL,NULL,NULL,NULL),
(190,34,'Unit 5','',1,NULL,NULL,NULL,NULL),
(191,34,'Unit 6','',1,NULL,NULL,NULL,NULL),
(192,34,'Unit 7','',1,NULL,NULL,NULL,NULL),
(193,34,'Unit 8','',1,NULL,NULL,NULL,NULL),
(194,35,'Unit 2','',1,NULL,NULL,NULL,NULL),
(195,35,'Unit 2','',1,NULL,NULL,NULL,NULL),
(196,35,'Unit 5','',1,NULL,NULL,NULL,NULL),
(197,35,'Unit 3','',1,NULL,NULL,NULL,NULL),
(198,35,'Unit 1','',1,NULL,NULL,NULL,NULL),
(199,35,'Unit 4','',1,NULL,NULL,NULL,NULL),
(200,36,'Unit 1','',1,NULL,NULL,NULL,NULL),
(201,37,'Unit 1','',1,NULL,NULL,NULL,NULL),
(202,38,'Unit 1','',1,NULL,NULL,NULL,NULL),
(203,38,'Unit 2','',1,NULL,NULL,NULL,NULL),
(204,38,'Unit 3','',1,NULL,NULL,NULL,NULL),
(205,38,'Unit 4','',1,NULL,NULL,NULL,NULL),
(206,38,'Unit 5','',1,NULL,NULL,NULL,NULL),
(207,38,'Unit 6','',1,NULL,NULL,NULL,NULL),
(208,38,'Unit 8','',1,NULL,NULL,NULL,NULL),
(209,38,'Unit 9','',1,NULL,NULL,NULL,NULL),
(210,38,'Unit 7','',1,NULL,NULL,NULL,NULL),
(211,39,'Unit 1','',1,NULL,NULL,NULL,NULL),
(212,39,'Unit 2','',1,NULL,NULL,NULL,NULL),
(213,39,'Unit 3','',1,NULL,NULL,NULL,NULL),
(214,39,'Unit 4','',1,NULL,NULL,NULL,NULL),
(215,39,'Unit 5','',1,NULL,NULL,NULL,NULL),
(216,39,'Unit 6','',1,NULL,NULL,NULL,NULL),
(217,39,'Unit 7','',1,NULL,NULL,NULL,NULL),
(218,39,'Unit 8','',1,NULL,NULL,NULL,NULL),
(219,39,'Unit 9','',1,NULL,NULL,NULL,NULL),
(220,39,'Unit 10','',1,NULL,NULL,NULL,NULL),
(221,39,'Unit 11','',1,NULL,NULL,NULL,NULL),
(222,39,'Unit 12','',1,NULL,NULL,NULL,NULL),
(223,40,'Unit 1','',1,NULL,NULL,NULL,NULL),
(224,40,'Unit 2','',1,NULL,NULL,NULL,NULL),
(225,40,'Unit 3','',1,NULL,NULL,NULL,NULL),
(226,40,'Unit 4','',1,NULL,NULL,NULL,NULL),
(227,40,'Unit 5','',1,NULL,NULL,NULL,NULL),
(228,40,'Unit 6','',1,NULL,NULL,NULL,NULL),
(229,41,'Unit 1','',1,NULL,NULL,NULL,NULL),
(230,41,'Unit 2','',1,NULL,NULL,NULL,NULL),
(231,11,'unit 13','',1,NULL,NULL,NULL,NULL),
(232,17,'Unit 2','',1,NULL,NULL,NULL,NULL),
(233,42,'Unit 1','',1,NULL,NULL,NULL,NULL),
(234,42,'Unit 2','',1,NULL,NULL,NULL,NULL);

/*Table structure for table `re_property_term` */

DROP TABLE IF EXISTS `re_property_term`;

CREATE TABLE `re_property_term` (
  `id` int(11) NOT NULL AUTO_INCREMENT,
  `fk_property_id` int(11) DEFAULT NULL,
  `fk_term_id` int(11) DEFAULT NULL,
  `term_title` varchar(200) DEFAULT NULL,
  `term_value` varchar(200) DEFAULT NULL,
  `term_narration` text,
  `action_handler` varchar(200) DEFAULT NULL,
  `_status` int(11) DEFAULT NULL,
  `date_created` datetime DEFAULT NULL,
  `created_by` int(11) DEFAULT NULL,
  `date_modified` datetime DEFAULT NULL,
  `modified_by` int(11) DEFAULT NULL,
  PRIMARY KEY (`id`),
  KEY `fk_property_id` (`fk_property_id`),
  KEY `fk_term_id` (`fk_term_id`),
  CONSTRAINT `re_property_term_ibfk_1` FOREIGN KEY (`fk_property_id`) REFERENCES `re_property` (`id`) ON DELETE NO ACTION ON UPDATE CASCADE,
  CONSTRAINT `re_property_term_ibfk_2` FOREIGN KEY (`fk_term_id`) REFERENCES `re_term` (`id`) ON DELETE NO ACTION ON UPDATE CASCADE
) ENGINE=InnoDB AUTO_INCREMENT=273 DEFAULT CHARSET=latin1;

/*Data for the table `re_property_term` */

insert  into `re_property_term`(`id`,`fk_property_id`,`fk_term_id`,`term_title`,`term_value`,`term_narration`,`action_handler`,`_status`,`date_created`,`created_by`,`date_modified`,`modified_by`) values 
(14,10,1,'rent','7000','',NULL,1,NULL,NULL,NULL,NULL),
(15,10,2,'Date rent due','1','',NULL,1,NULL,NULL,NULL,NULL),
(16,10,11,'Penalty','20','',NULL,1,NULL,NULL,NULL,NULL),
(17,16,1,'rent','1500','',NULL,1,NULL,NULL,NULL,NULL),
(18,10,10,'Penalty date','7','',NULL,1,NULL,NULL,NULL,NULL),
(19,10,4,'deposit','7000','',NULL,1,NULL,NULL,NULL,NULL),
(20,10,14,'Visit','200','',NULL,1,NULL,NULL,NULL,NULL),
(21,11,1,'rent','2300','',NULL,1,NULL,NULL,NULL,NULL),
(22,11,2,'Date rent due','1','',NULL,1,NULL,NULL,NULL,NULL),
(23,11,11,'Penalty','20','',NULL,1,NULL,NULL,NULL,NULL),
(24,11,10,'Penalty date','7','',NULL,1,NULL,NULL,NULL,NULL),
(25,11,4,'deposit','2300','',NULL,1,NULL,NULL,NULL,NULL),
(26,11,14,'Visit','200','',NULL,1,NULL,NULL,NULL,NULL),
(27,12,1,'rent','1500','',NULL,1,NULL,NULL,NULL,NULL),
(28,12,2,'Date rent due','1','',NULL,1,NULL,NULL,NULL,NULL),
(29,12,11,'Penalty','20','',NULL,1,NULL,NULL,NULL,NULL),
(30,12,10,'Penalty date','7','',NULL,1,NULL,NULL,NULL,NULL),
(31,12,4,'deposit','1500','',NULL,1,NULL,NULL,NULL,NULL),
(32,12,14,'Visit','200','',NULL,1,NULL,NULL,NULL,NULL),
(33,13,1,'rent','700','',NULL,1,NULL,NULL,NULL,NULL),
(34,13,2,'Date rent due','1','',NULL,1,NULL,NULL,NULL,NULL),
(35,13,11,'Penalty','20','',NULL,1,NULL,NULL,NULL,NULL),
(36,13,10,'Penalty','7','',NULL,1,NULL,NULL,NULL,NULL),
(37,13,4,'deposit','700','',NULL,1,NULL,NULL,NULL,NULL),
(38,13,14,'Visit','200','',NULL,1,NULL,NULL,NULL,NULL),
(39,13,16,'agent','700','',NULL,1,NULL,NULL,NULL,NULL),
(40,12,16,'agent','1500','',NULL,1,NULL,NULL,NULL,NULL),
(41,11,16,'agent','2300','',NULL,1,NULL,NULL,NULL,NULL),
(42,10,16,'agent','7000','',NULL,1,NULL,NULL,NULL,NULL),
(43,14,1,'rent','1300','',NULL,1,NULL,NULL,NULL,NULL),
(44,14,2,'Date rent due','1','',NULL,1,NULL,NULL,NULL,NULL),
(45,14,11,'Penalty','20','',NULL,1,NULL,NULL,NULL,NULL),
(46,14,10,'Penalty date','7','',NULL,1,NULL,NULL,NULL,NULL),
(47,14,4,'deposit','1300','',NULL,1,NULL,NULL,NULL,NULL),
(48,14,14,'Visit','200','',NULL,1,NULL,NULL,NULL,NULL),
(49,14,16,'agent','1300','',NULL,1,NULL,NULL,NULL,NULL),
(50,15,1,NULL,'2000','',NULL,1,NULL,NULL,NULL,NULL),
(51,15,3,NULL,'8','',NULL,1,NULL,NULL,NULL,NULL),
(52,15,2,NULL,'1','',NULL,1,NULL,NULL,NULL,NULL),
(53,15,10,NULL,'7','',NULL,1,NULL,NULL,NULL,NULL),
(54,15,11,NULL,'20','',NULL,1,NULL,NULL,NULL,NULL),
(55,15,4,NULL,'2000','',NULL,1,NULL,NULL,NULL,NULL),
(56,15,14,NULL,'200','',NULL,1,NULL,NULL,NULL,NULL),
(57,15,16,NULL,'2000','',NULL,1,NULL,NULL,NULL,NULL),
(58,16,1,NULL,'3000','',NULL,1,NULL,NULL,NULL,NULL),
(59,16,2,NULL,'1','',NULL,1,NULL,NULL,NULL,NULL),
(60,16,3,NULL,'10','',NULL,1,NULL,NULL,NULL,NULL),
(61,16,10,NULL,'7','',NULL,1,NULL,NULL,NULL,NULL),
(62,16,11,NULL,'20','',NULL,1,NULL,NULL,NULL,NULL),
(63,16,4,NULL,'3000','',NULL,1,NULL,NULL,NULL,NULL),
(64,16,14,NULL,'200','',NULL,1,NULL,NULL,NULL,NULL),
(65,16,16,NULL,'3000','',NULL,1,NULL,NULL,NULL,NULL),
(66,17,1,NULL,'5000','',NULL,1,NULL,NULL,NULL,NULL),
(67,17,4,NULL,'5000','',NULL,1,NULL,NULL,NULL,NULL),
(68,17,2,NULL,'1','',NULL,1,NULL,NULL,NULL,NULL),
(69,17,3,NULL,'10','',NULL,1,NULL,NULL,NULL,NULL),
(70,17,10,NULL,'7','',NULL,1,NULL,NULL,NULL,NULL),
(71,17,11,NULL,'20','',NULL,1,NULL,NULL,NULL,NULL),
(72,17,14,NULL,'200','',NULL,1,NULL,NULL,NULL,NULL),
(73,17,16,NULL,'5000','',NULL,1,NULL,NULL,NULL,NULL),
(74,18,1,NULL,'1000','',NULL,1,NULL,NULL,NULL,NULL),
(75,18,4,NULL,'1000','',NULL,1,NULL,NULL,NULL,NULL),
(76,18,2,NULL,'1','',NULL,1,NULL,NULL,NULL,NULL),
(77,18,3,NULL,'10','',NULL,1,NULL,NULL,NULL,NULL),
(78,18,11,NULL,'20','',NULL,1,NULL,NULL,NULL,NULL),
(79,18,10,NULL,'7','',NULL,1,NULL,NULL,NULL,NULL),
(80,18,14,NULL,'200','',NULL,1,NULL,NULL,NULL,NULL),
(81,18,16,NULL,'1000','',NULL,1,NULL,NULL,NULL,NULL),
(82,19,1,NULL,'1500','',NULL,1,NULL,NULL,NULL,NULL),
(83,19,4,NULL,'1500','',NULL,1,NULL,NULL,NULL,NULL),
(84,19,2,NULL,'1','',NULL,1,NULL,NULL,NULL,NULL),
(85,19,3,NULL,'10','',NULL,1,NULL,NULL,NULL,NULL),
(86,19,10,NULL,'7','',NULL,1,NULL,NULL,NULL,NULL),
(87,19,11,NULL,'20','',NULL,1,NULL,NULL,NULL,NULL),
(88,19,14,NULL,'200','',NULL,1,NULL,NULL,NULL,NULL),
(89,19,16,NULL,'1500','',NULL,1,NULL,NULL,NULL,NULL),
(90,20,1,NULL,'2000','',NULL,1,NULL,NULL,NULL,NULL),
(91,20,4,NULL,'2000','',NULL,1,NULL,NULL,NULL,NULL),
(92,20,2,NULL,'1','',NULL,1,NULL,NULL,NULL,NULL),
(93,20,3,NULL,'9','',NULL,1,NULL,NULL,NULL,NULL),
(94,20,10,NULL,'7','',NULL,1,NULL,NULL,NULL,NULL),
(95,20,11,NULL,'20','',NULL,1,NULL,NULL,NULL,NULL),
(96,20,14,NULL,'200','',NULL,1,NULL,NULL,NULL,NULL),
(97,20,16,NULL,'2000','',NULL,1,NULL,NULL,NULL,NULL),
(98,21,1,NULL,'1800','',NULL,1,NULL,NULL,NULL,NULL),
(99,21,4,NULL,'1800','',NULL,1,NULL,NULL,NULL,NULL),
(100,21,2,NULL,'1','',NULL,1,NULL,NULL,NULL,NULL),
(101,21,3,NULL,'10','',NULL,1,NULL,NULL,NULL,NULL),
(102,21,10,NULL,'7','',NULL,1,NULL,NULL,NULL,NULL),
(103,21,11,NULL,'20','',NULL,1,NULL,NULL,NULL,NULL),
(104,21,14,NULL,'200','',NULL,1,NULL,NULL,NULL,NULL),
(105,21,16,NULL,'1800','',NULL,1,NULL,NULL,NULL,NULL),
(106,22,1,NULL,'1200','',NULL,1,NULL,NULL,NULL,NULL),
(107,22,4,NULL,'1200','',NULL,1,NULL,NULL,NULL,NULL),
(108,22,2,NULL,'1','',NULL,1,NULL,NULL,NULL,NULL),
(109,22,3,NULL,'9','',NULL,1,NULL,NULL,NULL,NULL),
(110,22,10,NULL,'7','',NULL,1,NULL,NULL,NULL,NULL),
(111,22,11,NULL,'20','',NULL,1,NULL,NULL,NULL,NULL),
(112,22,14,NULL,'200','',NULL,1,NULL,NULL,NULL,NULL),
(113,22,16,NULL,'1200','',NULL,1,NULL,NULL,NULL,NULL),
(114,23,1,NULL,'1000','',NULL,1,NULL,NULL,NULL,NULL),
(115,23,4,NULL,'1000','',NULL,1,NULL,NULL,NULL,NULL),
(116,23,16,NULL,'1000','',NULL,1,NULL,NULL,NULL,NULL),
(117,23,10,NULL,'7','',NULL,1,NULL,NULL,NULL,NULL),
(118,23,11,NULL,'20','',NULL,1,NULL,NULL,NULL,NULL),
(119,23,2,NULL,'7','',NULL,1,NULL,NULL,NULL,NULL),
(120,23,3,NULL,'10','',NULL,1,NULL,NULL,NULL,NULL),
(121,23,14,NULL,'200','',NULL,1,NULL,NULL,NULL,NULL),
(122,24,1,NULL,'800','',NULL,1,NULL,NULL,NULL,NULL),
(123,24,4,NULL,'800','',NULL,1,NULL,NULL,NULL,NULL),
(124,24,16,NULL,'800','',NULL,1,NULL,NULL,NULL,NULL),
(125,24,2,NULL,'1','',NULL,1,NULL,NULL,NULL,NULL),
(126,24,3,NULL,'10','',NULL,1,NULL,NULL,NULL,NULL),
(127,24,14,NULL,'200','',NULL,1,NULL,NULL,NULL,NULL),
(128,24,10,NULL,'7','',NULL,1,NULL,NULL,NULL,NULL),
(129,24,11,NULL,'20','',NULL,1,NULL,NULL,NULL,NULL),
(130,25,1,NULL,'1000','',NULL,1,NULL,NULL,NULL,NULL),
(131,25,4,NULL,'1000','',NULL,1,NULL,NULL,NULL,NULL),
(132,25,16,NULL,'1000','',NULL,1,NULL,NULL,NULL,NULL),
(133,25,2,NULL,'1','',NULL,1,NULL,NULL,NULL,NULL),
(134,25,3,NULL,'9','',NULL,1,NULL,NULL,NULL,NULL),
(135,25,10,NULL,'7','',NULL,1,NULL,NULL,NULL,NULL),
(136,25,11,NULL,'20','',NULL,1,NULL,NULL,NULL,NULL),
(137,26,1,NULL,'2500','',NULL,1,NULL,NULL,NULL,NULL),
(138,26,4,NULL,'2500','',NULL,1,NULL,NULL,NULL,NULL),
(139,26,16,NULL,'2500','',NULL,1,NULL,NULL,NULL,NULL),
(140,26,2,NULL,'1','',NULL,1,NULL,NULL,NULL,NULL),
(141,26,3,NULL,'10','',NULL,1,NULL,NULL,NULL,NULL),
(142,26,10,NULL,'7','',NULL,1,NULL,NULL,NULL,NULL),
(143,26,11,NULL,'20','',NULL,1,NULL,NULL,NULL,NULL),
(144,26,14,NULL,'200','',NULL,1,NULL,NULL,NULL,NULL),
(145,27,1,NULL,'1500','',NULL,1,NULL,NULL,NULL,NULL),
(146,27,4,NULL,'1500','',NULL,1,NULL,NULL,NULL,NULL),
(147,27,16,NULL,'1500','',NULL,1,NULL,NULL,NULL,NULL),
(148,27,10,NULL,'7','',NULL,1,NULL,NULL,NULL,NULL),
(149,27,11,NULL,'20','',NULL,1,NULL,NULL,NULL,NULL),
(150,27,2,NULL,'1','',NULL,1,NULL,NULL,NULL,NULL),
(151,27,3,NULL,'10','',NULL,1,NULL,NULL,NULL,NULL),
(152,27,14,NULL,'200','',NULL,1,NULL,NULL,NULL,NULL),
(153,28,1,NULL,'2500','',NULL,1,NULL,NULL,NULL,NULL),
(154,28,4,NULL,'2500','',NULL,1,NULL,NULL,NULL,NULL),
(155,28,16,NULL,'2500','',NULL,1,NULL,NULL,NULL,NULL),
(156,28,2,NULL,'1','',NULL,1,NULL,NULL,NULL,NULL),
(157,28,3,NULL,'10','',NULL,1,NULL,NULL,NULL,NULL),
(158,28,10,NULL,'7','',NULL,1,NULL,NULL,NULL,NULL),
(159,28,11,NULL,'20','',NULL,1,NULL,NULL,NULL,NULL),
(160,28,14,NULL,'200','',NULL,1,NULL,NULL,NULL,NULL),
(161,29,1,NULL,'1800','',NULL,1,NULL,NULL,NULL,NULL),
(162,29,4,NULL,'1800','',NULL,1,NULL,NULL,NULL,NULL),
(163,29,16,NULL,'1800','',NULL,1,NULL,NULL,NULL,NULL),
(164,29,3,NULL,'10','',NULL,1,NULL,NULL,NULL,NULL),
(165,29,2,NULL,'1','',NULL,1,NULL,NULL,NULL,NULL),
(166,29,10,NULL,'7','',NULL,1,NULL,NULL,NULL,NULL),
(167,29,11,NULL,'20','',NULL,1,NULL,NULL,NULL,NULL),
(168,29,14,NULL,'200','',NULL,1,NULL,NULL,NULL,NULL),
(169,30,1,NULL,'1000','',NULL,1,NULL,NULL,NULL,NULL),
(170,30,4,NULL,'1000','',NULL,1,NULL,NULL,NULL,NULL),
(171,30,16,NULL,'1000','',NULL,1,NULL,NULL,NULL,NULL),
(172,30,2,NULL,'1','',NULL,1,NULL,NULL,NULL,NULL),
(173,30,3,NULL,'9','',NULL,1,NULL,NULL,NULL,NULL),
(174,30,10,NULL,'7','',NULL,1,NULL,NULL,NULL,NULL),
(175,30,11,NULL,'20','',NULL,1,NULL,NULL,NULL,NULL),
(176,30,14,NULL,'200','',NULL,1,NULL,NULL,NULL,NULL),
(177,31,1,NULL,'3000','',NULL,1,NULL,NULL,NULL,NULL),
(178,31,4,NULL,'3000','',NULL,1,NULL,NULL,NULL,NULL),
(179,31,16,NULL,'3000','',NULL,1,NULL,NULL,NULL,NULL),
(180,31,2,NULL,'1','',NULL,1,NULL,NULL,NULL,NULL),
(181,31,3,NULL,'10','',NULL,1,NULL,NULL,NULL,NULL),
(182,31,10,NULL,'7','',NULL,1,NULL,NULL,NULL,NULL),
(183,31,11,NULL,'20','',NULL,1,NULL,NULL,NULL,NULL),
(184,31,14,NULL,'200','',NULL,1,NULL,NULL,NULL,NULL),
(185,32,1,NULL,'2000','',NULL,1,NULL,NULL,NULL,NULL),
(186,32,4,NULL,'2000','',NULL,1,NULL,NULL,NULL,NULL),
(187,32,16,NULL,'2000','',NULL,1,NULL,NULL,NULL,NULL),
(188,32,2,NULL,'1','',NULL,1,NULL,NULL,NULL,NULL),
(189,32,3,NULL,'10','',NULL,1,NULL,NULL,NULL,NULL),
(190,32,10,NULL,'7','',NULL,1,NULL,NULL,NULL,NULL),
(191,32,11,NULL,'20','',NULL,1,NULL,NULL,NULL,NULL),
(192,32,14,NULL,'200','',NULL,1,NULL,NULL,NULL,NULL),
(193,33,1,NULL,'2500','',NULL,1,NULL,NULL,NULL,NULL),
(194,33,4,NULL,'2500','',NULL,1,NULL,NULL,NULL,NULL),
(195,33,16,NULL,'2500','',NULL,1,NULL,NULL,NULL,NULL),
(196,33,2,NULL,'1','',NULL,1,NULL,NULL,NULL,NULL),
(197,33,3,NULL,'9','',NULL,1,NULL,NULL,NULL,NULL),
(198,33,10,NULL,'7','',NULL,1,NULL,NULL,NULL,NULL),
(199,33,11,NULL,'20','',NULL,1,NULL,NULL,NULL,NULL),
(200,33,14,NULL,'200','',NULL,1,NULL,NULL,NULL,NULL),
(201,34,1,NULL,'2000','',NULL,1,NULL,NULL,NULL,NULL),
(202,34,4,NULL,'2000','',NULL,1,NULL,NULL,NULL,NULL),
(203,34,16,NULL,'2000','',NULL,1,NULL,NULL,NULL,NULL),
(204,34,2,NULL,'1','',NULL,1,NULL,NULL,NULL,NULL),
(205,34,3,NULL,'9','',NULL,1,NULL,NULL,NULL,NULL),
(206,34,10,NULL,'7','',NULL,1,NULL,NULL,NULL,NULL),
(207,34,14,NULL,'200','',NULL,1,NULL,NULL,NULL,NULL),
(208,34,11,NULL,'20','',NULL,1,NULL,NULL,NULL,NULL),
(209,35,1,NULL,'2000','',NULL,1,NULL,NULL,NULL,NULL),
(210,35,4,NULL,'2000','',NULL,1,NULL,NULL,NULL,NULL),
(211,35,16,NULL,'2000','',NULL,1,NULL,NULL,NULL,NULL),
(212,35,11,NULL,'20','',NULL,1,NULL,NULL,NULL,NULL),
(213,35,10,NULL,'7','',NULL,1,NULL,NULL,NULL,NULL),
(214,35,2,NULL,'1','',NULL,1,NULL,NULL,NULL,NULL),
(215,35,3,NULL,'10','',NULL,1,NULL,NULL,NULL,NULL),
(216,35,14,NULL,'200','',NULL,1,NULL,NULL,NULL,NULL),
(217,36,1,NULL,'8000','',NULL,1,NULL,NULL,NULL,NULL),
(218,36,4,NULL,'8000','',NULL,1,NULL,NULL,NULL,NULL),
(219,36,16,NULL,'8000','',NULL,1,NULL,NULL,NULL,NULL),
(220,36,2,NULL,'1','',NULL,1,NULL,NULL,NULL,NULL),
(221,36,3,NULL,'10','',NULL,1,NULL,NULL,NULL,NULL),
(222,36,10,NULL,'7','',NULL,1,NULL,NULL,NULL,NULL),
(223,36,11,NULL,'20','',NULL,1,NULL,NULL,NULL,NULL),
(224,37,1,NULL,'1800','',NULL,1,NULL,NULL,NULL,NULL),
(225,37,4,NULL,'1800','',NULL,1,NULL,NULL,NULL,NULL),
(226,37,16,NULL,'1800','',NULL,1,NULL,NULL,NULL,NULL),
(227,37,2,NULL,'1','',NULL,1,NULL,NULL,NULL,NULL),
(228,37,3,NULL,'9','',NULL,1,NULL,NULL,NULL,NULL),
(229,37,10,NULL,'7','',NULL,1,NULL,NULL,NULL,NULL),
(230,37,11,NULL,'20','',NULL,1,NULL,NULL,NULL,NULL),
(231,38,1,NULL,'2200','',NULL,1,NULL,NULL,NULL,NULL),
(232,38,4,NULL,'2200','',NULL,1,NULL,NULL,NULL,NULL),
(233,38,16,NULL,'2200','',NULL,1,NULL,NULL,NULL,NULL),
(234,38,14,NULL,'200','',NULL,1,NULL,NULL,NULL,NULL),
(235,38,3,NULL,'10','',NULL,1,NULL,NULL,NULL,NULL),
(236,38,2,NULL,'1','',NULL,1,NULL,NULL,NULL,NULL),
(237,38,10,NULL,'7','',NULL,1,NULL,NULL,NULL,NULL),
(238,38,11,NULL,'20','',NULL,1,NULL,NULL,NULL,NULL),
(239,37,14,NULL,'200','',NULL,1,NULL,NULL,NULL,NULL),
(240,36,14,NULL,'200','',NULL,1,NULL,NULL,NULL,NULL),
(241,39,1,NULL,'2800','',NULL,1,NULL,NULL,NULL,NULL),
(242,39,4,NULL,'2800','',NULL,1,NULL,NULL,NULL,NULL),
(243,39,16,NULL,'2800','',NULL,1,NULL,NULL,NULL,NULL),
(244,39,2,NULL,'1','',NULL,1,NULL,NULL,NULL,NULL),
(245,39,3,NULL,'10','',NULL,1,NULL,NULL,NULL,NULL),
(246,39,10,NULL,'7','',NULL,1,NULL,NULL,NULL,NULL),
(247,39,11,NULL,'20','',NULL,1,NULL,NULL,NULL,NULL),
(248,39,14,NULL,'200','',NULL,1,NULL,NULL,NULL,NULL),
(249,12,3,NULL,'8','day of paying landlord',NULL,1,NULL,NULL,NULL,NULL),
(250,13,3,NULL,'8','',NULL,1,NULL,NULL,NULL,NULL),
(251,10,3,NULL,'7','',NULL,1,NULL,NULL,NULL,NULL),
(252,11,3,NULL,'10','',NULL,1,NULL,NULL,NULL,NULL),
(253,14,3,NULL,'8','',NULL,1,NULL,NULL,NULL,NULL),
(254,40,1,NULL,'3000','',NULL,1,NULL,NULL,NULL,NULL),
(255,40,2,NULL,'1','',NULL,1,NULL,NULL,NULL,NULL),
(256,40,3,NULL,'10','',NULL,1,NULL,NULL,NULL,NULL),
(257,40,4,NULL,'3000','',NULL,1,NULL,NULL,NULL,NULL),
(258,40,5,NULL,'500','',NULL,1,NULL,NULL,NULL,NULL),
(259,40,11,NULL,'20','',NULL,1,NULL,NULL,NULL,NULL),
(260,40,10,NULL,'7','',NULL,1,NULL,NULL,NULL,NULL),
(261,41,1,NULL,'10000','',NULL,1,NULL,NULL,NULL,NULL),
(262,41,2,NULL,'1','',NULL,1,NULL,NULL,NULL,NULL),
(263,41,3,NULL,'8','',NULL,1,NULL,NULL,NULL,NULL),
(264,41,4,NULL,'10000','',NULL,1,NULL,NULL,NULL,NULL),
(265,41,10,NULL,'7','',NULL,1,NULL,NULL,NULL,NULL),
(266,41,11,NULL,'20','',NULL,1,NULL,NULL,NULL,NULL),
(267,41,13,NULL,'20','',NULL,1,NULL,NULL,NULL,NULL),
(268,41,14,NULL,'200','',NULL,1,NULL,NULL,NULL,NULL),
(269,42,1,NULL,'20000','',NULL,1,NULL,NULL,NULL,NULL),
(270,42,2,NULL,'1','',NULL,1,NULL,NULL,NULL,NULL),
(271,42,3,NULL,'8','',NULL,1,NULL,NULL,NULL,NULL),
(272,42,4,NULL,'20000','',NULL,1,NULL,NULL,NULL,NULL);

/*Table structure for table `re_receipt` */

DROP TABLE IF EXISTS `re_receipt`;

CREATE TABLE `re_receipt` (
  `id` int(11) NOT NULL AUTO_INCREMENT,
  `receipt_no` varchar(50) NOT NULL,
  `date_created` datetime DEFAULT NULL,
  `created_by` int(11) DEFAULT NULL,
  PRIMARY KEY (`id`)
) ENGINE=InnoDB AUTO_INCREMENT=90 DEFAULT CHARSET=utf8;

/*Data for the table `re_receipt` */

insert  into `re_receipt`(`id`,`receipt_no`,`date_created`,`created_by`) values 
(1,'jnr1','2017-12-13 08:32:06',1),
(2,'jnr2','2017-12-13 08:36:48',1),
(3,'jnr3','2017-12-13 08:49:28',1),
(4,'jnr4','2017-12-27 16:52:55',1),
(5,'jnr5','2017-12-27 16:53:11',1),
(6,'jnr6','2017-12-28 09:55:05',1),
(7,'jnr7','2018-01-03 08:38:26',1),
(8,'jnr8','2018-01-03 14:20:17',1),
(9,'jnr9','2018-01-03 14:24:16',1),
(10,'jnr10','2018-01-04 18:48:40',1),
(11,'jnr11','2018-01-04 18:48:53',1),
(12,'jnr12','2018-01-04 18:49:42',1),
(13,'jnr13','2018-01-04 18:50:08',1),
(14,'jnr14','2018-01-04 18:50:31',1),
(15,'jnr15','2018-01-04 18:51:40',1),
(16,'jnr16','2018-01-05 08:34:07',15),
(17,'jnr17','2018-01-05 08:43:40',15),
(18,'jnr18','2018-01-05 08:47:58',15),
(19,'jnr19','2018-01-05 08:54:48',15),
(20,'jnr20','2018-01-05 08:54:59',15),
(21,'jnr21','2018-01-05 08:55:07',15),
(22,'jnr22','2018-01-05 09:03:41',15),
(23,'jnr23','2018-01-05 09:04:08',15),
(24,'jnr24','2018-01-05 09:04:16',15),
(25,'jnr25','2018-01-05 09:05:14',15),
(26,'jnr26','2018-01-05 09:20:22',15),
(27,'jnr27','2017-08-04 16:16:06',15),
(28,'jnr28','2017-08-01 15:15:12',15),
(29,'jnr29','2017-08-01 16:19:02',15),
(30,'jnr30','2017-08-19 12:55:24',15),
(31,'jnr31','2018-03-08 00:31:36',1),
(32,'jnr32','2018-03-13 16:43:37',1),
(33,'jnr33','2018-03-19 05:43:14',1),
(34,'jnr34','2018-03-19 19:45:58',1),
(35,'jnr35','2018-03-19 19:48:09',1),
(36,'jnr36','2018-03-19 19:50:36',1),
(37,'jnr37','2018-03-19 19:56:11',1),
(38,'jnr38','2018-03-19 20:15:05',1),
(39,'jnr39','2018-03-21 14:35:00',1),
(40,'jnr40','2018-03-21 20:02:53',1),
(41,'jnr41','2018-03-24 06:23:36',1),
(42,'jnr42','2018-03-24 14:12:46',1),
(43,'jnr43','2018-03-28 20:23:24',1),
(44,'jnr44','2018-03-28 20:23:31',1),
(45,'jnr45','2018-03-28 20:23:40',1),
(46,'jnr46','2018-03-28 20:24:22',1),
(47,'jnr47','2018-03-28 20:55:46',1),
(48,'jnr48','2018-04-03 11:37:29',1),
(49,'jnr49','2018-04-03 11:41:27',1),
(50,'jnr50','2018-04-07 08:05:54',1),
(51,'jnr51','2018-04-07 08:08:19',1),
(52,'jnr52','2018-04-07 08:12:39',1),
(53,'jnr53','2018-04-07 08:19:10',1),
(54,'jnr54','2018-04-07 08:22:51',1),
(55,'jnr55','2018-04-07 08:22:55',1),
(56,'jnr56','2018-04-07 08:24:39',1),
(57,'jnr57','2018-04-07 15:54:41',1),
(58,'jnr58','2018-04-07 15:54:42',1),
(59,'jnr59','2018-04-10 16:43:28',1),
(60,'jnr60','2018-04-10 16:43:29',1),
(61,'jnr61','2018-04-10 16:47:21',1),
(62,'jnr62','2018-04-10 17:45:57',1),
(63,'jnr63','2018-04-10 17:58:19',1),
(64,'jnr64','2018-04-10 17:59:08',1),
(65,'jnr65','2018-04-10 18:08:23',1),
(66,'jnr66','2018-04-10 18:18:15',1),
(67,'jnr67','2018-04-10 18:20:19',1),
(68,'jnr68','2018-04-10 18:21:02',1),
(69,'jnr69','2018-04-10 18:22:37',1),
(70,'jnr70','2018-04-10 18:23:59',1),
(71,'jnr71','2018-04-10 18:26:05',1),
(72,'jnr72','2018-04-10 18:26:07',1),
(73,'jnr73','2018-04-10 18:27:16',1),
(74,'jnr74','2018-04-10 18:28:25',1),
(75,'jnr75','2018-04-10 18:28:39',1),
(76,'jnr76','2018-04-10 18:28:58',1),
(77,'jnr77','2018-04-10 18:34:18',1),
(78,'jnr78','2018-04-10 18:34:34',1),
(79,'jnr79','2018-04-10 18:35:21',1),
(80,'jnr80','2018-04-10 18:36:12',1),
(81,'jnr81','2018-04-10 18:37:27',1),
(82,'jnr82','2018-04-10 18:37:59',1),
(83,'jnr83','2018-04-10 18:42:38',1),
(84,'jnr84','2018-04-11 20:57:27',1),
(85,'jnr85','2018-04-11 21:09:54',1),
(86,'jnr86','2018-04-13 13:38:36',1),
(87,'jnr87','2018-04-14 06:09:54',1),
(88,'jnr88','2018-04-14 07:37:52',1),
(89,'jnr89','2018-04-14 07:38:28',1);

/*Table structure for table `re_role` */

DROP TABLE IF EXISTS `re_role`;

CREATE TABLE `re_role` (
  `id` int(11) NOT NULL AUTO_INCREMENT,
  `role_name` varchar(100) DEFAULT NULL,
  `role_description` varchar(100) DEFAULT NULL,
  `date_created` datetime DEFAULT NULL,
  `createdby` varchar(100) DEFAULT NULL,
  `date_modified` datetime DEFAULT NULL,
  `modified_by` varchar(100) DEFAULT NULL,
  PRIMARY KEY (`id`),
  KEY `id` (`id`)
) ENGINE=InnoDB AUTO_INCREMENT=2 DEFAULT CHARSET=latin1;

/*Data for the table `re_role` */

insert  into `re_role`(`id`,`role_name`,`role_description`,`date_created`,`createdby`,`date_modified`,`modified_by`) values 
(1,'agency admin','system administrator',NULL,NULL,NULL,NULL);

/*Table structure for table `re_source` */

DROP TABLE IF EXISTS `re_source`;

CREATE TABLE `re_source` (
  `id` int(50) NOT NULL AUTO_INCREMENT,
  `source_name` varchar(50) DEFAULT NULL,
  `source_description` text,
  `source_type` varchar(50) DEFAULT NULL,
  `category` varchar(50) DEFAULT NULL,
  PRIMARY KEY (`id`)
) ENGINE=InnoDB AUTO_INCREMENT=26 DEFAULT CHARSET=latin1;

/*Data for the table `re_source` */

insert  into `re_source`(`id`,`source_name`,`source_description`,`source_type`,`category`) values 
(1,'Rent','','Income','tenant'),
(2,'Landlord Imprest','','Expense','landlord'),
(3,'Disbursement','','Expense','landlord'),
(4,'Agency Allowance','Rent collection allowances','Income','tenant'),
(5,'Transport','','Expense','agent'),
(6,'Lunch','','Expense','agent'),
(7,'Bank Charges','','Expense','agent'),
(8,'Salary','','Expense','agent'),
(9,'Salary Advance','','Expense','agent'),
(10,'Penalty Waiver','Penalty cancellation','Expense','tenant'),
(11,'Penalty','Penalty incurred due to late payments','Income','tenant'),
(13,'Storage Fees','Goods storage fees','Income','tenant'),
(14,'Tenant Transport','Tenant Transport','Income','tenant'),
(15,'Breaking Fees','Fees for breaking house','Income','tenant'),
(16,'Visit Fees','','Income','tenant'),
(17,'Locking Fees','Locking Fees','Income','tenant'),
(18,'Agency Fee','Agency Fee','Income','tenant'),
(19,'Rent Deposit','Rent Deposit','Income','tenant'),
(20,'Water Deposit','Water Deposit','Income','tenant'),
(21,'Electricity Deposit','Electricity Deposit','Income','tenant'),
(22,'Water Bill','Water Bill','Income','tenant'),
(23,'Electricity Bill','Electricity Bill','Income','tenant'),
(24,'Garbage Collection','Garbage Collection Bills','Income','tenant'),
(25,'assasas','asasasa','Income','tenant');

/*Table structure for table `re_sub_location` */

DROP TABLE IF EXISTS `re_sub_location`;

CREATE TABLE `re_sub_location` (
  `id` int(11) NOT NULL AUTO_INCREMENT,
  `fk_location` int(11) DEFAULT NULL,
  `sub_loc_name` varchar(200) DEFAULT NULL,
  `sub_loc_desc` text,
  `sub_loc_lat` varchar(10) DEFAULT NULL,
  `sub_loc_long` varchar(10) DEFAULT NULL,
  PRIMARY KEY (`id`),
  KEY `fk_location` (`fk_location`),
  CONSTRAINT `re_sub_location_ibfk_1` FOREIGN KEY (`fk_location`) REFERENCES `re_location` (`id`) ON DELETE NO ACTION ON UPDATE CASCADE
) ENGINE=InnoDB AUTO_INCREMENT=5 DEFAULT CHARSET=latin1;

/*Data for the table `re_sub_location` */

insert  into `re_sub_location`(`id`,`fk_location`,`sub_loc_name`,`sub_loc_desc`,`sub_loc_lat`,`sub_loc_long`) values 
(2,1,'kaya','test',NULL,NULL),
(3,3,'kibaoni','test',NULL,NULL),
(4,5,'Unknown','',NULL,NULL);

/*Table structure for table `re_subcounty` */

DROP TABLE IF EXISTS `re_subcounty`;

CREATE TABLE `re_subcounty` (
  `id` int(11) NOT NULL AUTO_INCREMENT,
  `fk_county` int(11) DEFAULT NULL,
  `subcounty_name` varchar(200) DEFAULT NULL,
  `subcounty_desc` text,
  `subcounty_lat` varchar(10) DEFAULT NULL,
  `subcounty_long` varchar(10) DEFAULT NULL,
  `date_created` datetime DEFAULT NULL,
  `created_by` varchar(100) DEFAULT NULL,
  `date_modified` datetime DEFAULT NULL,
  `modified_by` varchar(100) DEFAULT NULL,
  PRIMARY KEY (`id`),
  KEY `fk_county` (`fk_county`),
  CONSTRAINT `re_subcounty_ibfk_1` FOREIGN KEY (`fk_county`) REFERENCES `re_county` (`id`) ON DELETE NO ACTION ON UPDATE CASCADE
) ENGINE=InnoDB AUTO_INCREMENT=7 DEFAULT CHARSET=latin1;

/*Data for the table `re_subcounty` */

insert  into `re_subcounty`(`id`,`fk_county`,`subcounty_name`,`subcounty_desc`,`subcounty_lat`,`subcounty_long`,`date_created`,`created_by`,`date_modified`,`modified_by`) values 
(5,1,'kilifi north','test',NULL,NULL,NULL,NULL,NULL,NULL),
(6,5,'Unknown','',NULL,NULL,NULL,NULL,NULL,NULL);

/*Table structure for table `re_tenant` */

DROP TABLE IF EXISTS `re_tenant`;

CREATE TABLE `re_tenant` (
  `id` int(11) NOT NULL AUTO_INCREMENT,
  `fk_user_id` int(11) DEFAULT NULL,
  `tenant_desc` text,
  `_status` int(11) DEFAULT NULL,
  `date_created` datetime DEFAULT NULL,
  `created_by` int(11) DEFAULT NULL,
  `date_modified` datetime DEFAULT NULL,
  `modified_by` int(11) DEFAULT NULL,
  PRIMARY KEY (`id`),
  KEY `fk_user_id` (`fk_user_id`),
  CONSTRAINT `re_tenant_ibfk_1` FOREIGN KEY (`fk_user_id`) REFERENCES `sys_users` (`id`) ON DELETE NO ACTION ON UPDATE CASCADE
) ENGINE=InnoDB DEFAULT CHARSET=latin1;

/*Data for the table `re_tenant` */

/*Table structure for table `re_tenant_favourite` */

DROP TABLE IF EXISTS `re_tenant_favourite`;

CREATE TABLE `re_tenant_favourite` (
  `id` int(11) NOT NULL AUTO_INCREMENT,
  `fk_property_id` int(11) DEFAULT NULL,
  `fk_tenant_id` int(11) DEFAULT NULL,
  `_status` int(11) DEFAULT NULL,
  `date_created` datetime DEFAULT NULL,
  `created_by` int(11) DEFAULT NULL,
  `date_modified` datetime DEFAULT NULL,
  `modified_by` int(11) DEFAULT NULL,
  PRIMARY KEY (`id`),
  KEY `fk_property_id` (`fk_property_id`),
  KEY `fk_tenant_id` (`fk_tenant_id`),
  CONSTRAINT `re_tenant_favourite_ibfk_1` FOREIGN KEY (`fk_property_id`) REFERENCES `re_property` (`id`) ON DELETE NO ACTION ON UPDATE CASCADE,
  CONSTRAINT `re_tenant_favourite_ibfk_2` FOREIGN KEY (`fk_tenant_id`) REFERENCES `re_tenant` (`id`) ON DELETE NO ACTION ON UPDATE CASCADE
) ENGINE=InnoDB DEFAULT CHARSET=latin1;

/*Data for the table `re_tenant_favourite` */

/*Table structure for table `re_tenant_preference` */

DROP TABLE IF EXISTS `re_tenant_preference`;

CREATE TABLE `re_tenant_preference` (
  `id` int(11) NOT NULL AUTO_INCREMENT,
  `fk_tenant_id` int(11) DEFAULT NULL,
  `fk_pref_id` int(11) DEFAULT NULL,
  `pref_notes` text,
  `_status` int(11) DEFAULT NULL,
  `date_created` datetime DEFAULT NULL,
  `created_by` int(11) DEFAULT NULL,
  `date_modified` datetime DEFAULT NULL,
  `modified_by` int(11) DEFAULT NULL,
  PRIMARY KEY (`id`),
  KEY `fk_tenant_id` (`fk_tenant_id`),
  KEY `fk_pref_id` (`fk_pref_id`),
  CONSTRAINT `re_tenant_preference_ibfk_1` FOREIGN KEY (`fk_tenant_id`) REFERENCES `re_tenant` (`id`) ON DELETE NO ACTION ON UPDATE CASCADE,
  CONSTRAINT `re_tenant_preference_ibfk_2` FOREIGN KEY (`fk_pref_id`) REFERENCES `re_preference` (`id`) ON DELETE NO ACTION ON UPDATE CASCADE
) ENGINE=InnoDB DEFAULT CHARSET=latin1;

/*Data for the table `re_tenant_preference` */

/*Table structure for table `re_term` */

DROP TABLE IF EXISTS `re_term`;

CREATE TABLE `re_term` (
  `id` int(11) NOT NULL AUTO_INCREMENT,
  `term_type` int(11) DEFAULT NULL,
  `term_name` varchar(200) DEFAULT NULL,
  `term_desc` text,
  `_status` int(11) DEFAULT NULL,
  `date_created` datetime DEFAULT NULL,
  `created_by` int(11) DEFAULT NULL,
  `date_modified` datetime DEFAULT NULL,
  `modified_by` int(11) DEFAULT NULL,
  `actionhandler` varchar(500) DEFAULT NULL,
  PRIMARY KEY (`id`)
) ENGINE=InnoDB AUTO_INCREMENT=27 DEFAULT CHARSET=latin1;

/*Data for the table `re_term` */

insert  into `re_term`(`id`,`term_type`,`term_name`,`term_desc`,`_status`,`date_created`,`created_by`,`date_modified`,`modified_by`,`actionhandler`) values 
(1,1,'Rent Amount','Rent payable monthly',1,NULL,NULL,NULL,NULL,'DateRentPay'),
(2,2,'Date Rent Pay','Date rent due',1,NULL,NULL,NULL,NULL,''),
(3,2,'Landlord Disbursment Date','Date of payments to landlord',1,NULL,NULL,NULL,NULL,'LandlordDisbursement'),
(4,1,'Rent Deposit','Amount paid by tenant as deposit',1,NULL,NULL,NULL,NULL,'RentDeposit'),
(5,1,'Watert Deposit','Amount paid by tenant as water bill deposit',1,NULL,NULL,NULL,NULL,'WaterDeposit'),
(6,1,'Electricity Deposit','Amount paid as electricity deposit',1,NULL,NULL,NULL,NULL,'ElectricityDeposit'),
(7,1,'Water Bills','Whether the agency will collect water bills.',1,NULL,NULL,NULL,NULL,'WaterBills'),
(8,1,'Electricity Bills','Whether the agency will collect electricity bills',1,NULL,NULL,NULL,NULL,'ElectricityBills'),
(9,2,'Security Times','Time security gate closes.',1,NULL,NULL,NULL,NULL,''),
(10,2,'Penalty Date','Date penalty will be calculated.',1,NULL,NULL,NULL,NULL,'PenatlyDate'),
(11,2,'Penalty Percentage','Percentage of the rent payable as penalty.',1,NULL,NULL,NULL,NULL,'PenaltyPercentage'),
(13,2,'Agent Commission','A percentage of the rent paid to agent as commission.',1,NULL,NULL,NULL,NULL,'AgentCommission'),
(14,1,'Visit Fees','Visit fees',1,NULL,NULL,NULL,NULL,NULL),
(15,1,'Locking Fees','',1,NULL,NULL,NULL,NULL,NULL),
(16,1,'Agency Fee','When entering the house',1,NULL,NULL,NULL,NULL,NULL),
(17,1,'Breaking Fee','',1,NULL,NULL,NULL,NULL,NULL),
(18,1,'Storage Fee','',1,NULL,NULL,NULL,NULL,NULL),
(19,2,'Payment','',1,NULL,NULL,NULL,NULL,NULL),
(20,2,'Imprest','',1,NULL,NULL,NULL,NULL,NULL),
(21,3,'Transport','',1,NULL,NULL,NULL,NULL,NULL),
(22,3,'Lunch','',1,NULL,NULL,NULL,NULL,NULL),
(23,3,'Bank Charges','',1,NULL,NULL,NULL,NULL,NULL),
(24,3,'Salary','',1,NULL,NULL,NULL,NULL,NULL),
(25,3,'Salary Advance','',1,NULL,NULL,NULL,NULL,NULL),
(26,3,'Penalty Waiver','',1,NULL,NULL,NULL,NULL,NULL);

/*Table structure for table `re_ward` */

DROP TABLE IF EXISTS `re_ward`;

CREATE TABLE `re_ward` (
  `id` int(11) NOT NULL AUTO_INCREMENT,
  `fk_subcounty` int(11) DEFAULT NULL,
  `ward_name` varchar(200) DEFAULT NULL,
  `ward_desc` text,
  `ward_lat` varchar(10) DEFAULT NULL,
  `ward_long` varchar(10) DEFAULT NULL,
  PRIMARY KEY (`id`),
  KEY `fk_subcounty` (`fk_subcounty`),
  CONSTRAINT `re_ward_ibfk_1` FOREIGN KEY (`fk_subcounty`) REFERENCES `re_subcounty` (`id`) ON DELETE NO ACTION ON UPDATE CASCADE
) ENGINE=InnoDB AUTO_INCREMENT=5 DEFAULT CHARSET=latin1;

/*Data for the table `re_ward` */

insert  into `re_ward`(`id`,`fk_subcounty`,`ward_name`,`ward_desc`,`ward_lat`,`ward_long`) values 
(2,5,'sokoni','test',NULL,NULL),
(3,5,'kibarani','test',NULL,NULL),
(4,6,'Unknown',NULL,NULL,NULL);

/*Table structure for table `re_ward_one` */

DROP TABLE IF EXISTS `re_ward_one`;

CREATE TABLE `re_ward_one` (
  `id` int(11) NOT NULL AUTO_INCREMENT,
  `fk_subcounty` int(11) DEFAULT NULL,
  `ward_name` varchar(200) DEFAULT NULL,
  `ward_desc` text,
  `ward_lat` varchar(10) DEFAULT NULL,
  `ward_long` varchar(10) DEFAULT NULL,
  PRIMARY KEY (`id`),
  KEY `fk_subcounty` (`fk_subcounty`)
) ENGINE=InnoDB AUTO_INCREMENT=6 DEFAULT CHARSET=latin1;

/*Data for the table `re_ward_one` */

insert  into `re_ward_one`(`id`,`fk_subcounty`,`ward_name`,`ward_desc`,`ward_lat`,`ward_long`) values 
(2,5,'sokoni','test',NULL,NULL),
(3,5,'kibarani','test',NULL,NULL),
(4,6,'Unknown','Hahahahah','',''),
(5,5,'Chasimba','','','');

/*Table structure for table `sys_users` */

DROP TABLE IF EXISTS `sys_users`;

CREATE TABLE `sys_users` (
  `id` int(11) NOT NULL AUTO_INCREMENT,
  `fk_group_id` int(11) DEFAULT NULL,
  `fk_management_id` int(11) DEFAULT NULL,
  `username` varchar(50) DEFAULT NULL,
  `pass` varchar(100) DEFAULT NULL,
  `name1` varchar(200) DEFAULT NULL,
  `name2` varchar(200) DEFAULT NULL,
  `name3` varchar(200) DEFAULT NULL,
  `age` int(11) DEFAULT NULL,
  `email` varchar(500) DEFAULT NULL,
  `phone` varchar(100) DEFAULT NULL,
  `id_number` varchar(50) DEFAULT NULL,
  `address` text,
  `date_added` datetime DEFAULT NULL,
  `gender` varchar(10) DEFAULT NULL,
  `color_code` varchar(100) DEFAULT NULL,
  `icon_id` varchar(11) DEFAULT NULL,
  `position` int(11) DEFAULT NULL,
  `residence` varchar(200) DEFAULT NULL,
  `occupation` varchar(200) DEFAULT NULL,
  `employer` varchar(200) DEFAULT NULL,
  `county` varchar(200) DEFAULT NULL,
  `subcounty` varchar(200) DEFAULT NULL,
  `ward` varchar(200) DEFAULT NULL,
  `location` varchar(200) DEFAULT NULL,
  PRIMARY KEY (`id`),
  UNIQUE KEY `phone` (`phone`),
  KEY `fk_group_id` (`fk_group_id`),
  KEY `sys_users_ibfk_2` (`fk_management_id`),
  CONSTRAINT `sys_users_ibfk_1` FOREIGN KEY (`fk_group_id`) REFERENCES `re_group` (`id`) ON DELETE NO ACTION ON UPDATE CASCADE,
  CONSTRAINT `sys_users_ibfk_2` FOREIGN KEY (`fk_management_id`) REFERENCES `re_management` (`id`) ON DELETE NO ACTION ON UPDATE CASCADE
) ENGINE=InnoDB AUTO_INCREMENT=236 DEFAULT CHARSET=latin1;

/*Data for the table `sys_users` */

insert  into `sys_users`(`id`,`fk_group_id`,`fk_management_id`,`username`,`pass`,`name1`,`name2`,`name3`,`age`,`email`,`phone`,`id_number`,`address`,`date_added`,`gender`,`color_code`,`icon_id`,`position`,`residence`,`occupation`,`employer`,`county`,`subcounty`,`ward`,`location`) values 
(1,2,2,'karisa','$2y$13$vLlfRhW8Rb5JXww6WVvddewt7qZNVjkzICuYnVr6WIFzu/2WL3K.2','karisa','','nzaro',NULL,'','777748',NULL,'',NULL,'Male',NULL,NULL,NULL,NULL,NULL,NULL,NULL,NULL,NULL,NULL),
(15,2,2,'anne','$2y$13$vLlfRhW8Rb5JXww6WVvddewt7qZNVjkzICuYnVr6WIFzu/2WL3K.2','Anne','Wangari','Njigua',NULL,'anne@test.com','723397330',NULL,'',NULL,'Female',NULL,NULL,NULL,NULL,NULL,NULL,NULL,NULL,NULL,NULL),
(16,3,2,NULL,NULL,'Loice','Maku','Karisa',NULL,'','722393401','9876467','29, gede',NULL,'Female',NULL,NULL,NULL,'Matsangoni',NULL,NULL,NULL,NULL,NULL,NULL),
(17,4,2,NULL,NULL,'Price','','Mabula',NULL,'','2147483647','22115315','',NULL,'Male',NULL,NULL,NULL,'Freetown','','',NULL,NULL,NULL,NULL),
(18,4,2,NULL,NULL,'Delfina ','','Mkala',NULL,'','0710101010','','',NULL,'Female',NULL,NULL,NULL,'','','',NULL,NULL,NULL,NULL),
(19,4,2,NULL,NULL,'Sifa','','Thoya',NULL,'narshon@gmail.com','0710286776','25168571','',NULL,'Male',NULL,NULL,NULL,'Sasasasa','sassasa','wwqwq',NULL,NULL,NULL,NULL),
(20,4,2,NULL,NULL,'Josphine ','Andia','Baraka',NULL,'',NULL,'','',NULL,'Female',NULL,NULL,NULL,'',NULL,NULL,NULL,NULL,NULL,NULL),
(21,3,2,NULL,NULL,'Kajole','Kadenge','Unda',NULL,'','713100672','0052387','',NULL,'Male',NULL,NULL,NULL,'kibaoni',NULL,NULL,NULL,NULL,NULL,NULL),
(22,4,2,NULL,NULL,'Josphine ','','Chigamba',NULL,'',NULL,'','',NULL,'Female',NULL,NULL,NULL,'',NULL,NULL,NULL,NULL,NULL,NULL),
(23,4,2,NULL,NULL,'Mukii','chebitok','Agnes',NULL,'',NULL,'','',NULL,'Female',NULL,NULL,NULL,'',NULL,NULL,NULL,NULL,NULL,NULL),
(24,4,2,NULL,NULL,'Moses','','Masaai',NULL,'',NULL,'','',NULL,'Male',NULL,NULL,NULL,'',NULL,NULL,NULL,NULL,NULL,NULL),
(25,4,2,NULL,NULL,'Gladys','','mbuche',NULL,'',NULL,'','',NULL,'Female',NULL,NULL,NULL,'',NULL,NULL,NULL,NULL,NULL,NULL),
(26,4,2,NULL,NULL,'Ester','','Wacheke',NULL,'',NULL,'','',NULL,'Female',NULL,NULL,NULL,'',NULL,NULL,NULL,NULL,NULL,NULL),
(27,4,2,NULL,NULL,'Abdul','Ali','Hassan',NULL,'',NULL,'','',NULL,'Male',NULL,NULL,NULL,'',NULL,NULL,NULL,NULL,NULL,NULL),
(28,4,2,NULL,NULL,'Brian','','isaac',NULL,'',NULL,'','',NULL,'Male',NULL,NULL,NULL,'',NULL,NULL,NULL,NULL,NULL,NULL),
(29,4,2,NULL,NULL,'Japheth','Robinson','Mauya',NULL,'',NULL,'','',NULL,'Male',NULL,NULL,NULL,'',NULL,NULL,NULL,NULL,NULL,NULL),
(30,4,2,NULL,NULL,'Priscah','','Njeru',NULL,'',NULL,'','',NULL,'Female',NULL,NULL,NULL,'',NULL,NULL,NULL,NULL,NULL,NULL),
(31,4,2,NULL,NULL,'Joyce','m','Makau',NULL,'','','','',NULL,'Female',NULL,NULL,NULL,'',NULL,NULL,NULL,NULL,NULL,NULL),
(32,4,2,NULL,NULL,'Brendah','kosgoi','Bernard',NULL,'',NULL,'','',NULL,'Male',NULL,NULL,NULL,'',NULL,NULL,NULL,NULL,NULL,NULL),
(33,3,2,NULL,NULL,'Noyce','m','Katiku',NULL,'','722680560','','',NULL,'Male',NULL,NULL,NULL,'',NULL,NULL,NULL,NULL,NULL,NULL),
(34,4,2,NULL,NULL,'Sidi','','Tsuma',NULL,'',NULL,'','',NULL,'Female',NULL,NULL,NULL,'',NULL,NULL,NULL,NULL,NULL,NULL),
(35,4,2,NULL,NULL,'Salim','','Kaingu',NULL,'',NULL,'','',NULL,'Male',NULL,NULL,NULL,'',NULL,NULL,NULL,NULL,NULL,NULL),
(36,4,2,NULL,NULL,'Ester','Kadzo','Washe',NULL,'',NULL,'','',NULL,'Female',NULL,NULL,NULL,'',NULL,NULL,NULL,NULL,NULL,NULL),
(37,3,2,NULL,NULL,'Fatuma','','Bakari',NULL,'','724915879','','',NULL,'Female',NULL,NULL,NULL,'',NULL,NULL,NULL,NULL,NULL,NULL),
(38,4,2,NULL,NULL,'Zawadi','','Kazungu',NULL,'',NULL,'','',NULL,'Female',NULL,NULL,NULL,'',NULL,NULL,NULL,NULL,NULL,NULL),
(39,4,2,NULL,NULL,'Ephron ','','Mwashimba                                                               ',NULL,'',NULL,'','',NULL,'Male',NULL,NULL,NULL,'',NULL,NULL,NULL,NULL,NULL,NULL),
(40,4,2,NULL,NULL,'margeret','1','Karisa',NULL,'',NULL,'','',NULL,'',NULL,NULL,NULL,'',NULL,NULL,NULL,NULL,NULL,NULL),
(41,4,2,NULL,NULL,'margeret','1','Karisa',NULL,'',NULL,'','',NULL,'Female',NULL,NULL,NULL,'',NULL,NULL,NULL,NULL,NULL,NULL),
(42,4,2,NULL,NULL,'margeret','3','Karisa',NULL,'',NULL,'','',NULL,'Female',NULL,NULL,NULL,'',NULL,NULL,NULL,NULL,NULL,NULL),
(43,4,2,NULL,NULL,'Jocktan','','Karisa',NULL,'',NULL,'','',NULL,'Male',NULL,NULL,NULL,'',NULL,NULL,NULL,NULL,NULL,NULL),
(44,3,2,NULL,NULL,'Josphat ','Goe','Chirume',NULL,'','721831913','','',NULL,'Male',NULL,NULL,NULL,'',NULL,NULL,NULL,NULL,NULL,NULL),
(45,4,2,NULL,NULL,'Arnest ','','Kahindi',NULL,'',NULL,'','',NULL,'Male',NULL,NULL,NULL,'',NULL,NULL,NULL,NULL,NULL,NULL),
(46,4,2,NULL,NULL,'James','','Katana',NULL,'',NULL,'','',NULL,'Male',NULL,NULL,NULL,'',NULL,NULL,NULL,NULL,NULL,NULL),
(47,4,2,NULL,NULL,'Pole','Mwatua','Mwadzoya',NULL,'',NULL,'','',NULL,'Male',NULL,NULL,NULL,'',NULL,NULL,NULL,NULL,NULL,NULL),
(48,4,2,NULL,NULL,'Joshua','',' Kavutha',NULL,'',NULL,'','',NULL,'',NULL,NULL,NULL,'',NULL,NULL,NULL,NULL,NULL,NULL),
(49,4,2,NULL,NULL,'Elina ','','Taura',NULL,'',NULL,'','',NULL,'Female',NULL,NULL,NULL,'',NULL,NULL,NULL,NULL,NULL,NULL),
(50,4,2,NULL,NULL,'Neema','','Kazungu',NULL,'',NULL,'','',NULL,'Female',NULL,NULL,NULL,'',NULL,NULL,NULL,NULL,NULL,NULL),
(51,4,2,NULL,NULL,'Kima','Karisa','Kadenge',NULL,'',NULL,'','',NULL,'Male',NULL,NULL,NULL,'',NULL,NULL,NULL,NULL,NULL,NULL),
(52,4,2,NULL,NULL,'Morris','','Idd',NULL,'',NULL,'','',NULL,'Male',NULL,NULL,NULL,'',NULL,NULL,NULL,NULL,NULL,NULL),
(53,4,2,NULL,NULL,'Everlyne','',' Awino',NULL,'',NULL,'','',NULL,'Female',NULL,NULL,NULL,'',NULL,NULL,NULL,NULL,NULL,NULL),
(54,4,2,NULL,NULL,'Mangale','','k',NULL,'',NULL,'','',NULL,'',NULL,NULL,NULL,'',NULL,NULL,NULL,NULL,NULL,NULL),
(55,4,2,NULL,NULL,'Lasco ','Tzuma','Dominic',NULL,'',NULL,'','',NULL,'Male',NULL,NULL,NULL,'',NULL,NULL,NULL,NULL,NULL,NULL),
(56,4,2,NULL,NULL,'Simon ','rukia','Kadzo',NULL,'',NULL,'','',NULL,'Male',NULL,NULL,NULL,'',NULL,NULL,NULL,NULL,NULL,NULL),
(57,3,2,NULL,NULL,'Alice','Ngala','Kamina',NULL,'','721571289','8656185','',NULL,'Female',NULL,NULL,NULL,'',NULL,NULL,NULL,NULL,NULL,NULL),
(58,4,2,NULL,NULL,'Bwanaidi','','Wariojiouo',NULL,'',NULL,'','',NULL,'Male',NULL,NULL,NULL,'',NULL,NULL,NULL,NULL,NULL,NULL),
(59,4,2,NULL,NULL,'Stephen ','','Goe',NULL,'',NULL,'','',NULL,'Male',NULL,NULL,NULL,'',NULL,NULL,NULL,NULL,NULL,NULL),
(60,4,2,NULL,NULL,'Moses','n','Kombe',NULL,'',NULL,'','',NULL,'Male',NULL,NULL,NULL,'',NULL,NULL,NULL,NULL,NULL,NULL),
(61,4,2,NULL,NULL,'Peter','Mumbo','Rimba',NULL,'',NULL,'','',NULL,'Male',NULL,NULL,NULL,'',NULL,NULL,NULL,NULL,NULL,NULL),
(62,4,2,NULL,NULL,'Teresia','','Fikirini',NULL,'',NULL,'','',NULL,'Female',NULL,NULL,NULL,'',NULL,NULL,NULL,NULL,NULL,NULL),
(63,4,2,NULL,NULL,'DR','Ombati','Nyakundi',NULL,'',NULL,'','',NULL,'Male',NULL,NULL,NULL,'',NULL,NULL,NULL,NULL,NULL,NULL),
(64,3,2,NULL,NULL,'Paul ','','Kaingu',NULL,'',NULL,'','',NULL,'',NULL,NULL,NULL,'',NULL,NULL,NULL,NULL,NULL,NULL),
(65,4,2,NULL,NULL,'Michael','','Kalume',NULL,'',NULL,'','',NULL,'Male',NULL,NULL,NULL,'',NULL,NULL,NULL,NULL,NULL,NULL),
(66,3,2,NULL,NULL,'Rose','Mary','Mboja',NULL,'','720611923','2181849','',NULL,'Male',NULL,NULL,NULL,'',NULL,NULL,NULL,NULL,NULL,NULL),
(67,4,2,NULL,NULL,'Juma','Ali','Charo',NULL,'',NULL,'','',NULL,'Male',NULL,NULL,NULL,'',NULL,NULL,NULL,NULL,NULL,NULL),
(68,3,2,NULL,NULL,'Patience','Dhahabu','Charo',NULL,'','720906891','','',NULL,'Female',NULL,NULL,NULL,'',NULL,NULL,NULL,NULL,NULL,NULL),
(69,4,2,NULL,NULL,'Madina','Shida','Kenga',NULL,'',NULL,'','',NULL,'Female',NULL,NULL,NULL,'',NULL,NULL,NULL,NULL,NULL,NULL),
(70,4,2,NULL,NULL,'Mary','','Tunje',NULL,'',NULL,'','',NULL,'Female',NULL,NULL,NULL,'',NULL,NULL,NULL,NULL,NULL,NULL),
(71,4,2,NULL,NULL,'Mdzomba ','Guyo','Chembe',NULL,'',NULL,'','',NULL,'Male',NULL,NULL,NULL,'',NULL,NULL,NULL,NULL,NULL,NULL),
(72,4,2,NULL,NULL,'Sakina','','Mwadzombo',NULL,'',NULL,'','',NULL,'Female',NULL,NULL,NULL,'',NULL,NULL,NULL,NULL,NULL,NULL),
(73,3,2,NULL,NULL,'Elizabeth','','Kasiwa',NULL,'','725234289','','',NULL,'Female',NULL,NULL,NULL,'',NULL,NULL,NULL,NULL,NULL,NULL),
(74,4,2,NULL,NULL,'Frankline ','','Muthaura',NULL,'',NULL,'','',NULL,'Male',NULL,NULL,NULL,'',NULL,NULL,NULL,NULL,NULL,NULL),
(75,4,2,NULL,NULL,'Josehn','Stephen','Murima',NULL,'',NULL,'','',NULL,'Male',NULL,NULL,NULL,'',NULL,NULL,NULL,NULL,NULL,NULL),
(76,4,2,NULL,NULL,'Kennedy','','Karisa',NULL,'',NULL,'','',NULL,'Male',NULL,NULL,NULL,'',NULL,NULL,NULL,NULL,NULL,NULL),
(77,4,2,NULL,NULL,'Jackson','m','Mwamuye',NULL,'',NULL,'','',NULL,'Male',NULL,NULL,NULL,'',NULL,NULL,NULL,NULL,NULL,NULL),
(78,4,2,NULL,NULL,'Gladys','','Kombe',NULL,'',NULL,'','',NULL,'Female',NULL,NULL,NULL,'',NULL,NULL,NULL,NULL,NULL,NULL),
(79,4,2,NULL,NULL,'Guzo','','Muta',NULL,'',NULL,'','',NULL,'Male',NULL,NULL,NULL,'',NULL,NULL,NULL,NULL,NULL,NULL),
(80,4,2,NULL,NULL,'Jesca ','Charo','Shida',NULL,'',NULL,'','',NULL,'Female',NULL,NULL,NULL,'',NULL,NULL,NULL,NULL,NULL,NULL),
(81,4,2,NULL,NULL,'Abdhulaziz','','Mohhamed',NULL,'',NULL,'','',NULL,'Male',NULL,NULL,NULL,'',NULL,NULL,NULL,NULL,NULL,NULL),
(82,4,2,NULL,NULL,'Katana ','Karisa','Katana',NULL,'',NULL,'','',NULL,'Male',NULL,NULL,NULL,'',NULL,NULL,NULL,NULL,NULL,NULL),
(83,4,2,NULL,NULL,'Muriuki','','Joseph',NULL,'',NULL,'','',NULL,'Male',NULL,NULL,NULL,'',NULL,NULL,NULL,NULL,NULL,NULL),
(84,4,2,NULL,NULL,'Kai','','Kajembe',NULL,'',NULL,'','',NULL,'Male',NULL,NULL,NULL,'',NULL,NULL,NULL,NULL,NULL,NULL),
(85,3,2,NULL,NULL,'Killian','Mwatsuma','Kanyetta',NULL,'','733554280','4591261','',NULL,'Male',NULL,NULL,NULL,'',NULL,NULL,NULL,NULL,NULL,NULL),
(86,4,2,NULL,NULL,'Parrick ','Charo','Ponda',NULL,'',NULL,'','',NULL,'Male',NULL,NULL,NULL,'',NULL,NULL,NULL,NULL,NULL,NULL),
(87,4,2,NULL,NULL,'Shuhuli','','Mwamunda',NULL,'',NULL,'','',NULL,'Male',NULL,NULL,NULL,'',NULL,NULL,NULL,NULL,NULL,NULL),
(88,4,2,NULL,NULL,'George','','Mwachondo',NULL,'',NULL,'','',NULL,'Male',NULL,NULL,NULL,'',NULL,NULL,NULL,NULL,NULL,NULL),
(89,4,2,NULL,NULL,'Samuel','','Mwau',NULL,'',NULL,'','',NULL,'Male',NULL,NULL,NULL,'',NULL,NULL,NULL,NULL,NULL,NULL),
(90,4,2,NULL,NULL,'Nyawa','','Charo',NULL,'',NULL,'','',NULL,'Male',NULL,NULL,NULL,'',NULL,NULL,NULL,NULL,NULL,NULL),
(91,4,2,NULL,NULL,'Stephen','','Charo',NULL,'',NULL,'','',NULL,'Male',NULL,NULL,NULL,'',NULL,NULL,NULL,NULL,NULL,NULL),
(92,4,2,NULL,NULL,'AnnRose','','Karithi',NULL,'',NULL,'','',NULL,'Female',NULL,NULL,NULL,'',NULL,NULL,NULL,NULL,NULL,NULL),
(93,4,2,NULL,NULL,'Samuel','','Tsuma',NULL,'',NULL,'','',NULL,'',NULL,NULL,NULL,'',NULL,NULL,NULL,NULL,NULL,NULL),
(94,4,2,NULL,NULL,'Godwins','Alfred','Mwai',NULL,'',NULL,'','',NULL,'Male',NULL,NULL,NULL,'',NULL,NULL,NULL,NULL,NULL,NULL),
(95,4,2,NULL,NULL,'Stephen',' Otieno','Fredrick',NULL,'',NULL,'','',NULL,'Male',NULL,NULL,NULL,'',NULL,NULL,NULL,NULL,NULL,NULL),
(96,4,2,NULL,NULL,'Chirongo','','Mwangoka',NULL,'',NULL,'','',NULL,'Male',NULL,NULL,NULL,'',NULL,NULL,NULL,NULL,NULL,NULL),
(97,4,2,NULL,NULL,'Beartice','','Koki',NULL,'',NULL,'','',NULL,'Female',NULL,NULL,NULL,'',NULL,NULL,NULL,NULL,NULL,NULL),
(98,3,2,NULL,NULL,'Monicah ','','Mwananje',NULL,'',NULL,'','',NULL,'Female',NULL,NULL,NULL,'',NULL,NULL,NULL,NULL,NULL,NULL),
(99,4,2,NULL,NULL,'Salim','Bakari','Mweri',NULL,'',NULL,'','',NULL,'Male',NULL,NULL,NULL,'',NULL,NULL,NULL,NULL,NULL,NULL),
(100,4,2,NULL,NULL,'Nickson','m','Kiti',NULL,'',NULL,'','',NULL,'',NULL,NULL,NULL,'',NULL,NULL,NULL,NULL,NULL,NULL),
(101,4,2,NULL,NULL,'Fatuma','','Karembo',NULL,'',NULL,'','',NULL,'Female',NULL,NULL,NULL,'',NULL,NULL,NULL,NULL,NULL,NULL),
(102,4,2,NULL,NULL,'Salim','','Katana',NULL,'',NULL,'','',NULL,'Male',NULL,NULL,NULL,'',NULL,NULL,NULL,NULL,NULL,NULL),
(103,4,2,NULL,NULL,'Sheila','','Anyango',NULL,'',NULL,'','',NULL,'Female',NULL,NULL,NULL,'',NULL,NULL,NULL,NULL,NULL,NULL),
(104,4,2,NULL,NULL,'Everline ','','Wanjiku',NULL,'',NULL,'','',NULL,'Female',NULL,NULL,NULL,'',NULL,NULL,NULL,NULL,NULL,NULL),
(105,4,2,NULL,NULL,'John','','Ngunjiri',NULL,'',NULL,'','',NULL,'Male',NULL,NULL,NULL,'',NULL,NULL,NULL,NULL,NULL,NULL),
(106,4,2,NULL,NULL,'Joseph','Odelo','Leaky',NULL,'',NULL,'','',NULL,'Male',NULL,NULL,NULL,'',NULL,NULL,NULL,NULL,NULL,NULL),
(107,3,2,NULL,NULL,'Jenniffer','Mutheu','Mwamboi',NULL,'',NULL,'','',NULL,'Female',NULL,NULL,NULL,'',NULL,NULL,NULL,NULL,NULL,NULL),
(108,4,2,NULL,NULL,'John','Kithi','Ngombo',NULL,'',NULL,'','',NULL,'Male',NULL,NULL,NULL,'',NULL,NULL,NULL,NULL,NULL,NULL),
(109,4,2,NULL,NULL,'Chrispus','k','Kazungu',NULL,'',NULL,'','',NULL,'Male',NULL,NULL,NULL,'',NULL,NULL,NULL,NULL,NULL,NULL),
(110,4,2,NULL,NULL,'Mercy','','Katana',NULL,'',NULL,'','',NULL,'Female',NULL,NULL,NULL,'',NULL,NULL,NULL,NULL,NULL,NULL),
(111,4,2,NULL,NULL,'Carol','','Nzai',NULL,'',NULL,'','',NULL,'Female',NULL,NULL,NULL,'',NULL,NULL,NULL,NULL,NULL,NULL),
(112,4,2,NULL,NULL,'Daniel','','Jele',NULL,'',NULL,'','',NULL,'Male',NULL,NULL,NULL,'',NULL,NULL,NULL,NULL,NULL,NULL),
(113,4,2,NULL,NULL,'Milton','','Mbogo',NULL,'',NULL,'','',NULL,'Male',NULL,NULL,NULL,'',NULL,NULL,NULL,NULL,NULL,NULL),
(114,4,2,NULL,NULL,'Elizabeth','','Kitsao',NULL,'',NULL,'','',NULL,'Female',NULL,NULL,NULL,'',NULL,NULL,NULL,NULL,NULL,NULL),
(115,4,2,NULL,NULL,'Rehema','','Charo',NULL,'',NULL,'','',NULL,'Female',NULL,NULL,NULL,'',NULL,NULL,NULL,NULL,NULL,NULL),
(116,3,2,NULL,NULL,'Ester','P','Kea',NULL,'',NULL,'','',NULL,'Female',NULL,NULL,NULL,'',NULL,NULL,NULL,NULL,NULL,NULL),
(117,4,2,NULL,NULL,'Christoper','','Nyale',NULL,'',NULL,'','',NULL,'Male',NULL,NULL,NULL,'',NULL,NULL,NULL,NULL,NULL,NULL),
(118,4,2,NULL,NULL,'Charles','','Mbuthia',NULL,'',NULL,'','',NULL,'Male',NULL,NULL,NULL,'',NULL,NULL,NULL,NULL,NULL,NULL),
(119,4,2,NULL,NULL,'Emily','Hajilo','Buya',NULL,'',NULL,'','',NULL,'Female',NULL,NULL,NULL,'',NULL,NULL,NULL,NULL,NULL,NULL),
(120,3,2,NULL,NULL,'Patience','Dhahabu','Charo',NULL,'',NULL,'','',NULL,'Female',NULL,NULL,NULL,'',NULL,NULL,NULL,NULL,NULL,NULL),
(121,4,2,NULL,NULL,'Kaloleni','','Charo',NULL,'',NULL,'','',NULL,'Female',NULL,NULL,NULL,'',NULL,NULL,NULL,NULL,NULL,NULL),
(122,4,2,NULL,NULL,'Aisha','','Msinda',NULL,'',NULL,'','',NULL,'Female',NULL,NULL,NULL,'',NULL,NULL,NULL,NULL,NULL,NULL),
(123,4,2,NULL,NULL,'Kahindi','','Mitsanze',NULL,'',NULL,'','',NULL,'Male',NULL,NULL,NULL,'',NULL,NULL,NULL,NULL,NULL,NULL),
(124,4,2,NULL,NULL,'Veronicah','k','Kenga',NULL,'',NULL,'','',NULL,'Female',NULL,NULL,NULL,'',NULL,NULL,NULL,NULL,NULL,NULL),
(125,4,2,NULL,NULL,'Jumwa','','Wanje',NULL,'',NULL,'','',NULL,'Female',NULL,NULL,NULL,'',NULL,NULL,NULL,NULL,NULL,NULL),
(126,4,2,NULL,NULL,'Denis','','Mambo',NULL,'',NULL,'','',NULL,'Male',NULL,NULL,NULL,'',NULL,NULL,NULL,NULL,NULL,NULL),
(127,3,2,NULL,NULL,'Mercy','','Rodgers',NULL,'',NULL,'','',NULL,'Female',NULL,NULL,NULL,'',NULL,NULL,NULL,NULL,NULL,NULL),
(128,4,2,NULL,NULL,'Maurice','',' Kapendezo',NULL,'',NULL,'','',NULL,'Female',NULL,NULL,NULL,'',NULL,NULL,NULL,NULL,NULL,NULL),
(129,4,2,NULL,NULL,'Amina','','Bakari',NULL,'',NULL,'','',NULL,'Female',NULL,NULL,NULL,'',NULL,NULL,NULL,NULL,NULL,NULL),
(130,4,2,NULL,NULL,'Judith','','mbuche',NULL,'',NULL,'','',NULL,'Female',NULL,NULL,NULL,'',NULL,NULL,NULL,NULL,NULL,NULL),
(131,4,2,NULL,NULL,'Peter','Mwamuye','Lewa',NULL,'',NULL,'','',NULL,'Male',NULL,NULL,NULL,'',NULL,NULL,NULL,NULL,NULL,NULL),
(132,3,2,NULL,NULL,'Hassan','','Omar',NULL,'',NULL,'','',NULL,'Male',NULL,NULL,NULL,'',NULL,NULL,NULL,NULL,NULL,NULL),
(133,4,2,NULL,NULL,'Said','','Maitha',NULL,'',NULL,'','',NULL,'Male',NULL,NULL,NULL,'',NULL,NULL,NULL,NULL,NULL,NULL),
(134,4,2,NULL,NULL,'Joseph','','Nyamai',NULL,'',NULL,'','',NULL,'Male',NULL,NULL,NULL,'',NULL,NULL,NULL,NULL,NULL,NULL),
(135,4,2,NULL,NULL,'Gambari','','Mangale',NULL,'',NULL,'','',NULL,'Male',NULL,NULL,NULL,'',NULL,NULL,NULL,NULL,NULL,NULL),
(136,4,2,NULL,NULL,'Gambari','2','Mangale',NULL,'',NULL,'','',NULL,'',NULL,NULL,NULL,'',NULL,NULL,NULL,NULL,NULL,NULL),
(137,3,2,NULL,NULL,'Richard','','Changawa',NULL,'',NULL,'','',NULL,'Male',NULL,NULL,NULL,'',NULL,NULL,NULL,NULL,NULL,NULL),
(138,4,2,NULL,NULL,'Agnes','Patience','Amina',NULL,'',NULL,'','',NULL,'Female',NULL,NULL,NULL,'',NULL,NULL,NULL,NULL,NULL,NULL),
(139,4,2,NULL,NULL,'Tsuzi','','Ksiim',NULL,'',NULL,'','',NULL,'Female',NULL,NULL,NULL,'',NULL,NULL,NULL,NULL,NULL,NULL),
(140,4,2,NULL,NULL,'Julius','','Kalama',NULL,'',NULL,'','',NULL,'Male',NULL,NULL,NULL,'',NULL,NULL,NULL,NULL,NULL,NULL),
(141,4,2,NULL,NULL,'Joyce ','','Mnyazi',NULL,'',NULL,'','',NULL,'Female',NULL,NULL,NULL,'',NULL,NULL,NULL,NULL,NULL,NULL),
(142,4,2,NULL,NULL,'Elida','h','Lotan',NULL,'',NULL,'','',NULL,'Female',NULL,NULL,NULL,'',NULL,NULL,NULL,NULL,NULL,NULL),
(143,4,2,NULL,NULL,'Salama','','Baraka',NULL,'',NULL,'','',NULL,'Female',NULL,NULL,NULL,'',NULL,NULL,NULL,NULL,NULL,NULL),
(144,4,2,NULL,NULL,'Peter','','Charo',NULL,'',NULL,'','',NULL,'Male',NULL,NULL,NULL,'',NULL,NULL,NULL,NULL,NULL,NULL),
(145,3,2,NULL,NULL,'Newton','','Mwamoto',NULL,'',NULL,'','',NULL,'Male',NULL,NULL,NULL,'',NULL,NULL,NULL,NULL,NULL,NULL),
(146,4,2,NULL,NULL,'Josphat','Tiongi','Mwema',NULL,'',NULL,'','',NULL,'Male',NULL,NULL,NULL,'',NULL,NULL,NULL,NULL,NULL,NULL),
(147,4,2,NULL,NULL,'margeret','','Lewa',NULL,'',NULL,'','',NULL,'Female',NULL,NULL,NULL,'',NULL,NULL,NULL,NULL,NULL,NULL),
(148,4,2,NULL,NULL,'Judah','','Keah',NULL,'',NULL,'','',NULL,'Male',NULL,NULL,NULL,'',NULL,NULL,NULL,NULL,NULL,NULL),
(149,4,2,NULL,NULL,'Kyalo','','Kimanzi',NULL,'',NULL,'','',NULL,'Male',NULL,NULL,NULL,'',NULL,NULL,NULL,NULL,NULL,NULL),
(150,4,2,NULL,NULL,'Onesmus','','Gona',NULL,'',NULL,'','',NULL,'Male',NULL,NULL,NULL,'',NULL,NULL,NULL,NULL,NULL,NULL),
(151,4,2,NULL,NULL,'Kennedy','','Munyao',NULL,'',NULL,'','',NULL,'Male',NULL,NULL,NULL,'',NULL,NULL,NULL,NULL,NULL,NULL),
(152,4,2,NULL,NULL,'Abisaki','','Nechesa',NULL,'',NULL,'','',NULL,'Male',NULL,NULL,NULL,'',NULL,NULL,NULL,NULL,NULL,NULL),
(153,4,2,NULL,NULL,'Bosire','Joshua','Omwenga',NULL,'',NULL,'','',NULL,'Male',NULL,NULL,NULL,'',NULL,NULL,NULL,NULL,NULL,NULL),
(154,4,2,NULL,NULL,'John','','Saro',NULL,'',NULL,'','',NULL,'Male',NULL,NULL,NULL,'',NULL,NULL,NULL,NULL,NULL,NULL),
(155,4,2,NULL,NULL,'Stephen','','Lindah',NULL,'',NULL,'','',NULL,'Male',NULL,NULL,NULL,'',NULL,NULL,NULL,NULL,NULL,NULL),
(156,3,2,NULL,NULL,'Mary','Pendo','Mumba',NULL,'',NULL,'','',NULL,'Female',NULL,NULL,NULL,'',NULL,NULL,NULL,NULL,NULL,NULL),
(157,4,2,NULL,NULL,'Fredrick','','Deche',NULL,'',NULL,'','',NULL,'Male',NULL,NULL,NULL,'',NULL,NULL,NULL,NULL,NULL,NULL),
(158,4,2,NULL,NULL,'Everyne ','','Hawa',NULL,'',NULL,'','',NULL,'Female',NULL,NULL,NULL,'',NULL,NULL,NULL,NULL,NULL,NULL),
(159,4,2,NULL,NULL,'Peninah','','Fedha',NULL,'',NULL,'','',NULL,'Female',NULL,NULL,NULL,'',NULL,NULL,NULL,NULL,NULL,NULL),
(160,3,2,NULL,NULL,'Florence','','Katana',NULL,'',NULL,'','',NULL,'Female',NULL,NULL,NULL,'',NULL,NULL,NULL,NULL,NULL,NULL),
(161,3,2,NULL,NULL,'Florence','','Katana',NULL,'',NULL,'','',NULL,'Male',NULL,NULL,NULL,'',NULL,NULL,NULL,NULL,NULL,NULL),
(162,4,2,NULL,NULL,'Emmanuel','','Kombe',NULL,'',NULL,'','',NULL,'Male',NULL,NULL,NULL,'',NULL,NULL,NULL,NULL,NULL,NULL),
(163,4,2,NULL,NULL,'Robert','Chivtsi','Mwatemo',NULL,'',NULL,'','',NULL,'Male',NULL,NULL,NULL,'',NULL,NULL,NULL,NULL,NULL,NULL),
(164,4,2,NULL,NULL,'James','Kombe','enock',NULL,'',NULL,'','',NULL,'Male',NULL,NULL,NULL,'',NULL,NULL,NULL,NULL,NULL,NULL),
(165,4,2,NULL,NULL,'Rose','Mugii','Mbura',NULL,'',NULL,'','',NULL,'Female',NULL,NULL,NULL,'',NULL,NULL,NULL,NULL,NULL,NULL),
(166,4,2,NULL,NULL,'Charo','','Kitsao',NULL,'',NULL,'','',NULL,'Male',NULL,NULL,NULL,'',NULL,NULL,NULL,NULL,NULL,NULL),
(167,4,2,NULL,NULL,'Henry','','Sande',NULL,'',NULL,'','',NULL,'Male',NULL,NULL,NULL,'',NULL,NULL,NULL,NULL,NULL,NULL),
(168,4,2,NULL,NULL,'Kalume','Ngumbao','Kithi',NULL,'',NULL,'','',NULL,'Male',NULL,NULL,NULL,'',NULL,NULL,NULL,NULL,NULL,NULL),
(169,4,2,NULL,NULL,'margeret','','Kaladze',NULL,'',NULL,'','',NULL,'Female',NULL,NULL,NULL,'',NULL,NULL,NULL,NULL,NULL,NULL),
(170,4,2,NULL,NULL,'Slyvester','','Ronald',NULL,'',NULL,'','',NULL,'Male',NULL,NULL,NULL,'',NULL,NULL,NULL,NULL,NULL,NULL),
(171,4,2,NULL,NULL,'Reuben','Mwatemo','Chivtsi',NULL,'',NULL,'','',NULL,'Male',NULL,NULL,NULL,'',NULL,NULL,NULL,NULL,NULL,NULL),
(172,4,2,NULL,NULL,'Ananiah','','Amani',NULL,'',NULL,'','',NULL,'Male',NULL,NULL,NULL,'',NULL,NULL,NULL,NULL,NULL,NULL),
(173,4,2,NULL,NULL,'Jackson','','Hara',NULL,'',NULL,'','',NULL,'Male',NULL,NULL,NULL,'',NULL,NULL,NULL,NULL,NULL,NULL),
(174,4,2,NULL,NULL,'Pauline','','K',NULL,'',NULL,'','',NULL,'',NULL,NULL,NULL,'',NULL,NULL,NULL,NULL,NULL,NULL),
(175,3,2,NULL,NULL,'Linah','','Hiribae',NULL,'',NULL,'','',NULL,'Female',NULL,NULL,NULL,'',NULL,NULL,NULL,NULL,NULL,NULL),
(176,4,2,NULL,NULL,'Anne','Wangari','Njigua',NULL,'',NULL,'','',NULL,'Female',NULL,NULL,NULL,'',NULL,NULL,NULL,NULL,NULL,NULL),
(177,3,2,NULL,NULL,'Hassan','','Swaleh',NULL,'',NULL,'','',NULL,'Female',NULL,NULL,NULL,'',NULL,NULL,NULL,NULL,NULL,NULL),
(178,4,2,NULL,NULL,'Khadijah','','Said',NULL,'',NULL,'','',NULL,'Female',NULL,NULL,NULL,'',NULL,NULL,NULL,NULL,NULL,NULL),
(179,3,2,NULL,NULL,'Karisa','Katana','Nasoro',NULL,'',NULL,'','',NULL,'Male',NULL,NULL,NULL,'',NULL,NULL,NULL,NULL,NULL,NULL),
(180,4,2,NULL,NULL,'Mary','Akinyi','Harriet',NULL,'',NULL,'','',NULL,'Female',NULL,NULL,NULL,'',NULL,NULL,NULL,NULL,NULL,NULL),
(181,4,2,NULL,NULL,'Emmaculate','','Omolo',NULL,'',NULL,'','',NULL,'Female',NULL,NULL,NULL,'',NULL,NULL,NULL,NULL,NULL,NULL),
(182,4,2,NULL,NULL,'Ndolo','','Julius',NULL,'',NULL,'','',NULL,'Male',NULL,NULL,NULL,'',NULL,NULL,NULL,NULL,NULL,NULL),
(183,4,2,NULL,NULL,'Juma','','Abdalla',NULL,'',NULL,'','',NULL,'Male',NULL,NULL,NULL,'',NULL,NULL,NULL,NULL,NULL,NULL),
(184,4,2,NULL,NULL,'Victor','Kania','Mutuku',NULL,'',NULL,'','',NULL,'Male',NULL,NULL,NULL,'',NULL,NULL,NULL,NULL,NULL,NULL),
(185,4,2,NULL,NULL,'Ochieng','','Stephen',NULL,'',NULL,'','',NULL,'Male',NULL,NULL,NULL,'',NULL,NULL,NULL,NULL,NULL,NULL),
(186,3,2,NULL,NULL,'Edward','Mwatunza','Mundu',NULL,'',NULL,'','',NULL,'Male',NULL,NULL,NULL,'',NULL,NULL,NULL,NULL,NULL,NULL),
(187,4,2,NULL,NULL,'Salim','','Kithi',NULL,'',NULL,'','',NULL,'Male',NULL,NULL,NULL,'',NULL,NULL,NULL,NULL,NULL,NULL),
(188,4,2,NULL,NULL,'George','','Othuon',NULL,'',NULL,'','',NULL,'Male',NULL,NULL,NULL,'',NULL,NULL,NULL,NULL,NULL,NULL),
(189,4,2,NULL,NULL,'Everlyne','Dama','Angore',NULL,'',NULL,'','',NULL,'Female',NULL,NULL,NULL,'',NULL,NULL,NULL,NULL,NULL,NULL),
(190,4,2,NULL,NULL,'Saiboku','m','Mollel',NULL,'',NULL,'','',NULL,'Male',NULL,NULL,NULL,'',NULL,NULL,NULL,NULL,NULL,NULL),
(191,4,2,NULL,NULL,'Agnes','Samini','Chefu',NULL,'',NULL,'','',NULL,'Female',NULL,NULL,NULL,'',NULL,NULL,NULL,NULL,NULL,NULL),
(192,3,2,NULL,NULL,'Loyce','Dhahabu','Mtwana',NULL,'',NULL,'','',NULL,'Female',NULL,NULL,NULL,'',NULL,NULL,NULL,NULL,NULL,NULL),
(193,4,2,NULL,NULL,'Nyiramafaranga ','','Adidja',NULL,'',NULL,'','',NULL,'Female',NULL,NULL,NULL,'',NULL,NULL,NULL,NULL,NULL,NULL),
(194,4,2,NULL,NULL,'Philip','Onsase','Nyakundi',NULL,'',NULL,'','',NULL,'Male',NULL,NULL,NULL,'',NULL,NULL,NULL,NULL,NULL,NULL),
(195,4,2,NULL,NULL,'Ramadhani','Saidi','Ramadhani',NULL,'',NULL,'','',NULL,'Male',NULL,NULL,NULL,'',NULL,NULL,NULL,NULL,NULL,NULL),
(196,3,2,NULL,NULL,'Salama','','Matano',NULL,'',NULL,'','',NULL,'Female',NULL,NULL,NULL,'',NULL,NULL,NULL,NULL,NULL,NULL),
(197,4,2,NULL,NULL,'Peter','Muema','Maluki',NULL,'',NULL,'','',NULL,'Male',NULL,NULL,NULL,'',NULL,NULL,NULL,NULL,NULL,NULL),
(198,3,2,NULL,NULL,'Jimmy','Mwambegu','Mumba',NULL,'',NULL,'','',NULL,'Male',NULL,NULL,NULL,'',NULL,NULL,NULL,NULL,NULL,NULL),
(199,4,2,NULL,NULL,'Beatrice','','Jambo',NULL,'',NULL,'','',NULL,'Female',NULL,NULL,NULL,'',NULL,NULL,NULL,NULL,NULL,NULL),
(200,3,2,NULL,NULL,'Daniel','Lewa','Dzombo',NULL,'',NULL,'','',NULL,'Male',NULL,NULL,NULL,'',NULL,NULL,NULL,NULL,NULL,NULL),
(201,4,2,NULL,NULL,'Lavenda','','Ayoti',NULL,'',NULL,'','',NULL,'Female',NULL,NULL,NULL,'',NULL,NULL,NULL,NULL,NULL,NULL),
(202,4,2,NULL,NULL,'Baraka','','Kazungu',NULL,'',NULL,'','',NULL,'Male',NULL,NULL,NULL,'',NULL,NULL,NULL,NULL,NULL,NULL),
(203,4,2,NULL,NULL,'Benson','Ruma','Mangale',NULL,'',NULL,'','',NULL,'Male',NULL,NULL,NULL,'',NULL,NULL,NULL,NULL,NULL,NULL),
(204,4,2,NULL,NULL,'Josphat','','Kiti',NULL,'',NULL,'','',NULL,'Male',NULL,NULL,NULL,'',NULL,NULL,NULL,NULL,NULL,NULL),
(205,4,2,NULL,NULL,'Julius','','Katoto',NULL,'',NULL,'','',NULL,'Male',NULL,NULL,NULL,'',NULL,NULL,NULL,NULL,NULL,NULL),
(206,4,2,NULL,NULL,'Susan','','Maluki',NULL,'',NULL,'','',NULL,'Female',NULL,NULL,NULL,'',NULL,NULL,NULL,NULL,NULL,NULL),
(207,4,2,NULL,NULL,'Francis','','Chivatsi',NULL,'',NULL,'','',NULL,'Male',NULL,NULL,NULL,'',NULL,NULL,NULL,NULL,NULL,NULL),
(208,4,2,NULL,NULL,'Hamisi','','Mbura',NULL,'',NULL,'','',NULL,'',NULL,NULL,NULL,'',NULL,NULL,NULL,NULL,NULL,NULL),
(209,3,2,NULL,NULL,'Lenox ','','Mkutanoni',NULL,'',NULL,'','',NULL,'Male',NULL,NULL,NULL,'',NULL,NULL,NULL,NULL,NULL,NULL),
(210,4,2,NULL,NULL,'Dorah ','','Kinyeu',NULL,'',NULL,'','',NULL,'Female',NULL,NULL,NULL,'',NULL,NULL,NULL,NULL,NULL,NULL),
(211,4,2,NULL,NULL,'Shamsa','','Suleiman',NULL,'',NULL,'','',NULL,'Female',NULL,NULL,NULL,'',NULL,NULL,NULL,NULL,NULL,NULL),
(212,4,2,NULL,NULL,'Laymax','','Mwamuye',NULL,'',NULL,'','',NULL,'Male',NULL,NULL,NULL,'',NULL,NULL,NULL,NULL,NULL,NULL),
(213,4,2,NULL,NULL,'David','','Charo',NULL,'',NULL,'','',NULL,'Male',NULL,NULL,NULL,'',NULL,NULL,NULL,NULL,NULL,NULL),
(214,4,2,NULL,NULL,'Amos ','','Masha',NULL,'',NULL,'','',NULL,'Male',NULL,NULL,NULL,'',NULL,NULL,NULL,NULL,NULL,NULL),
(215,4,2,NULL,NULL,'James','','Iha',NULL,'',NULL,'','',NULL,'Male',NULL,NULL,NULL,'',NULL,NULL,NULL,NULL,NULL,NULL),
(216,4,2,NULL,NULL,'Nelson','','Mandela',NULL,'',NULL,'','',NULL,'Male',NULL,NULL,NULL,'',NULL,NULL,NULL,NULL,NULL,NULL),
(217,4,2,NULL,NULL,'Davine','Irene','Amond',NULL,'',NULL,'','',NULL,'Female',NULL,NULL,NULL,'',NULL,NULL,NULL,NULL,NULL,NULL),
(218,4,2,NULL,NULL,'Eric','','Mwangiri',NULL,'',NULL,'','',NULL,'Male',NULL,NULL,NULL,'',NULL,NULL,NULL,NULL,NULL,NULL),
(219,4,2,NULL,NULL,'Mark s. Ndurya','','Katana Mwango',NULL,'',NULL,'','',NULL,'Male',NULL,NULL,NULL,'',NULL,NULL,NULL,NULL,NULL,NULL),
(221,3,2,NULL,NULL,'Agnes','bendera','Nzai',NULL,'','0723397330','','',NULL,'Female',NULL,NULL,NULL,'',NULL,NULL,NULL,NULL,NULL,NULL),
(223,4,2,NULL,NULL,'Rehema','','luwali',NULL,'','0712829419','','','2017-08-26 12:18:47','Female',NULL,NULL,NULL,'','','',NULL,NULL,NULL,NULL),
(224,4,2,NULL,NULL,'agnes ','luvuno','munga',NULL,'','0721531069','','','2017-08-26 12:23:03','Female',NULL,NULL,NULL,'','','',NULL,NULL,NULL,NULL),
(225,4,2,NULL,NULL,'mama','','zuberi',NULL,'','0721531664','','','2017-08-26 12:23:55','Female',NULL,NULL,NULL,'','','',NULL,NULL,NULL,NULL),
(226,4,2,NULL,NULL,'mtunga','','m',NULL,'','0721554044','','','2017-08-26 12:27:39','Male',NULL,NULL,NULL,'','','',NULL,NULL,NULL,NULL),
(227,3,2,NULL,NULL,'Elida','','Auma',NULL,'test@test.com','0710101014','2323232','','2018-03-21 19:52:24','Female',NULL,NULL,NULL,'Kikambala',NULL,NULL,NULL,NULL,NULL,NULL),
(228,4,2,NULL,NULL,'Rosemary','','Awuor',NULL,'rsy@test.com','0710101015','25167171','','2018-03-21 19:59:33','Female',NULL,NULL,NULL,'Kikambala','IT','',NULL,NULL,NULL,NULL),
(231,4,2,NULL,NULL,'asaasas','','asasasa',NULL,'narshon5@gmail.com','0710286779','25168575','','2018-04-13 12:42:58','Male',NULL,NULL,NULL,'','','',NULL,NULL,NULL,NULL),
(232,4,2,NULL,NULL,'Pendo','','Achacha',NULL,'narshon6@gmail.com','0710286778','25168573','','2018-04-13 12:47:31','Male',NULL,NULL,NULL,'','','',NULL,NULL,NULL,NULL),
(233,3,2,NULL,NULL,'Irene','','Omeda',NULL,'','07102867788','2424242424','','2018-04-14 07:31:06','Female',NULL,NULL,NULL,'Kilfi',NULL,NULL,NULL,NULL,NULL,NULL),
(234,4,2,NULL,NULL,'Lelo','','Chicharito',NULL,'narshon7@gmail.com','0737272727','225552525','asasasa','2018-04-14 10:58:53','Male',NULL,NULL,NULL,'Budacho','sassasa','wwqwq','Kilifi','Kilifi south','Chasimba','Chonyi'),
(235,4,2,NULL,NULL,'Morris','','Xuma',NULL,'narshon8@gmail.com','0710286799','2424242425','asasasasas','2018-04-14 11:03:32','Male',NULL,NULL,NULL,'Budacho','','','Kilifi','Kilifi south','Chasimba','Chonyi');

/*!40101 SET SQL_MODE=@OLD_SQL_MODE */;
/*!40014 SET FOREIGN_KEY_CHECKS=@OLD_FOREIGN_KEY_CHECKS */;
/*!40014 SET UNIQUE_CHECKS=@OLD_UNIQUE_CHECKS */;
/*!40111 SET SQL_NOTES=@OLD_SQL_NOTES */;
